-- phpMyAdmin SQL Dump
-- version 3.5.2
-- http://www.phpmyadmin.net
--
-- Host: 127.0.0.1
-- Generation Time: Apr 09, 2017 at 03:49 PM
-- Server version: 5.5.25a
-- PHP Version: 5.4.4

SET SQL_MODE="NO_AUTO_VALUE_ON_ZERO";
SET time_zone = "+00:00";


/*!40101 SET @OLD_CHARACTER_SET_CLIENT=@@CHARACTER_SET_CLIENT */;
/*!40101 SET @OLD_CHARACTER_SET_RESULTS=@@CHARACTER_SET_RESULTS */;
/*!40101 SET @OLD_COLLATION_CONNECTION=@@COLLATION_CONNECTION */;
/*!40101 SET NAMES utf8 */;

--
-- Database: `roseau`
--

-- --------------------------------------------------------

--
-- Table structure for table `catalogue`
--

CREATE TABLE IF NOT EXISTS `catalogue` (
  `id` bigint(20) NOT NULL AUTO_INCREMENT,
  `definition_id` int(11) NOT NULL,
  `call_id` varchar(20) NOT NULL DEFAULT '',
  `credits` bigint(20) NOT NULL DEFAULT '0',
  `category` char(3) NOT NULL DEFAULT '',
  UNIQUE KEY `call_id` (`call_id`),
  KEY `id` (`id`)
) ENGINE=MyISAM  DEFAULT CHARSET=latin1 AUTO_INCREMENT=102 ;

--
-- Dumping data for table `catalogue`
--

INSERT INTO `catalogue` (`id`, `definition_id`, `call_id`, `credits`, `category`) VALUES
(1, 2544, 'EHP', 2, 'A1'),
(2, 2556, 'BHP', 2, 'A1'),
(3, 2581, 'DHP', 2, 'A1'),
(4, 1179, 'ovi', 5, 'a2'),
(5, 1180, 'ovi2', 3, 'a2'),
(6, 1181, 'ovi3', 4, 'a2'),
(8, 1105, 'PIZ', 2, 'A1'),
(9, 1106, 'DRK', 2, 'A1'),
(10, 1112, 'PUL', 1, 'A2'),
(11, 1126, 'RTV', 3, 'A2'),
(12, 1127, 'WTV', 4, 'A2'),
(13, 1155, 'DIGITV', 6, 'A2'),
(14, 1157, 'LAVUAARI', 3, 'A1'),
(15, 1158, 'PYTTYSIN', 2, 'A2'),
(16, 1161, 'PYTTYPUN', 2, 'A2'),
(17, 1162, 'PYTTYKELT', 2, 'A2'),
(18, 1156, 'AMME', 6, 'A2'),
(19, 1160, 'KAAKELISIN', 2, 'A2'),
(20, 1163, 'KAAKELIPUN', 2, 'A2'),
(21, 1164, 'KAAKELIKELT', 2, 'A2'),
(22, 1136, 'GIRLSTP', 3, 'A1'),
(23, 1137, 'GIRLS1P', 3, 'A1'),
(24, 1138, 'GIRLS2P', 4, 'A2'),
(25, 1139, 'GIRLSHP', 4, 'A2'),
(26, 1045, 'MURLOVE', 4, 'A2'),
(27, 1019, 'STP', 3, 'A1'),
(28, 2556, 'B9P', 2, 'A1'),
(29, 1159, 'KUMIANKKA', 1, 'A1'),
(30, 1044, 'RMA', 2, 'A1'),
(31, 1118, 'BJA', 1, 'A1'),
(32, 1116, 'BAA', 4, 'A2'),
(33, 1041, 'JLA', 2, 'A1'),
(34, 1039, 'JAA', 1, 'A1'),
(35, 1038, 'PPA', 2, 'A1'),
(36, 1042, 'S1A', 2, 'A1'),
(37, 1032, 'S2A', 3, 'A2'),
(38, 1040, 'TAA', 4, 'A2'),
(39, 1035, 'KHA', 3, 'A1'),
(40, 1177, 'KYA', 2, 'A2'),
(41, 1174, 'STN', 3, 'A2'),
(42, 1015, 'TUN', 2, 'A1'),
(43, 1014, 'PEN', 2, 'A1'),
(44, 2410, 'PYN', 2, 'A1'),
(45, 1001, 'HYN', 3, 'A1'),
(46, 1175, 'PSN', 4, 'A2'),
(48, 1029, 'S1S', 3, 'A1'),
(49, 1030, 'S2S', 3, 'A1'),
(50, 1003, 'KHS', 3, 'A1'),
(51, 1007, 'PYS', 2, 'A1'),
(52, 1013, 'SHS', 3, 'A1'),
(53, 1021, 'STS', 2, 'A1'),
(54, -1, 'TLP', 20, 'A2'),
(55, 1012, 'TUS', 2, 'A1'),
(56, 1031, 'PPS', 1, 'A1'),
(57, 2573, 'CHP', 2, 'A1'),
(58, 2592, 'AHP', 0, 'A1'),
(59, 2600, 'PL1', 2, 'A2'),
(60, 1037, 'PIA', 3, 'A2'),
(61, 1036, 'PEA', 2, 'A1'),
(62, 1117, 'BTA', 3, 'A1'),
(63, 1140, 'S1BVALKO', 2, 'A1'),
(64, 1141, 'S2BVALKO', 3, 'A1'),
(65, 1033, 'S1B', 2, 'A1'),
(66, 1034, 'S2B', 3, 'A1'),
(67, 1172, 'BABA', 4, 'A2'),
(68, 1178, 'FDG', 6, 'A2'),
(69, 1176, 'BLMP', 3, 'A1'),
(70, 1026, 'S1P', 3, 'A1'),
(71, 1004, 'PPP', 1, 'A1'),
(72, 1005, 'TUP', 2, 'A1'),
(73, -1, 'SHP', 4, 'A2'),
(74, 1025, 'S2P', 3, 'A2'),
(75, 1016, 'PMP', 3, 'A1'),
(76, 1011, 'LTP', 1, 'A1'),
(77, 1113, 'BTP', 2, 'A1'),
(78, 1114, 'BKP', 2, 'A1'),
(79, 1110, 'BAP', 5, 'A2'),
(80, 1002, 'KHP', 4, 'A2'),
(81, 1017, 'OSB', 1, 'A1'),
(82, 1142, 'ANANAS', 2, 'A1'),
(83, 1144, 'PIKKUKAKTUS', 1, 'A1'),
(84, 1143, 'PUU', 2, 'A1'),
(85, 1145, 'BONSAI', 3, 'A2'),
(86, 1147, 'JUKKA', 3, 'A2'),
(87, 1146, 'ISOKAKTUS', 2, 'A2'),
(88, 1154, 'RUUSU', 3, 'A2'),
(89, 1153, 'AURINKO', 3, 'A2'),
(90, 2409, 'juliste', 5, ''),
(91, 2407, 'L', 2, ''),
(92, 2408, 'T', 2, ''),
(93, 1043, 'BM7', 2, ''),
(94, 1152, 'BMC', 2, ''),
(95, 1151, 'BMB', 2, ''),
(96, 1066, 'BMA', 2, ''),
(97, 1060, 'BM5', 2, ''),
(98, 1149, 'BM9', 2, ''),
(99, 1148, 'BM8', 2, ''),
(100, 1052, 'BM2', 2, ''),
(101, 1103, 'BM1', 2, '');

-- --------------------------------------------------------

--
-- Table structure for table `items`
--

CREATE TABLE IF NOT EXISTS `items` (
  `id` int(11) NOT NULL AUTO_INCREMENT,
  `user_id` int(11) NOT NULL,
  `item_id` int(11) NOT NULL,
  `room_id` int(11) NOT NULL DEFAULT '0',
  `x` varchar(50) NOT NULL DEFAULT '0',
  `y` varchar(5) NOT NULL DEFAULT '0',
  `z` varchar(5) NOT NULL DEFAULT '0',
  `rotation` float NOT NULL DEFAULT '0',
  `extra_data` varchar(100) DEFAULT NULL,
  PRIMARY KEY (`id`)
) ENGINE=InnoDB  DEFAULT CHARSET=latin1 AUTO_INCREMENT=43 ;

--
-- Dumping data for table `items`
--

INSERT INTO `items` (`id`, `user_id`, `item_id`, `room_id`, `x`, `y`, `z`, `rotation`, `extra_data`) VALUES
(17, 5, 1003, 42, '2', '3', '0.0', 2, ''),
(18, 5, 1013, 42, '4', '7', '0.0', 4, ''),
(19, 5, 1007, 42, '4', '9', '0.0', 0, ''),
(20, 5, 1143, 42, '2', '7', '0.0', 0, ''),
(21, 5, 1013, 42, '2', '8', '0.0', 2, ''),
(22, 5, 1176, 42, '6', '7', '0.0', 0, ''),
(23, 5, 1172, 42, '4', '3', '0.0', 4, ''),
(24, 5, 1142, 42, '7', '3', '0.0', 0, ''),
(25, 5, 1142, 42, '11', '3', '0.0', 0, ''),
(26, 5, 1044, 42, '2', '5', '0.0', 2, ''),
(27, 5, 1178, 42, '2', '10', '0.0', 2, ''),
(28, 5, 1127, 43, '5', '11', '0.0', 0, ''),
(29, 5, 1155, 42, '8', '3', '0.0', 2, ''),
(30, 5, 1017, 43, '6', '3', '0.0', 0, ''),
(31, 5, 1043, 42, '9', '6', '0.0', 0, ''),
(32, 5, 1105, 42, '5', '9', '1.0', 0, ''),
(33, 5, 1106, 42, '6', '3', '0.0', 0, ''),
(34, 5, 1103, 0, '0', '0', '0', 0, ''),
(35, 5, 1052, 0, '0', '0', '0', 0, ''),
(36, 5, 1148, 0, '0', '0', '0', 0, ''),
(37, 5, 1149, 0, '0', '0', '0', 0, ''),
(38, 5, 1060, 0, '0', '0', '0', 0, ''),
(39, 5, 1066, 0, '0', '0', '0', 0, ''),
(40, 5, 1151, 0, '0', '0', '0', 0, ''),
(41, 5, 1152, 0, '0', '0', '0', 0, ''),
(42, 5, 1043, 0, '0', '0', '0', 0, '');

-- --------------------------------------------------------

--
-- Table structure for table `item_definitions`
--

CREATE TABLE IF NOT EXISTS `item_definitions` (
  `id` int(10) NOT NULL AUTO_INCREMENT,
  `sprite` varchar(100) COLLATE latin1_general_ci NOT NULL,
  `color` varchar(100) CHARACTER SET latin1 NOT NULL,
  `length` tinyint(2) NOT NULL,
  `width` tinyint(2) NOT NULL,
  `height` float NOT NULL,
  `dataclass` varchar(50) CHARACTER SET latin1 NOT NULL,
  `behaviour` varchar(25) CHARACTER SET latin1 NOT NULL,
  `name` varchar(100) COLLATE latin1_general_ci NOT NULL DEFAULT 'Unknown name',
  `description` varchar(150) COLLATE latin1_general_ci NOT NULL DEFAULT 'Unknown description',
  PRIMARY KEY (`id`)
) ENGINE=MyISAM  DEFAULT CHARSET=latin1 COLLATE=latin1_general_ci AUTO_INCREMENT=2625 ;

--
-- Dumping data for table `item_definitions`
--

INSERT INTO `item_definitions` (`id`, `sprite`, `color`, `length`, `width`, `height`, `dataclass`, `behaviour`, `name`, `description`) VALUES
(5, 'left_wallmask_1', '', 0, 0, 0.01, 'NULL', 'PF', 'Unknown name', 'Unknown description'),
(1, 'left_wallpart_0', '', 0, 0, 0.01, 'NULL', 'PF', 'Unknown name', 'Unknown description'),
(2, 'left_wallmask_0', '', 0, 0, 0.01, 'NULL', 'PF', 'Unknown name', 'Unknown description'),
(3, 'right_wallpart_0', '', 0, 0, 0.01, 'NULL', 'PF', 'Unknown name', 'Unknown description'),
(4, 'left_wallpart_1', '', 0, 0, 0.01, 'NULL', 'PF', 'Unknown name', 'Unknown description'),
(8, 'right_wallpart_1', '', 0, 0, 0.01, 'NULL', 'PF', 'Unknown name', 'Unknown description'),
(9, 'left_wallend_0', '', 0, 0, 0.01, 'NULL', 'PF', 'Unknown name', 'Unknown description'),
(10, 'right_wallend_0', '', 0, 0, 0.01, 'NULL', 'PF', 'Unknown name', 'Unknown description'),
(11, 'left_wallpart2_0', '', 0, 0, 0.01, 'NULL', 'PF', 'Unknown name', 'Unknown description'),
(12, 'right_wallpart2_0', '', 0, 0, 0.01, 'NULL', 'PF', 'Unknown name', 'Unknown description'),
(13, 'left_wallpart2_1', '', 0, 0, 0.01, 'NULL', 'PF', 'Unknown name', 'Unknown description'),
(14, 'right_wallpart2_1', '', 0, 0, 0.01, 'NULL', 'PF', 'Unknown name', 'Unknown description'),
(15, 'left_wallend2_0', '', 0, 0, 0.01, 'NULL', 'PF', 'Unknown name', 'Unknown description'),
(16, 'right_wallend2_0', '', 0, 0, 0.01, 'NULL', 'PF', 'Unknown name', 'Unknown description'),
(17, 'right_stairs1_0', '', 0, 0, 0.01, 'NULL', 'PF', 'Unknown name', 'Unknown description'),
(18, 'right_stairs1_1', '', 0, 0, 0.01, 'NULL', 'PF', 'Unknown name', 'Unknown description'),
(19, 'right_stairs2_0', '', 0, 0, 0.01, 'NULL', 'PF', 'Unknown name', 'Unknown description'),
(20, 'right_stairs2_1', '', 0, 0, 0.01, 'NULL', 'PF', 'Unknown name', 'Unknown description'),
(21, 'left_stairs1_0', '', 0, 0, 0.01, 'NULL', 'PF', 'Unknown name', 'Unknown description'),
(22, 'left_stairs1_1', '', 0, 0, 0.01, 'NULL', 'PF', 'Unknown name', 'Unknown description'),
(23, 'left_stairs2_0', '', 0, 0, 0.01, 'NULL', 'PF', 'Unknown name', 'Unknown description'),
(24, 'left_stairs2_1', '', 0, 0, 0.01, 'NULL', 'PF', 'Unknown name', 'Unknown description'),
(1001, 'shelves_norja', '*ffffff,*F7EBBC', 1, 1, 2, 'NULL', 'SF', 'Bookcase', 'For nic naks and art deco books'),
(1002, 'shelves_polyfon', '0,0,0', 2, 1, 1, 'NULL', 'SF', 'Bookcase', 'For the arty pad'),
(1003, 'shelves_silo', '0,0,0', 2, 1, 0.01, 'NULL', 'SF', 'Bookcase', 'For nic naks and art deco books'),
(1005, 'chair_polyfon', '0,0,0', 1, 1, 1, 'NULL', 'SFC', 'Dining Chair', 'Metallic seating experience'),
(1011, 'stand_polyfon_z', '0,0,0', 1, 1, 0.5, 'NULL', 'SFH', 'Shelf', 'Tidy up'),
(1012, 'chair_silo', '*ffffff,*ffffff,*ABD0D2,*ABD0D2', 1, 1, 1, 'NULL', 'SFC', 'Dining Chair', 'Keep it simple'),
(1013, 'sofa_silo', '*ffffff,*ffffff,*ffffff,*ffffff,*ABD0D2,*ABD0D2,*ABD0D2,*ABD0D2', 2, 1, 1, 'NULL', 'SFC', 'Two-Seater Sofa', 'Cushioned, understated comfort'),
(1014, 'couch_norja', '*ffffff,*ffffff,*ffffff,*ffffff,*F7EBBC,*F7EBBC,*F7EBBC,*F7EBBC', 2, 1, 1, 'NULL', 'SFC', 'Bench', 'Two can perch comfortably'),
(1017, 'doormat_love', '0,0,0', 1, 1, 0.01, 'NULL', 'SFKH', 'Doormat', 'Welcome Habbos in style'),
(1018, 'doormat_plain', '0,0,0', 1, 1, 0.01, 'NULL', 'SFKH', 'Doormat', 'Available in a variety of colours'),
(1025, 'bed_polyfon', '*ffffff,*ffffff,*ABD0D2,*ABD0D2', 2, 3, 1, 'NULL', 'SFB', 'Double Bed', 'Give yourself space to stretch out'),
(1026, 'bed_polyfon_one', '*ffffff,*ffffff,*ffffff,*ABD0D2,*ABD0D2', 1, 3, 1, 'NULL', 'SFB', 'Single Bed', 'Cot of the artistic'),
(1029, 'bed_silo_one', '0,0,0', 1, 3, 1, 'NULL', 'SFB', 'Single Bed', 'Plain and simple'),
(1030, 'bed_silo_two', '0,0,0', 2, 3, 1, 'NULL', 'SFB', 'Double Bed', 'Plain and simple x2'),
(1032, 'bed_armas_two', '0,0,0', 2, 3, 1, 'NULL', 'SFB', 'Double Bed', 'King-sized pine comfort'),
(1033, 'bed_budget_one', '*FFFFFF,*FFFFFF,*FFFFFF,*ABD0D2,*ABD0D2,*ABD0D2', 1, 3, 1, 'NULL', 'SFB', 'bed_budget_one', 'aquamarine'),
(1034, 'bed_budget', '*FFFFFF,*FFFFFF,*FFFFFF,*ABD0D2,*ABD0D2,*ABD0D2', 2, 3, 1, 'NULL', 'SFB', 'Pura Bed', 'Comfortable, affordable!'),
(1035, 'shelves_armas', '0,0,0', 2, 1, 2, 'NULL', 'SF', 'Bookcase', 'For all those fire-side stories'),
(1036, 'bench_armas', '0,0,0', 2, 1, 1, 'NULL', 'SFC', 'Bench', 'To complete the dining set'),
(1040, 'fireplace_armas', '0,0,0', 2, 1, 2, 'FIREON', 'SFM', 'Fireplace', 'Authentic, real flame fire'),
(1041, 'lamp_armas', '0,0,0', 1, 1, 2, 'SWITCHON', 'SFM', 'Table Lamp', 'Ambient lighting is essential'),
(1042, 'bed_armas_one', '0,0,0', 1, 3, 1, 'NULL', 'SFB', 'Single Bed', 'Rustic charm for one'),
(1044, 'carpet_armas', '0,0,0', 2, 4, 0.01, 'NULL', 'SFKH', 'Hand-Woven Rug', 'Adds instant warmth'),
(1045, 'carpet_polar', '*ffffff,*ffffff,*ffffff', 2, 3, 0.01, 'NULL', 'SFKH', 'Faux-Fur Bear Rug', 'For cuddling up on'),
(1046, 'fireplace_polyfon', '0,0,0', 2, 1, 2, 'FIREON', 'SFM', 'Fireplace', 'Comfort in stainless steel'),
(2590, 'table_plasto_4leg*3', '*ffffff,*ffee00', 2, 2, 1, 'NULL', 'SFH', 'Round Dining Table', 'Hip plastic furniture'),
(2583, 'table_plasto_bigsquare*5', '*ffffff,*54ca00', 2, 2, 1, 'NULL', 'SFH', 'Square Dining Table', 'Hip plastic furniture'),
(2576, 'table_plasto_bigsquare*15', '*ffffff,*FF97BA', 2, 2, 1, 'NULL', 'SFH', 'Occasional Table', 'Hip plastic furniture'),
(2577, 'table_plasto_bigsquare*14', '*ffffff,*CC3399', 2, 2, 1, 'NULL', 'SFH', 'Occasional Table', 'Hip plastic furniture'),
(1053, 'doormat_plain*1', '*ff1f08', 1, 1, 0.01, 'NULL', 'SFKH', 'Doormat', 'Available in a variety of colours'),
(2594, 'table_plasto_4leg*2', '*ffffff,*99DCCC', 2, 2, 1, 'NULL', 'SFH', 'Occasional Table', 'Hip plastic furniture'),
(2587, 'table_plasto_bigsquare*4', '*ffffff,*ccddff', 2, 2, 1, 'NULL', 'SFH', 'Square Dining Table', 'Hip plastic furniture'),
(2581, 'table_plasto_bigsquare', '0,0,0', 2, 2, 1, 'NULL', 'SFH', 'Square Dining Table', 'Hip plastic furniture'),
(2565, 'table_plasto_round*14', '*ffffff,*CC3399', 2, 2, 1, 'NULL', 'SFH', 'Occasional Table', 'Hip plastic furniture'),
(2566, 'table_plasto_round*7', '*ffffff,*ff6d00', 2, 2, 1, 'NULL', 'SFH', 'Round Dining Table', 'Hip plastic furniture'),
(1238, 'bardeskcorner_polyfon*13', '*ffffff,*ffffff,*ffffff', 1, 1, 1, 'NULL', 'SFH', 'Corner Cabinet-Desk', 'Tuck it away'),
(2586, 'table_plasto_bigsquare*6', '*ffffff,*3444ff', 2, 2, 1, 'NULL', 'SFH', 'Square Dining Table', 'Hip plastic furniture'),
(2580, 'table_plasto_bigsquare*2', '*ffffff,*99DCCC', 2, 2, 1, 'NULL', 'SFH', 'Square Dining Table', 'Hip plastic furniture'),
(2564, 'table_plasto_round*15', '*ffffff,*FF97BA', 2, 2, 1, 'NULL', 'SFH', 'Occasional Table', 'Hip plastic furniture'),
(1623, 'bardeskcorner_polyfon*2', '*ffffff,*525252', 1, 1, 1, 'NULL', 'SFH', 'Black Mode Bardesk Corner', 'Black Mode Bardesk Corner'),
(2593, 'table_plasto_4leg*5', '*ffffff,*54ca00', 2, 2, 1, 'NULL', 'SFH', 'Occasional Table', 'Hip plastic furniture'),
(2585, 'table_plasto_bigsquare*3', '*ffffff,*ffee00', 2, 2, 1, 'NULL', 'SFH', 'Square Dining Table', 'Hip plastic furniture'),
(2579, 'table_plasto_bigsquare*1', '*ffffff,*ff1f08', 2, 2, 1, 'NULL', 'SFH', 'Square Dining Table', 'Hip plastic furniture'),
(2562, 'table_plasto_square*5', '*ffffff,*54ca00', 1, 1, 1, 'NULL', 'SFH', 'Square Dining Table', 'Hip plastic furniture'),
(2563, 'table_plasto_square*8', '*ffffff,*c38d1a', 1, 1, 1, 'NULL', 'SFH', 'Square Dining Table', 'Hip plastic furniture'),
(1624, 'bardeskcorner_polyfon*3', '*ffffff,*ffffff', 1, 1, 1, 'NULL', 'SFH', 'White Corner Desk', 'Tuck it away'),
(1075, 'doormat_plain*6', '*777777', 1, 1, 0.01, 'NULL', 'SFKH', 'Doormat', 'Available in a variety of colours'),
(1625, 'bardeskcorner_polyfon*4', '*ffffff,*F7EBBC', 1, 1, 1, 'NULL', 'SFH', 'Beige Mode Bardesk Corner', 'Beige Mode Bardesk Corner'),
(2592, 'table_plasto_4leg', '0,0,0', 2, 2, 1, 'NULL', 'SFH', 'Occasional Table', 'Hip plastic furniture'),
(2584, 'table_plasto_bigsquare*9', '*ffffff,*533e10', 2, 2, 1, 'NULL', 'SFH', 'Square Dining Table', 'Hip plastic furniture'),
(2558, 'table_plasto_square*4', '*ffffff,*ccddff', 1, 1, 1, 'NULL', 'SFH', 'Square Dining Table', 'Hip plastic furniture'),
(2559, 'table_plasto_square*6', '*ffffff,*3444ff', 1, 1, 1, 'NULL', 'SFH', 'Square Dining Table', 'Hip plastic furniture'),
(2560, 'table_plasto_square*3', '*ffffff,*ffee00', 1, 1, 1, 'NULL', 'SFH', 'Square Dining Table', 'Hip plastic furniture'),
(2561, 'table_plasto_square*9', '*ffffff,*533e10', 1, 1, 1, 'NULL', 'SFH', 'Square Dining Table', 'Hip plastic furniture'),
(2553, 'table_plasto_square*14', '*ffffff,*CC3399', 1, 1, 1, 'NULL', 'SFH', 'Occasional Table', 'Hip plastic furniture'),
(2554, 'table_plasto_square*1', '*ffffff,*ff1f08', 1, 1, 1, 'NULL', 'SFH', 'Occasional Table', 'Hip plastic furniture'),
(2555, 'table_plasto_square*7', '*ffffff,*ff6d00', 1, 1, 1, 'NULL', 'SFH', 'Square Dining Table', 'Hip plastic furniture'),
(2556, 'table_plasto_square', '0,0,0', 1, 1, 1, 'NULL', 'SFH', 'Occasional Table', 'Hip plastic furniture'),
(2557, 'table_plasto_square*2', '*ffffff,*99DCCC', 1, 1, 1, 'NULL', 'SFH', 'Round Dining Table', 'Hip plastic furniture'),
(2549, 'chair_plasto*6', '*ffffff,*3444ff,*ffffff,*3444ff', 1, 1, 1, 'NULL', 'SFC', 'Chair', 'Hip plastic furniture'),
(2550, 'chair_plasto*3', '*ffffff,*ffee00,*ffffff,*ffee00', 1, 1, 1, 'NULL', 'SFC', 'Chair', 'Hip plastic furniture'),
(2551, 'chair_plasto*2', '*ffffff,*99DCCC,*ffffff,*99DCCc', 1, 1, 1, 'NULL', 'SFC', 'Chair', 'Hip plastic furniture'),
(2552, 'table_plasto_square*15', '*ffffff,*FF97BA', 1, 1, 1, 'NULL', 'SFH', 'Occasional Table', 'Hip plastic furniture'),
(2544, 'chair_plasto', '0,0,0', 1, 1, 1, 'NULL', 'SFC', 'Chair', 'Hip plastic furniture'),
(2545, 'chair_plasto*8', '*ffffff,*c38d1a,*ffffff,*c38d1a', 1, 1, 1, 'NULL', 'SFC', 'Chair', 'Hip plastic furniture'),
(2546, 'chair_plasto*7', '*ffffff,*ff6d00,*ffffff,*ff6d00', 1, 1, 1, 'NULL', 'SFC', 'Chair', 'Hip plastic furniture'),
(2547, 'chair_plasto*1', '*ffffff,*ff1f08,*ffffff,*ff1f08', 1, 1, 1, 'NULL', 'SFC', 'Chair', 'Hip plastic furniture'),
(2548, 'chair_plasto*4', '*ffffff,*ccddff,*ffffff,*ccddff', 1, 1, 1, 'NULL', 'SFC', 'Chair', 'Hip plastic furniture'),
(2541, 'chair_plasto*16', '*ffffff,*CC3399,*ffffff,*CC3399', 1, 1, 1, 'NULL', 'SFC', 'Chair', 'Hip plastic furniture'),
(2542, 'chair_plasto*15', '*ffffff,*FF97BA,*ffffff,*FF97BA', 1, 1, 1, 'NULL', 'SFC', 'Chair', 'Hip plastic furniture'),
(2543, 'chair_plasto*5', '*ffffff,*54ca00,*ffffff,*54ca00', 1, 1, 1, 'NULL', 'SFC', 'Chair', 'Hip plastic furniture'),
(1105, 'pizza', '0,0,0', 1, 1, 0.1, 'NULL', 'SFH', 'Pizza Box', 'You dirty Habbo'),
(1106, 'drinks', '0,0,0', 1, 1, 0.2, 'NULL', 'SF', 'Empty Cans', 'Are you a slob too?'),
(2602, 'chair_plasty*2', '*ffffff,*ff9900,*ffffff,*ff9900', 1, 1, 1, 'NULL', 'SFC', 'Plastic Pod Chair', 'Hip plastic furniture'),
(2601, 'chair_plasty*1', '*ffffff,*8EB5D1,*ffffff,*8EB5D1', 1, 1, 1, 'NULL', 'SFC', 'Plastic Pod Chair', 'Hip plastic furniture'),
(1111, 'plant_cruddy', '0,0,0', 1, 1, 1, 'NULL', 'SF', 'Aloe Vera', 'Goodbye Bert...'),
(1112, 'bottle', '0,0,0', 1, 1, 0.1, 'DIR', 'SFTL', 'Empty Spinning Bottle', 'For interesting games!'),
(1113, 'bardesk_polyfon', '*ffffff,*ffffff,*ABD0D2,*ABD0D2', 2, 1, 1, 'NULL', 'SFH', 'Bar-desk', 'Perfect for work or play'),
(1114, 'bardeskcorner_polyfon', '*ffffff,*ABD0D2', 1, 1, 1, 'NULL', 'SFH', 'Corner Cabinet-Desk', 'Tuck it away'),
(1116, 'bar_armas', '0,0,0', 1, 1, 1, 'DOOROPEN', 'SFT', 'Barrel Minibar', 'It''s a barrel of laughs and a great talking point'),
(1119, 'carpet_soft', '0,0,0', 2, 4, 0.01, 'NULL', 'SFKH', 'Soft Wool Rug', 'Soft Wool Rug'),
(1127, 'wood_tv', '0,0,0', 1, 2, 2, 'FIREON', 'SF', 'Large TV', 'HNN weatherman Kiazie'),
(1128, 'carpet_polar*1', '*ffbbcf,*ffbbcf,*ffddef', 2, 3, 0.01, 'NULL', 'SFKH', 'Pink Faux-Fur Bear Rug', 'Cute'),
(2600, 'chair_plasty', '0,0,0', 1, 1, 1, 'NULL', 'SFC', 'Plastic Pod Chair', 'Hip plastic furniture'),
(1130, 'carpet_polar*2', '*ccddff,*ccddff,*ffffff', 2, 3, 0.01, 'NULL', 'SFKH', 'Blue Bear Rug', 'Snuggle up on a Funky bear rug...'),
(1131, 'carpet_polar*3', '*ffee99,*ffee99,*ffffff', 2, 3, 0.01, 'NULL', 'SFKH', 'Yellow Bear Rug', 'Snuggle up on a Funky bear rug...'),
(1132, 'carpet_polar*4', '*ddffaa,*ddffaa,*ffffff', 2, 3, 0.01, 'NULL', 'SFKH', 'Green Bear Rug', 'Snuggle up on a Funky bear rug...'),
(2599, 'table_plasto_4leg*16', '*ffffff,*CC3399', 2, 2, 1, 'NULL', 'SFH', 'Occasional Table', 'Hip plastic furniture'),
(1137, 'bed_polyfon_girl_one', '*ffffff,*ffffff,*ffffff,*EE7EA4,*EE7EA4', 1, 3, 1, 'NULL', 'SFB', 'Single Bed', 'Snuggle down in princess pink'),
(1138, 'bed_polyfon_girl', '*ffffff,*ffffff,*EE7EA4,*EE7EA4', 2, 3, 1, 'NULL', 'SFB', 'Double Bed', 'Snuggle down in princess pink'),
(1139, 'sofa_polyfon_girl', '*ffffff,*ffffff,*ffffff,*ffffff,*EE7EA4,*EE7EA4,*EE7EA4,*EE7EA4', 2, 1, 1, 'NULL', 'SFC', 'Two-seater Sofa', 'Romantic pink for two'),
(1142, 'plant_pineapple', '0,0,0', 1, 1, 1, 'NULL', 'SF', 'Pineapple Plant', 'Needs loving glances'),
(1143, 'plant_fruittree', '0,0,0', 1, 1, 1, 'NULL', 'SF', 'Fruit Tree', 'Great yield and sweet fruit'),
(1144, 'plant_small_cactus', '0,0,0', 1, 1, 1, 'NULL', 'SF', 'Small Cactus', 'Even less watering than the real world'),
(1145, 'plant_bonsai', '0,0,0', 1, 1, 1, 'NULL', 'SF', 'Bonsai Tree', 'You can be sure it lives'),
(1146, 'plant_big_cactus', '0,0,0', 1, 1, 1, 'NULL', 'SF', 'Mature Cactus', 'Habbo Dreams monster in hiding!  Shhhh'),
(1147, 'plant_yukka', '0,0,0', 1, 1, 1, 'NULL', 'SF', 'Yukka Plant', 'Easy to care for'),
(1153, 'plant_sunflower', '0,0,0', 1, 1, 1, 'NULL', 'SF', 'Cut Sunflower', 'For happy Habbos'),
(1154, 'plant_rose', '0,0,0', 1, 1, 1, 'NULL', 'SF', 'Cut Roses', 'Sleek and chic'),
(1155, 'tv_luxus', '0,0,0', 1, 3, 1, 'FIREON', 'SF', 'Digital TV', 'Bang up to date'),
(1156, 'bath', '0,0,0', 1, 2, 1, 'SWITCHON', 'SFCM', 'Bubble Bath', 'The ultimate in pampering'),
(1157, 'sink', '0,0,0', 1, 1, 1, 'DOOROPEN', 'SFT', 'Sink', 'Hot and cold thrown in for no charge'),
(1158, 'toilet', '0,0,0', 1, 1, 1.1, 'SWITCHON', 'SFC', 'Loo Seat', 'Loo Seat'),
(1160, 'tile', '0,0,0', 4, 4, 0.01, 'NULL', 'SFKH', 'Floor Tiles', 'In a choice of colours'),
(1161, 'toilet_red', '0,0,0', 1, 1, 1.1, 'SWITCHON', 'SFC', 'Loo Seat', 'Loo Seat'),
(1162, 'toilet_yell', '0,0,0', 1, 1, 1.1, 'SWITCHON', 'SFC', 'Loo Seat', 'Loo Seat'),
(1163, 'tile_red', '0,0,0', 4, 4, 0.01, 'NULL', 'SFKH', 'Floor Tiles', 'In a choice of colours'),
(1168, 'present_gen3', '0,0,0', 1, 1, 1, 'CUSTOM_VARIABLE', 'SFH', 'Gift', 'What''s inside?'),
(1169, 'present_gen4', '0,0,0', 1, 1, 1, 'CUSTOM_VARIABLE', 'SFH', 'Gift', 'What''s inside?'),
(1170, 'present_gen5', '0,0,0', 1, 1, 1, 'CUSTOM_VARIABLE', 'SFH', 'Gift', 'What''s inside?'),
(1171, 'present_gen6', '0,0,0', 1, 1, 1, 'CUSTOM_VARIABLE', 'SFH', 'Gift', 'What''s inside?'),
(1173, 'shelves_basic', '0,0,0', 2, 1, 2, 'NULL', 'SF', 'Pura Shelves', 'Pura series 404 shelves'),
(1175, 'soft_sofa_norja', '*ffffff,*F7EBBC,*ffffff,*F7EBBC,*F7EBBC,*F7EBBC', 2, 1, 1, 'NULL', 'SFC', 'iced sofa', 'A soft iced sofa'),
(1176, 'lamp_basic', '0,0,0', 1, 1, 2, 'SWITCHON', 'SFM', 'Pura Lamp', 'Switch on the atmosphere with this sophisticated light'),
(1177, 'lamp2_armas', '0,0,0', 1, 1, 2, 'SWITCHON', 'SFM', 'Lodge Candle', 'Wax lyrical with some old-world charm'),
(1178, 'fridge', '0,0,0', 1, 1, 2, 'DOOROPEN', 'SFT', 'Pura Refridgerator', 'Keep cool with a chilled snack or drink'),
(1179, 'door', '0,0,0', 1, 1, 2, 'DOOROPEN', 'SFX', 'Telephone Box', 'Dr Who?'),
(1182, 'pumpkin', '0,0,0', 1, 1, 1, 'SWITCHON', 'SFMH', 'Pumpkin Lamp', 'Cast a spooky glow'),
(1183, 'skullcandle', '0,0,0', 1, 1, 1, 'SWITCHON', 'SFM', 'Skull Candle Holder', 'Alas poor Yorrick...'),
(1184, 'deadduck', '0,0,0', 1, 1, 0.01, 'NULL', 'SF', 'Dead Duck', 'Blood, but no guts'),
(1187, 'menorah', '0,0,0', 1, 1, 1, 'FIREON', 'SF', 'Menorah', 'Light up your room'),
(1188, 'pudding', '0,0,0', 1, 1, 1, 'NULL', 'SF', 'Christmas Pudding', 'Will you get the lucky sixpence?'),
(1189, 'ham', '0,0,0', 1, 1, 0.1, 'NULL', 'SF', 'Joint of Ham', 'Tuck in'),
(1190, 'turkey', '0,0,0', 1, 1, 1, 'NULL', 'SF', 'Roast Turkey', 'Where''s the cranberry sauce?'),
(1192, 'house', '0,0,0', 1, 1, 1, 'NULL', 'SF', 'Gingerbread House', 'Good enough to eat'),
(1193, 'triplecandle', '0,0,0', 1, 1, 0.5, 'SWITCHON', 'SFM', 'Electric Candles', 'No need to worry about wax drips'),
(1194, 'tree3', '0,0,0', 1, 1, 2, 'SWITCHON', 'SFM', 'Christmas Tree 1', 'Any presents under it yet?'),
(1195, 'tree4', '0,0,0', 1, 1, 2, 'SWITCHON', 'SFM', 'Christmas Tree 2', 'Any presents under it yet?'),
(1196, 'tree5', '0,0,0', 1, 1, 2, 'SWITCHON', 'SFM', 'Christmas Tree 3', 'Any presents under it yet?'),
(1197, 'ham2', '0,0,0', 1, 1, 0.1, 'NULL', 'SF', 'Eaten Ham', 'Looks like you''re too late!'),
(1198, 'wcandleset', '0,0,0', 1, 1, 0.2, 'SWITCHON', 'SFM', 'White Candle Plate', 'Simple but stylish'),
(1199, 'rcandleset', '0,0,0', 1, 1, 0.2, 'SWITCHON', 'SFM', 'Red Candle Plate', 'Simple but stylish'),
(1200, 'statue', '0,0,0', 1, 1, 1, 'NULL', 'SF', 'Cupid Statue', 'Watch out for those arrows!'),
(1201, 'heart', '0,0,0', 2, 1, 1, 'NULL', 'SF', 'Giant Heart', 'Full of love'),
(1203, 'heartsofa', '0,0,0', 2, 1, 1, 'NULL', 'SFC', 'Heart Sofa', 'Perfect for snuggling up on'),
(1204, 'throne', '0,0,0', 1, 1, 1, 'NULL', 'SFC', 'Throne', 'Important Habbos only'),
(1206, 'giftflowers', '0,0,0', 1, 1, 1, 'NULL', 'SF', 'Vase of Flowers', 'Guaranteed to stay fresh'),
(1207, 'habbocake', '0,0,0', 1, 1, 2, 'SWITCHON', 'SFM', 'Cake', 'Save me a slice!'),
(1210, 'bunny', '0,0,0', 1, 1, 1, 'NULL', 'SF', 'Squidgy Bunny', 'Yours to cuddle up to'),
(1211, 'basket', '0,0,0', 1, 1, 1, 'NULL', 'SF', 'Basket Of Eggs', 'Eggs-actly what you want for Easter'),
(1212, 'birdie', '0,0,0', 1, 1, 1, 'SWITCHON', 'SF', 'Pop-up Egg', 'Cheep (!) and cheerful'),
(1213, 'edice', '0,0,0', 1, 1, 1, 'VALUE', 'SFTL', 'Holo-dice', 'What''s your lucky number?'),
(1214, 'club_sofa', '0,0,0', 2, 1, 1, 'NULL', 'SFC', 'Club sofa', 'Club sofa'),
(1215, 'prize1', '0,0,0', 1, 1, 0.5, 'NULL', 'SF', 'Gold Trophy', 'Gorgeously glittery'),
(1216, 'prize2', '0,0,0', 1, 1, 0.5, 'NULL', 'SF', 'Silver Trophy', 'Nice and shiny'),
(1217, 'prize3', '0,0,0', 1, 1, 0.5, 'NULL', 'SF', 'Bronze Trophy', 'A weighty award'),
(1218, 'divider_poly3', '*ffffff,*ffffff,*ffffff,*ABD0D2,*ABD0D2', 1, 1, 1, 'STATUS', 'SFGDQ', 'Hatch (Lockable)', 'All bars should have one'),
(1219, 'divider_arm1', '0,0,0', 1, 1, 1.3, 'NULL', 'SFH', 'Corner plinth', 'Good solid wood'),
(1220, 'divider_arm2', '0,0,0', 2, 1, 1.3, 'NULL', 'SFH', 'Room divider', 'I wooden go there'),
(1221, 'divider_arm3', '0,0,0', 1, 1, 1, 'STATUS', 'SFGDQ', 'Gate (lockable)', 'Knock, knock...'),
(1222, 'divider_nor1', '*ffffff,*F7EBBC', 1, 1, 1, 'NULL', 'SF', 'Ice Corner', 'Looks squishy, but isn''t'),
(1223, 'divider_silo1', '*ffffff,*ABD0D2', 1, 1, 1, 'NULL', 'SFH', 'Corner Shelf', 'Neat and natty'),
(1224, 'divider_nor2', '*ffffff,*ffffff,*F7EBBC,*F7EBBC', 2, 1, 1, 'NULL', 'SF', 'Ice Bar-Desk', 'Strong, yet soft looking'),
(1226, 'divider_nor3', '*ffffff,*ffffff,*F7EBBC,*F7EBBC', 1, 1, 1, 'STATUS', 'SFGDQ', 'Door (Lockable)', 'Do go through...'),
(1227, 'divider_silo3', '*ffffff,*ffffff,*ffffff,*ABD0D2', 1, 1, 1, 'STATUS', 'SFGDQ', 'Gate (lockable)', 'Form following function'),
(1228, 'typingmachine', '0,0,0', 1, 1, 0.3, 'NULL', 'SF', 'Typewriter', 'Write that bestseller'),
(1229, 'spyro', '0,0,0', 1, 1, 1, 'NULL', 'SF', 'Dragon Egg', 'The stuff of legend'),
(1233, 'hyacinth1', '0,0,0', 1, 1, 1, 'NULL', 'SF', 'Pink Hyacinth', 'Beautiful bulb'),
(1234, 'hyacinth2', '0,0,0', 1, 1, 1, 'NULL', 'SF', 'Blue Hyacinth', 'Beautiful bulb'),
(2608, 'chair_plasty*8', '*ffffff,*c38d1a,*ffffff,*c38d1a', 1, 1, 1, 'NULL', 'SFC', 'Plastic Pod Chair', 'Hip plastic furniture'),
(2607, 'chair_plasty*7', '*ffffff,*99DCCc,*ffffff,*99DCCc', 1, 1, 1, 'NULL', 'SFC', 'Plastic Pod Chair', 'Hip plastic furniture'),
(2606, 'chair_plasty*4', '*ffffff,*333333,*ffffff,*333333', 1, 1, 1, 'NULL', 'SFC', 'Plastic Pod Chair', 'Hip plastic furniture'),
(2596, 'table_plasto_4leg*7', '*ffffff,*ff6d00', 2, 2, 1, 'NULL', 'SFH', 'Occasional table', 'Hip plastic furniture'),
(1243, 'mocchamaster', '0,0,0', 1, 1, 0.01, 'SWITCHON', 'SFT', 'Mochamaster', 'Wake up and smell it!'),
(1244, 'carpet_legocourt', '0,0,0', 3, 3, 0.01, 'NULL', 'SFKH', 'Basketball Court', 'Line up your slam dunk'),
(1245, 'bench_lego', '0,0,0', 4, 1, 1, 'NULL', 'SFC', 'Team Bench', 'For your reserve players'),
(1246, 'legotrophy', '0,0,0', 1, 1, 1, 'SWITCHON', 'SFM', 'Basketball Trophy', 'For the winning team'),
(1247, 'valentinescreen', '0,0,0', 2, 1, 1, 'NULL', 'SF', 'Holiday Romance', 'Peep through and smile!'),
(1248, 'edicehc', '0,0,0', 1, 1, 1, 'VALUE', 'SFTL', 'Dicemaster', 'Click and roll!'),
(1249, 'rare_daffodil_rug', '0,0,0', 2, 2, 0.01, 'NULL', 'SFKH', 'Petal Patch', 'A little bit of outdoors indoors..'),
(1250, 'rare_beehive_bulb', '*ffffff,*ffffff,*ffffff,*ffffff,*55c4de,*ffffff', 1, 1, 1, 'SWITCHON', 'SFMH', 'Blue Amber Lamp', 'A honey-hued glow'),
(1251, 'hcsohva', '0,0,0', 2, 1, 1, 'NULL', 'SFC', 'Throne Sofa', 'For royal bottoms...'),
(1252, 'hcamme', '0,0,0', 1, 2, 0.9, 'SWITCHON', 'SFCM', 'Tubmaster', 'Time for a soak'),
(1253, 'rare_elephant_statue', '*ffffff,*ffcf1c', 1, 1, 1, 'NULL', 'SFH', 'Golden Elephant', 'Say hello to Nelly'),
(1254, 'rare_fountain', '*ffffff,*ffffff,*ff6666', 1, 1, 1, 'FIREON', 'SFMH', 'Bird Bath (red)', 'For our feathered friends'),
(1255, 'rare_stand', '0,0,0', 1, 1, 1.9, 'NULL', 'SFC', 'Speaker''s Corner', 'Stand and Deliver!'),
(1257, 'rare_hammock', '0,0,0', 1, 3, 1.5, 'NULL', 'SFB', 'Hammock', 'Eco bed'),
(1258, 'rare_elephant_statue*1', '*ffffff,*bfbfbf', 1, 1, 1, 'NULL', 'SFH', 'Silver Elephant', 'Say hello to Nelly'),
(1259, 'rare_elephant_statue*2', '*ffffff,*d46b00', 1, 1, 1, 'NULL', 'SFH', 'Bronze Elephant', 'Say hello to Nelly'),
(1260, 'rare_fountain*1', '*ffffff,*ffffff,*ffffff', 1, 1, 1, 'FIREON', 'SFMH', 'Bird Bath (grey)', 'For our feathered friends'),
(1261, 'rare_fountain*2', '*ffffff,*ffffff,*b8cf00', 1, 1, 1, 'FIREON', 'SFMH', 'Bird Bath (green)', 'For our feathered friends'),
(1262, 'rare_fountain*3', '*ffffff,*ffffff,*59cccc', 1, 1, 1, 'FIREON', 'SFMH', 'Bird Bath (blue)', 'For our feathered friends'),
(1263, 'rare_beehive_bulb*1', '*ffffff,*ffffff,*ffffff,*ffffff,*ff4c47,*ffffff', 1, 1, 1, 'SWITCHON', 'SFMH', 'Red Amber Lamp', 'A honey-hued glow'),
(1264, 'rare_beehive_bulb*2', '*ffffff,*ffffff,*ffffff,*ffffff,*ffc307,*ffffff', 1, 1, 1, 'SWITCHON', 'SFMH', 'Yellow Amber Lamp', 'A honey-hued glow'),
(1265, 'rare_xmas_screen', '0,0,0', 2, 1, 1, 'NULL', 'SF', 'Lappland Greetings', 'Ho Ho Ho!'),
(1266, 'rare_parasol*1', '*ffffff,*ffffff,*ffffff,*ffff11', 1, 1, 1, 'SWITCHON', 'SFM', 'Yellow Parasol', 'Block those rays!'),
(1267, 'rare_parasol*2', '*ffffff,*ffffff,*ffffff,*ff8f61', 1, 1, 1, 'SWITCHON', 'SFM', 'Orange Parasol', 'Block those rays!'),
(1268, 'rare_parasol*3', '*ffffff,*ffffff,*ffffff,*d47fff', 1, 1, 1, 'SWITCHON', 'SFM', 'Violet Parasol', 'Block those rays!'),
(1269, 'tree1', '0,0,0', 1, 1, 2, 'SWITCHON', 'SFM', 'Dead tree', 'Dead christmas tree'),
(1270, 'tree2', '0,0,0', 1, 1, 2, 'SWITCHON', 'SFM', 'Old Christmas Tree', 'Old Christmas Tree'),
(1271, 'wcandle', '0,0,0', 1, 1, 0.3, 'SWITCHON', 'SFM', 'White Candle', 'Xmas tea light'),
(1272, 'rcandle', '0,0,0', 1, 1, 0.3, 'SWITCHON', 'SFM', 'Red Candle', 'Xmas tea light'),
(1274, 'house2', '0,0,0', 1, 1, 1, 'NULL', 'SF', 'Gingerbread House', 'Good enough to eat'),
(1276, 'md_sofa', '0,0,0', 2, 1, 1, 'NULL', 'SFC', 'MD Sofa', 'A decent recliner'),
(2597, 'table_plasto_4leg*10', '*ffffff,*ccddff', 2, 2, 1, 'NULL', 'SFH', 'Occasional Table', 'Hip plastic furniture'),
(2595, 'table_plasto_4leg*8', '*ffffff,*c38d1a', 2, 2, 1, 'NULL', 'SFH', 'Occasional Table', 'Hip plastic furniture'),
(2589, 'table_plasto_4leg*1', '*ffffff,*ff1f08', 2, 2, 1, 'NULL', 'SFH', 'Square Dining Table', 'Hip plastic furniture'),
(2588, 'table_plasto_4leg*6', '*ffffff,*3444ff', 2, 2, 1, 'NULL', 'SFH', 'Occasional table Table', 'Hip plastic furniture'),
(2582, 'table_plasto_bigsquare*8', '*ffffff,*c38d1a', 2, 2, 1, 'NULL', 'SFH', 'Square Dining Table', 'Hip plastic furniture'),
(2575, 'table_plasto_round*8', '*ffffff,*c38d1a', 2, 2, 1, 'NULL', 'SFH', 'Round Dining Table', 'Hip plastic furniture'),
(2567, 'table_plasto_round*1', '*ffffff,*ff1f08', 2, 2, 1, 'NULL', 'SFH', 'Round Dining Table', 'Hip plastic furniture'),
(2568, 'table_plasto_round*2', '*ffffff,*99DCCC', 2, 2, 1, 'NULL', 'SFH', 'Round Dining Table', 'Hip plastic furniture'),
(2569, 'table_plasto_round*4', '*ffffff,*ccddff', 2, 2, 1, 'NULL', 'SFH', 'Square Dining Table', 'Hip plastic furniture'),
(2570, 'table_plasto_round*6', '*ffffff,*3444ff', 2, 2, 1, 'NULL', 'SFH', 'Round Dining Table', 'Hip plastic furniture'),
(2571, 'table_plasto_round*3', '*ffffff,*ffee00', 2, 2, 1, 'NULL', 'SFH', 'Round Dining Table', 'Hip plastic furniture?'),
(2572, 'table_plasto_round*9', '*ffffff,*533e10', 2, 2, 1, 'NULL', 'SFH', 'Round Dining Table', 'Hip plastic furniture'),
(2573, 'table_plasto_round', '0,0,0', 2, 2, 1, 'NULL', 'SFH', 'Round Dining Table', 'Hip plastic furniture'),
(2574, 'table_plasto_round*5', '*ffffff,*54ca00', 2, 2, 1, 'NULL', 'SFH', 'Round Dining Table', 'Hip plastic furniture'),
(1294, 'hockey_score', '0,0,0', 1, 1, 2, 'SCORE', 'SFT', 'Scoreboard', '...for keeping your score'),
(1297, 'prizetrophy2*3', '*ffffff,*ffffff,*996600', 1, 1, 2, 'NULL', 'SFY', 'Duck trophy', 'Breathtaking bronze'),
(1298, 'prizetrophy3*3', '*ffffff,*ffffff,*996600', 1, 1, 2, 'NULL', 'SFY', 'Globe trophy', 'Breathtaking bronze'),
(1299, 'prizetrophy4*3', '*ffffff,*ffffff,*996600', 1, 1, 2, 'NULL', 'SFY', 'Fish trophy', 'Breathtaking bronze'),
(1300, 'prizetrophy5*3', '*ffffff,*ffffff,*996600', 1, 1, 2, 'NULL', 'SFY', 'Duo trophy', 'Breathtaking bronze'),
(1301, 'prizetrophy6*3', '*ffffff,*ffffff,*996600', 1, 1, 2, 'NULL', 'SFY', 'Champion trophy', 'Breathtaking bronze'),
(1302, 'prizetrophy*1', '*ffffff,*ffffff,*FFDD3F', 1, 1, 2, 'NULL', 'SFY', 'Classic trophy', 'Glittery gold'),
(1303, 'prizetrophy2*1', '*ffffff,*ffffff,*FFDD3F', 1, 1, 2, 'NULL', 'SFY', 'Duck trophy', 'Glittery gold'),
(1304, 'prizetrophy3*1', '*ffffff,*ffffff,*FFDD3F', 1, 1, 2, 'NULL', 'SFY', 'Globe trophy', 'Glittery gold'),
(1305, 'prizetrophy4*1', '*ffffff,*ffffff,*FFDD3F', 1, 1, 2, 'NULL', 'SFY', 'Fish trophy', 'Glittery gold'),
(1306, 'prizetrophy5*1', '*ffffff,*ffffff,*FFDD3F', 1, 1, 2, 'NULL', 'SFY', 'Duo trophy', 'Glittery gold'),
(1307, 'prizetrophy6*1', '*ffffff,*ffffff,*FFDD3F', 1, 1, 2, 'NULL', 'SFY', 'Champion trophy', 'Glittery gold'),
(1308, 'prizetrophy*2', '*ffffff,*ffffff,*ffffff', 1, 1, 2, 'NULL', 'SFY', 'Classic trophy', 'Shiny silver'),
(1309, 'prizetrophy2*2', '*ffffff,*ffffff,*ffffff', 1, 1, 2, 'NULL', 'SFY', 'Duck trophy', 'Shiny silver'),
(1310, 'prizetrophy3*2', '*ffffff,*ffffff,*ffffff', 1, 1, 2, 'NULL', 'SFY', 'Globe trophy', 'Shiny silver'),
(1311, 'prizetrophy4*2', '*ffffff,*ffffff,*ffffff', 1, 1, 2, 'NULL', 'SFY', 'Fish trophy', 'Shiny silver'),
(1312, 'prizetrophy5*2', '*ffffff,*ffffff,*ffffff', 1, 1, 2, 'NULL', 'SFY', 'Duo trophy', 'Shiny silver'),
(1313, 'prizetrophy6*2', '*ffffff,*ffffff,*ffffff', 1, 1, 2, 'NULL', 'SFY', 'Champion trophy', 'Shiny silver'),
(1314, 'prizetrophy*3', '*ffffff,*ffffff,*996600', 1, 1, 2, 'NULL', 'SFY', 'Classic trophy', 'Breathtaking bronze'),
(1315, 'rare_parasol*0', '*ffffff,*ffffff,*ffffff,*9eff1c', 1, 1, 1, 'SWITCHON', 'SFM', 'Green Parasol', 'Block those rays!'),
(1316, 'hc_lmp', '0,0,0', 1, 1, 1, 'SWITCHON', 'SFM', 'Oil Lamp', 'Be enlightened'),
(1317, 'hc_tbl', '0,0,0', 1, 3, 1, 'NULL', 'SFH', 'Nordic Table', 'Perfect for banquets'),
(1318, 'hc_chr', '0,0,0', 1, 1, 1, 'NULL', 'SFC', 'Majestic Chair', 'Royal comfort'),
(1319, 'hc_dsk', '0,0,0', 1, 2, 1.5, 'SWITCHON', 'SFM', 'Study Desk', 'For Habbo scholars'),
(1320, 'nest', '0,0,0', 1, 1, 0.1, 'NULL', 'SFK', 'Basket', 'Night, night'),
(1338, 'prizetrophy7*3', '*ffffff,*ffffff,*996600', 1, 1, 2, 'NULL', 'SFY', 'Bronze Habbo trophy', 'Bronze Habbo trophy'),
(1339, 'prizetrophy7*1', '*ffffff,*ffffff,*FFDD3F', 1, 1, 2, 'NULL', 'SFY', 'Gold Habbo trophy', 'Gold Habbo trophy'),
(1340, 'prizetrophy7*2', '*ffffff,*ffffff,*ffffff', 1, 1, 2, 'NULL', 'SFY', 'Silver Habbo trophy', 'Silver Habbo trophy'),
(1341, 'scifiport*0', '*ffffff,*dd2d22,*ffffff,*ffffff,*ffffff,*dd2d22', 1, 1, 1, 'STATUS', 'SFGDQ', 'Red Laser Door', 'Energy beams. No trespassers!'),
(1342, 'scifiport*9', '*ffffff,*7733ff,*ffffff,*ffffff,*ffffff,*7733ff', 1, 1, 1, 'STATUS', 'SFGDQ', 'Violet Sci-Fi Port', 'Energy beams. No trespassers!'),
(1343, 'scifiport*8', '*ffffff,*bb55cc,*ffffff,*ffffff,*ffffff,*bb55cc', 1, 1, 1, 'STATUS', 'SFGDQ', 'Purple Sci-Fi Port', 'Energy beams. No trespassers!'),
(1344, 'scifiport*7', '*ffffff,*00cccc,*ffffff,*ffffff,*ffffff,*00cccc', 1, 1, 1, 'STATUS', 'SFGDQ', 'Turquoise Sci-Fi Port', 'Energy beams. No trespassers!'),
(1345, 'scifiport*6', '*ffffff,*ffffff,*ffffff,*ffffff,*ffffff,*ffffff', 1, 1, 1, 'STATUS', 'SFGDQ', 'White Sci-Fi Port', 'Energy beams. No trespassers!'),
(1346, 'scifiport*5', '*ffffff,*555555,*ffffff,*ffffff,*ffffff,*555555', 1, 1, 1, 'STATUS', 'SFGDQ', 'Security Fence', 'Recovered from Roswell'),
(1347, 'scifiport*4', '*ffffff,*ff5577,*ffffff,*ffffff,*ffffff,*ff5577', 1, 1, 1, 'STATUS', 'SFGDQ', 'Pink Sci-Fi Port', 'Energy beams. No trespassers!'),
(1348, 'scifiport*3', '*ffffff,*02bb70,*ffffff,*ffffff,*ffffff,*02bb70', 1, 1, 1, 'STATUS', 'SFGDQ', 'Jade Sci-Fi Port', 'Energy beams. No trespassers!'),
(1349, 'scifiport*2', '*ffffff,*5599ff,*ffffff,*ffffff,*ffffff,*5599ff', 1, 1, 1, 'STATUS', 'SFGDQ', 'Blue Laser Gate', 'Get in the ring!'),
(1350, 'scifiport*1', '*ffffff,*ffbc00,*ffffff,*ffffff,*ffffff,*ffbc00', 1, 1, 1, 'STATUS', 'SFGDQ', 'Gold Laser Gate', 'Energy beams. No trespassers!'),
(1351, 'scifirocket*9', '*ffffff,*ffffff,*7733ff,*ffffff', 1, 1, 1, 'SWITCHON', 'SF', 'Neptune Smoke Machine', 'Something fishy is going on...'),
(1352, 'scifirocket*8', '*ffffff,*ffffff,*bb55cc,*ffffff', 1, 1, 1, 'SWITCHON', 'SF', 'Pluto Smoke Machine', 'From a space far, far away!'),
(1353, 'scifirocket*7', '*ffffff,*ffffff,*00cccc,*ffffff', 1, 1, 1, 'SWITCHON', 'SF', 'Jupiter Smoke Machine', 'Larger than life!'),
(1354, 'scifirocket*6', '*ffffff,*ffffff,*ffffff,*ffffff', 1, 1, 1, 'SWITCHON', 'SF', 'Mercury Smoke Machine', 'Too hot to handle!'),
(1355, 'scifirocket*5', '*ffffff,*ffffff,*555555,*ffffff', 1, 1, 1, 'SWITCHON', 'SF', 'Uranus Smoke Machine', 'From the unknown depths of space'),
(1356, 'scifirocket*4', '*ffffff,*ffffff,*ff5577,*ffffff', 1, 1, 1, 'SWITCHON', 'SF', 'Venus Smoke Machine', 'Welcome... to planet love'),
(1357, 'scifirocket*3', '*ffffff,*ffffff,*02bb70,*ffffff', 1, 1, 1, 'SWITCHON', 'SF', 'Endor Smoke Machine', 'Caution! Unknown Location!'),
(1358, 'scifirocket*2', '*ffffff,*ffffff,*5599ff,*ffffff', 1, 1, 1, 'SWITCHON', 'SF', 'Earth Smoke Machine', 'A little closer to home!'),
(1359, 'scifirocket*1', '*ffffff,*ffffff,*ffbc00,*ffffff', 1, 1, 1, 'SWITCHON', 'SF', 'Saturn Smoke Machine', 'There is always space for this!'),
(1360, 'scifirocket*0', '*ffffff,*ffffff,*dd2d22,*ffffff', 1, 1, 1, 'SWITCHON', 'SF', 'Mars Smoke Machine', 'See in 2007 with a bang!'),
(1371, 'pillow*5', '*494D29,*494D29,*ffffff,*ffffff', 1, 1, 1, 'NULL', 'SFC', 'Black Leather Pillow', 'Puffy, soft and huge'),
(1372, 'pillow*8', '*214E68,*214E68,*ffffff,*ffffff', 1, 1, 1, 'NULL', 'SFC', 'Navy Cord Pillow', 'Puffy, soft and huge'),
(1373, 'pillow*0', '*ffffff,*ffffff,*ffffff,*ffffff', 1, 1, 1, 'NULL', 'SFC', 'White Lace Pillow', 'Minimalist comfort!'),
(1374, 'pillow*1', '*FF8888,*FF8888,*ffffff,*ffffff', 1, 1, 1, 'NULL', 'SFC', 'Pink Fluffy Pillow', 'Puffy, soft and huge'),
(1375, 'pillow*2', '*F00000,*F00000,*ffffff,*ffffff', 1, 1, 1, 'NULL', 'SFC', 'Red Silk Pillow', 'Puffy, soft and huge'),
(1376, 'pillow*7', '*E532CA,*E532CA,*ffffff,*ffffff', 1, 1, 1, 'NULL', 'SFC', 'Purple Velvet Pillow', 'Bonnie''s pillow of choice!'),
(1377, 'pillow*9', '*B9FF4B,*B9FF4B,*ffffff,*ffffff', 1, 1, 1, 'NULL', 'SFC', 'Green Wooly Pillow', 'Puffy, soft and VERY fluffy!'),
(1378, 'pillow*4', '*FFBD18,*FFBD18,*ffffff,*ffffff', 1, 1, 1, 'NULL', 'SFC', 'Gold Feather Pillow', 'Puffy, soft and huge'),
(1379, 'pillow*6', '*5DAAC9,*5DAAC9,*ffffff,*ffffff', 1, 1, 1, 'NULL', 'SFC', 'Blue Cotton Pillow', 'Puffy, soft and huge'),
(1380, 'pillow*3', '*63C9A0,*63C9A0,*ffffff,*ffffff', 1, 1, 1, 'NULL', 'SFC', 'Turquoise Satin Pillow', 'Puffy, soft and huge'),
(1381, 'marquee*1', '*ffffff,*ffffff,*ffffff,*FF798F', 1, 1, 0.7, 'STATUS', 'SFGDQ', 'Pink marquee', 'It''s both door and a shade!'),
(1382, 'marquee*2', '*ffffff,*ffffff,*ffffff,*C60000', 1, 1, 0.7, 'STATUS', 'SFGDQ', 'Red Dragon Marquee', 'Dragons out and Davids in!'),
(1383, 'marquee*7', '*ffffff,*ffffff,*ffffff,*D600E2', 1, 1, 0.7, 'STATUS', 'SFGDQ', 'Purple Marquee', 'It''s both door and a shade!'),
(1384, 'marquee*a', '*ffffff,*ffffff,*ffffff,*ffffff', 1, 1, 0.7, 'STATUS', 'SFGDQ', 'White Marquee', 'It''s both door and a shade!'),
(1385, 'marquee*8', '*ffffff,*ffffff,*ffffff,*004AA0', 1, 1, 0.7, 'STATUS', 'SFGDQ', 'Ultramarine Marquee', 'It''s both door and a shade!'),
(1386, 'marquee*9', '*ffffff,*ffffff,*ffffff,*8FD94A', 1, 1, 0.7, 'STATUS', 'SFGDQ', 'Green Marquee', 'It''s both door and a shade!'),
(1387, 'marquee*5', '*ffffff,*ffffff,*ffffff,*707070', 1, 1, 0.7, 'STATUS', 'SFGDQ', 'Graphite Marquee', 'It''s both door and a shade!'),
(1388, 'marquee*4', '*ffffff,*ffffff,*ffffff,*F8CD00', 1, 1, 0.7, 'STATUS', 'SFGDQ', 'Yellow Marquee', 'It''s both door and a shade!'),
(1389, 'marquee*6', '*ffffff,*ffffff,*ffffff,*719EFD', 1, 1, 0.7, 'STATUS', 'SFGDQ', 'Blue Marquee', 'It''s both door and a shade!'),
(1390, 'marquee*3', '*ffffff,*ffffff,*ffffff,*68DADA', 1, 1, 0.7, 'STATUS', 'SFGDQ', 'Aqua Marquee', 'It''s both door and a shade!'),
(1391, 'wooden_screen*1', '*ffffff,*ffffff,*FFA795,*FFA795,*ffffff,*ffffff', 1, 2, 1, 'NULL', 'SF', 'Pink Oriental screen', 'Add an exotic touch to your room'),
(1392, 'wooden_screen*2', '*ffffff,*ffffff,*BD0000,*BD0000,*ffffff,*ffffff', 1, 2, 1, 'NULL', 'SF', 'RosewoodScreen', 'Add an exotic touch to your room'),
(1393, 'wooden_screen*7', '*ffffff,*ffffff,*DA2591,*DA2591,*ffffff,*ffffff', 1, 2, 1, 'NULL', 'SF', 'Purple Oriental Screen', 'Add an exotic touch to your room'),
(1394, 'wooden_screen*0', '*ffffff,*ffffff,*ffffff,*ffffff,*ffffff,*ffffff', 1, 2, 1, 'NULL', 'SF', 'White Oriental Screen', 'Add an exotic touch to your room'),
(1395, 'wooden_screen*8', '*ffffff,*ffffff,*004B5E,*004B5E,*ffffff,*ffffff', 1, 2, 1, 'NULL', 'SF', 'Night Blue Oriental Screen', 'Add an exotic touch to your room'),
(1396, 'wooden_screen*5', '*ffffff,*ffffff,*778B61,*778B61,*ffffff,*ffffff', 1, 2, 1, 'NULL', 'SF', 'Gray Oriental Screen', 'Add an exotic touch to your room'),
(1397, 'wooden_screen*9', '*ffffff,*ffffff,*A0BE1F,*A0BE1F,*ffffff,*ffffff', 1, 2, 1, 'NULL', 'SF', 'Green Oriental Screen', 'Add an exotic touch to your room'),
(1398, 'wooden_screen*4', '*ffffff,*ffffff,*F7B800,*F7B800,*ffffff,*ffffff', 1, 2, 1, 'NULL', 'SF', 'Golden Oriental Screen', 'Add an exotic touch to your room'),
(1399, 'wooden_screen*6', '*ffffff,*ffffff,*72B6D1,*72B6D1,*ffffff,*ffffff', 1, 2, 1, 'NULL', 'SF', 'Blue Oriental Screen', 'Add an exotic touch to your room'),
(1400, 'wooden_screen*3', '*ffffff,*ffffff,*79E4B3,*79E4B3,*ffffff,*ffffff', 1, 2, 1, 'NULL', 'SF', 'Aqua Oriental Screen', 'Add an exotic touch to your room'),
(1401, 'pillar*6', '*ffffff,*962725,*962725', 1, 1, 3.5, 'NULL', 'SFH', 'Terracotta Pillar', 'Ancient and stately'),
(1402, 'pillar*1', '*ffffff,*FFD0D2,*FFD0D2', 1, 1, 3.5, 'NULL', 'SFH', 'Pink Marble Pillar', 'Ancient and stately'),
(1403, 'pillar*9', '*ffffff,*B2A69D,*B2A69D', 1, 1, 3.5, 'NULL', 'SFH', 'Rock Pillar', 'Ancient and stately'),
(1404, 'pillar*0', '*ffffff,*ffffff,*ffffff', 1, 1, 3.5, 'NULL', 'SFH', 'Greek Pillar', 'Classy architect, for holding up ceilings!'),
(1405, 'pillar*8', '*ffffff,*9A924B,*9A924B', 1, 1, 3.5, 'NULL', 'SFH', 'Roman Pillar', 'All roads lead to Rome'),
(1406, 'pillar*2', '*ffffff,*7B5922,*7B5922', 1, 1, 3.5, 'NULL', 'SFH', 'Nordic Pillar', 'Ancient and stately'),
(1407, 'pillar*5', '*ffffff,*CEDD65,*CEDD65', 1, 1, 3.5, 'NULL', 'SFH', 'Pagan Pillar', 'Find your natural roots'),
(1408, 'pillar*4', '*ffffff,*71797C,*71797C', 1, 1, 3.5, 'NULL', 'SFH', 'Dark Ages Pillar', 'From the time of the Kick Warz'),
(1409, 'pillar*7', '*ffffff,*E6D000,*E6D000', 1, 1, 3.5, 'NULL', 'SFH', 'Atlantean Pillar', 'Recovered from Habblantis'),
(1410, 'pillar*3', '*ffffff,*BDCDEA,*BDCDEA', 1, 1, 3.5, 'NULL', 'SFH', 'blue pillar', 'Ancient and stately'),
(1411, 'rare_dragonlamp*4', '*ffffff,*3e3d40,*3e3d40,0,0,0,0', 1, 1, 1, 'SWITCHON', 'SFM', 'Serpent of Doom', 'Scary and scorching!'),
(1412, 'rare_dragonlamp*0', '*ffffff,*fa2d00,*fa2d00,0,0,0,0', 1, 1, 1, 'SWITCHON', 'SFM', 'Fire Dragon Lamp', 'George and the...'),
(1413, 'rare_dragonlamp*5', '*ffffff,*589a03,*589a03,0,0,0,0', 1, 1, 1, 'SWITCHON', 'SFM', 'Elf Green Dragon Lamp', 'Roast your chestnuts here!'),
(1414, 'rare_dragonlamp*2', '*ffffff,*02bb70,*02bb70,0,0,0,0', 1, 1, 1, 'SWITCHON', 'SFM', 'Jade Dragon Lamp', 'Oriental beast of legends'),
(1415, 'rare_dragonlamp*8', '*ffffff,*ff5f01,*ff5f01,0,0,0,0', 1, 1, 1, 'SWITCHON', 'SFM', 'Bronze Dragon Lamp', 'Scary and scorching!'),
(1416, 'rare_dragonlamp*9', '*FFFFFF,*B357FF,*B357FF,0,0,0,0', 1, 1, 1, 'SWITCHON', 'SFM', 'Purple Dragon Lamp', 'Scary and scorching!'),
(1417, 'rare_dragonlamp*7', '*ffffff,*83aeff,*83aeff,0,0,0,0', 1, 1, 1, 'SWITCHON', 'SFM', 'Sky Dragon Lamp', 'Scary and scorching!'),
(1418, 'rare_dragonlamp*6', '*ffffff,*ffbc00,*ffbc00,0,0,0,0', 1, 1, 1, 'SWITCHON', 'SFM', 'Gold Dragon Lamp', 'Scary and scorching!'),
(1419, 'rare_dragonlamp*1', '*ffffff,*3470ff,*3470ff,0,0,0,0', 1, 1, 1, 'SWITCHON', 'SFM', 'Sea Dragon Lamp', 'Out of the deep blue!'),
(1420, 'rare_dragonlamp*3', '*ffffff,*ffffff,*ffffff,0,0,0,0', 1, 1, 1, 'SWITCHON', 'SFM', 'Silver Dragon Lamp', 'Scary and scorching!'),
(1421, 'rare_icecream*1', '*FFFFFF,*3C75FF,0,0,0', 1, 1, 1, 'DOOROPEN', 'SFT', 'Blueberry Ice Cream Machine', 'Virtual blueberry rocks!'),
(1422, 'rare_icecream*7', '*FFFFFF,*97420C,0,0,0', 1, 1, 1, 'DOOROPEN', 'SFT', 'Chocolate Ice Cream Machine', 'Virtual chocolate rocks!'),
(1423, 'rare_icecream*8', '*FFFFFF,*00E5E2,0,0,0', 1, 1, 1, 'DOOROPEN', 'SFT', 'Peppermint Ice Cream Machine', 'Virtual peppermint rocks!'),
(1424, 'rare_icecream*2', '*FFFFFF,*55CD01,0,0,0', 1, 1, 1, 'DOOROPEN', 'SFT', 'Pistachio Ice Cream Machine', 'Virtual pistachio rocks!'),
(1425, 'rare_icecream*6', '*FFFFFF,*FF8000,0,0,0', 1, 1, 1, 'DOOROPEN', 'SFT', 'Toffee Ice Cream Machine', 'Virtual toffee rocks!'),
(1426, 'rare_icecream*9', '*FFFFFF,*FF60B0,0,0,0', 1, 1, 1, 'DOOROPEN', 'SFT', 'Bubblegum Ice Cream Machine', 'Virtual bubblegum rocks!'),
(1427, 'rare_icecream*3', '*FFFFFF,*C05DFF,0,0,0', 1, 1, 1, 'DOOROPEN', 'SFT', 'Blackcurrant Ice Cream Machine', 'Virtual blackcurrant rocks!'),
(1428, 'rare_icecream*0', '*FFFFFF,*F43100,0,0,0', 1, 1, 1, 'DOOROPEN', 'SFT', 'Cherry Ice Cream Machine', 'Virtual cherry rocks!'),
(1429, 'rare_icecream*4', '*FFFFFF,*FF9898,0,0,0', 1, 1, 1, 'DOOROPEN', 'SFT', 'Strawberry Ice Cream Machine', 'Virtual strawberry rocks!'),
(1430, 'rare_icecream*5', '*FFFFFF,*E1CC00,0,0,0', 1, 1, 1, 'DOOROPEN', 'SFT', 'Vanilla Ice Cream Machine', 'Virtual vanilla rocks!'),
(1431, 'rare_fan*7', '*97420C,0,0,0', 1, 1, 1, 'SWITCHON', 'SFM', 'Brown Powered Fan', '...it''s really hit the fan!'),
(1432, 'rare_fan*6', '*FF8000,0,0,0', 1, 1, 1, 'SWITCHON', 'SFM', 'Ochre Powered Fan', 'It''ll blow you away!'),
(1433, 'rare_fan*9', '*FF60B0,0,0,0', 1, 1, 1, 'SWITCHON', 'SFM', 'Fucsia Powered Fan', 'It''ll blow you away!'),
(1434, 'rare_fan*3', '*C05DFF,0,0,0', 1, 1, 1, 'SWITCHON', 'SFM', 'Purple Dragon Skin Fan', 'Keeps the heat off St George!'),
(1435, 'rare_fan*0', '*F43100,0,0,0', 1, 1, 1, 'SWITCHON', 'SFM', 'Festive Fan', 'As red as Rudolph''s nose'),
(1436, 'rare_fan*4', '*FF9898,0,0,0', 1, 1, 1, 'SWITCHON', 'SFM', 'SUPERLOVE Fan', 'Fanning the fires of SUPERLOVE...'),
(1437, 'rare_fan*5', '*E1CC00,0,0,0', 1, 1, 1, 'SWITCHON', 'SFM', 'Yellow Powered Fan', 'It''ll blow you away!'),
(1438, 'rare_fan*1', '*3C75FF,0,0,0', 1, 1, 1, 'SWITCHON', 'SFM', 'Blue Powered Fan', 'It''ll blow you away!'),
(1439, 'rare_fan*8', '*00E5E2,0,0,0', 1, 1, 1, 'SWITCHON', 'SFM', 'Habbo Wind Turbine', 'Stylish, Eco-Energy!'),
(1440, 'rare_fan*2', '*55CD01,0,0,0', 1, 1, 1, 'SWITCHON', 'SFM', 'Green Powered Fan', 'It''ll blow you away!'),
(1451, 'ticket', '0,0,0', 1, 1, 0.01, 'NULL', 'SF', 'Small Ticket Bundle', 'A bundle of 5 gaming tickets'),
(1453, 'cn_lamp', '0,0,0', 1, 1, 1, 'SWITCHON', 'SFM', 'Lantern', 'Light of the East'),
(1454, 'cn_sofa', '0,0,0', 3, 1, 1, 'NULL', 'SFC', 'Chinese Sofa', 'Seating,Oriental style!'),
(1455, 'sporttrack1*1', '*ffffff,*e4592d,*ffffff', 2, 2, 0.01, 'NULL', 'SFKH', 'Sport track straight', 'null'),
(1456, 'sporttrack1*3', '*ffffff,*5cb800,*ffffff', 2, 2, 0.01, 'NULL', 'SFKH', 'Sport track straight grass', 'null'),
(1457, 'sporttrack1*2', '*ffffff,*62818b,*ffffff', 2, 2, 0.01, 'NULL', 'SFKH', 'Sport track straight asphalt', 'null'),
(1458, 'sporttrack2*1', '*ffffff,*e4592d,*ffffff', 2, 2, 0.01, 'NULL', 'SFKH', 'Sport corner tartan', 'null'),
(1459, 'sporttrack2*2', '*ffffff,*62818b,*ffffff', 2, 2, 0.01, 'NULL', 'SFKH', 'Sport corner asphalt', 'null'),
(1460, 'sporttrack2*3', '*ffffff,*5cb800,*ffffff', 2, 2, 0.01, 'NULL', 'SFKH', 'Sport corner grass', 'null'),
(1461, 'sporttrack3*1', '*ffffff,*e4592d,*ffffff', 2, 2, 0.01, 'NULL', 'SFKH', 'Sport goal tartan', 'null'),
(1462, 'sporttrack3*2', '*ffffff,*62818b,*ffffff', 2, 2, 0.01, 'NULL', 'SFKH', 'Sport goal asphalt', 'null'),
(1463, 'sporttrack3*3', '*ffffff,*5cb800,*ffffff', 2, 2, 0.01, 'NULL', 'SFKH', 'Sport goal grass', 'null'),
(1464, 'footylamp', '0,0,0', 1, 1, 1, 'SWITCHON', 'SFM', 'Football Lamp', 'Can you kick it?'),
(1466, 'divider_nor4*4', '*ffffff,*ffffff,*ABD0D2,*ABD0D2,*ABD0D2,*ABD0D2', 2, 1, 2, 'STATUS', 'SFGDQ', 'Urban Iced Shutter', 'Habbos, roll out!'),
(1467, 'traffic_light*1', '*ffffff,*47738B,*ffffff', 1, 1, 1.5, 'NULL', 'SFT', 'Classic Traffic Light', 'Chill and wait your turn!'),
(1468, 'traffic_light*2', '*ffffff,*2B95E5,*ffffff', 1, 1, 1.5, 'NULL', 'SFT', 'Blue Traffic Light', 'Chill and wait your turn!'),
(1469, 'traffic_light*3', '*ffffff,*E0337A,*ffffff', 1, 1, 1.5, 'NULL', 'SFT', 'Purple Traffic Light', 'Chill and wait your turn!'),
(1470, 'traffic_light*4', '*ffffff,*FFDD24,*ffffff', 1, 1, 1.5, 'NULL', 'SFT', 'Yellow Traffic Light', 'Chill and wait your turn!'),
(1471, 'traffic_light*6', '*ffffff,*EF1D1D,*ffffff', 1, 1, 1.5, 'NULL', 'SFT', 'Red Traffic Light', 'Chill and wait your turn!'),
(1472, 'rubberchair*1', '*4193D6,*ffffff,*ffffff,*ffffff,*ffffff', 1, 1, 1, 'NULL', 'SFC', 'Blue Inflatable Chair', 'Soft and stylish HC chair'),
(1473, 'rubberchair*2', '*F24570,*ffffff,*ffffff,*ffffff,*ffffff', 1, 1, 1, 'NULL', 'SFC', 'Pink Inflatable Chair', 'Soft and tearproof!'),
(1474, 'rubberchair*3', '*F06E3B,*ffffff,*ffffff,*ffffff,*ffffff', 1, 1, 1, 'NULL', 'SFC', 'Orange Inflatable Chair', 'Soft and tearproof!'),
(1475, 'rubberchair*4', '*53C7D5,*ffffff,*ffffff,*ffffff,*ffffff', 1, 1, 1, 'NULL', 'SFC', 'Ocean Inflatable Chair', 'Soft and tearproof!'),
(1476, 'rubberchair*5', '*CBE42D,*ffffff,*ffffff,*ffffff,*ffffff', 1, 1, 1, 'NULL', 'SFC', 'Lime Inflatable Chair', 'Soft and tearproof!'),
(1477, 'rubberchair*6', '*DE4FAE,*ffffff,*ffffff,*ffffff,*ffffff', 1, 1, 1, 'NULL', 'SFC', 'Violet Inflatable Chair', 'Soft and tearproof!'),
(1481, 'rubberchair*7', '*FFFFFF,*ffffff,*ffffff,*ffffff,*ffffff', 1, 1, 1, 'NULL', 'SFC', 'White Inflatable Chair', 'Soft and tearproof!'),
(1482, 'rubberchair*8', '*444444,*ffffff,*ffffff,*ffffff,*ffffff', 1, 1, 1, 'NULL', 'SFC', 'Black Inflatable Chair', 'Soft and tearproof for HC!'),
(1483, 'table_norja_med*2', '*ffffff,*525252', 2, 2, 1, 'NULL', 'SFH', 'Large Coffee Table Black', 'For larger gatherings'),
(1484, 'table_norja_med*3', '*ffffff,*FFFFFF', 2, 2, 1, 'NULL', 'SFH', 'White Iced Table', 'For larger gatherings'),
(1485, 'table_norja_med*4', '*ffffff,*ABD0D2', 2, 2, 1, 'NULL', 'SFH', 'Urban Iced Coffee Table', 'For larger gatherings'),
(1486, 'table_norja_med*5', '*ffffff,*EE7EA4', 2, 2, 1, 'NULL', 'SFH', 'Large Coffee Table Pink', 'For larger gatherings'),
(1487, 'table_norja_med*6', '*ffffff,*5EAAF8', 2, 2, 1, 'NULL', 'SFH', 'Large Coffee Table Blue', 'For larger gatherings'),
(1488, 'table_norja_med*7', '*ffffff,*7CB135', 2, 2, 1, 'NULL', 'SFH', 'Rural Iced Coffee Table', 'For larger gatherings'),
(1489, 'table_norja_med*8', '*ffffff,*FFD837', 2, 2, 1, 'NULL', 'SFH', 'Large Coffee Table Yellow', 'For larger gatherings'),
(1490, 'table_norja_med*9', '*ffffff,*E14218', 2, 2, 1, 'NULL', 'SFH', 'Large Coffee Table Red', 'For larger gatherings'),
(1491, 'couch_norja*2', '*ffffff,*ffffff,*ffffff,*ffffff,*525252,*525252,*525252,*525252', 2, 1, 1, 'NULL', 'SFC', 'Black Bench', 'Two can perch comfortably'),
(1492, 'couch_norja*3', '*ffffff,*ffffff,*ffffff,*ffffff,*ffffff,*ffffff,*ffffff,*ffffff', 2, 1, 1, 'NULL', 'SFC', 'White Iced Bench', 'Two can perch comfortably'),
(1493, 'couch_norja*4', '*ffffff,*ffffff,*ffffff,*ffffff,*ABD0D2,*ABD0D2,*ABD0D2,*ABD0D2', 2, 1, 1, 'NULL', 'SFC', 'Urban Iced Bench', 'Two can perch comfortably'),
(1494, 'couch_norja*5', '*ffffff,*ffffff,*ffffff,*ffffff,*EE7EA4,*EE7EA4,*EE7EA4,*EE7EA4', 2, 1, 1, 'NULL', 'SFC', 'Pink Bench', 'Two can perch comfortably'),
(1495, 'couch_norja*6', '*ffffff,*ffffff,*ffffff,*ffffff,*5EAAF8,*5EAAF8,*5EAAF8,*5EAAF8', 2, 1, 1, 'NULL', 'SFC', 'Blue Bench', 'Two can perch comfortably'),
(1496, 'couch_norja*7', '*ffffff,*ffffff,*ffffff,*ffffff,*7CB135,*7CB135,*7CB135,*7CB135', 2, 1, 1, 'NULL', 'SFC', 'Rural Iced Bench', 'Two can perch comfortably'),
(1497, 'couch_norja*8', '*ffffff,*ffffff,*ffffff,*ffffff,*FFD837,*FFD837,*FFD837,*FFD837', 2, 1, 1, 'NULL', 'SFC', 'Yellow Bench', 'Two can perch comfortably'),
(1498, 'couch_norja*9', '*ffffff,*ffffff,*ffffff,*ffffff,*E14218,*E14218,*E14218,*E14218', 2, 1, 1, 'NULL', 'SFC', 'Red Bench', 'Two can perch comfortably'),
(1499, 'shelves_norja*2', '*ffffff,*525252', 1, 1, 2, 'NULL', 'SF', 'Black Bookcase', 'For nic naks and art deco books'),
(1500, 'shelves_norja*3', '*ffffff,*ffffff', 1, 1, 2, 'NULL', 'SF', 'White Iced Bookcase', 'For nic naks and art deco books'),
(1501, 'shelves_norja*4', '*ffffff,*ABD0D2', 1, 1, 2, 'NULL', 'SF', 'Urban Iced Bookcase', 'For nic naks and tech books'),
(1502, 'shelves_norja*5', '*ffffff,*EE7EA4', 1, 1, 2, 'NULL', 'SF', 'Pink Bookcase', 'For nic naks and art deco books'),
(1503, 'shelves_norja*6', '*ffffff,*5EAAF8', 1, 1, 2, 'NULL', 'SF', 'Blue Bookcase', 'For nic naks and art deco books'),
(1504, 'shelves_norja*7', '*ffffff,*7CB135', 1, 1, 2, 'NULL', 'SF', 'Rural Iced Bookcase', 'For nic naks and cookery books'),
(1505, 'shelves_norja*8', '*ffffff,*FFD837', 1, 1, 2, 'NULL', 'SF', 'Yellow Bookcase', 'For nic naks and art deco books'),
(1506, 'shelves_norja*9', '*ffffff,*E14218', 1, 1, 2, 'NULL', 'SF', 'Red Bookcase', 'For nic naks and art deco books'),
(1507, 'chair_norja*2', '*ffffff,*ffffff,*525252,*525252', 1, 1, 1, 'NULL', 'SFC', 'Black Chair', 'Sleek and chic for each cheek'),
(1508, 'chair_norja*3', '*ffffff,*ffffff,*ffffff,*ffffff', 1, 1, 1, 'NULL', 'SFC', 'White Iced Chair', 'Sleek and chic for each cheek'),
(1509, 'chair_norja*4', '*ffffff,*ffffff,*ABD0D2,*ABD0D2', 1, 1, 1, 'NULL', 'SFC', 'Urban Iced Chair', 'Sleek and chic for each cheek'),
(1510, 'chair_norja*5', '*ffffff,*ffffff,*EE7EA4,*EE7EA4', 1, 1, 1, 'NULL', 'SFC', 'Pink Chair', 'Sleek and chic for each cheek'),
(1511, 'chair_norja*6', '*ffffff,*ffffff,*5EAAF8,*5EAAF8', 1, 1, 1, 'NULL', 'SFC', 'Blue Chair', 'Sleek and chic for each cheek'),
(1512, 'chair_norja*7', '*ffffff,*ffffff,*7CB135,*7CB135', 1, 1, 1, 'NULL', 'SFC', 'Rural Chair', 'Sleek and chic for each cheek'),
(1513, 'chair_norja*8', '*ffffff,*ffffff,*FFD837,*FFD837', 1, 1, 1, 'NULL', 'SFC', 'Yellow Chair', 'Sleek and chic for each cheek'),
(1514, 'chair_norja*9', '*ffffff,*ffffff,*E14218,*E14218', 1, 1, 1, 'NULL', 'SFC', 'Red Chair', 'Sleek and chic for each cheek'),
(1515, 'divider_nor1*2', '*ffffff,*525252', 1, 1, 1, 'NULL', 'SF', 'Black Ice corner', 'Black Ice corner'),
(1516, 'divider_nor1*3', '*ffffff,*ffffff', 1, 1, 1, 'NULL', 'SF', 'White Iced Corner', 'Looks squishy, but isn''t!'),
(1517, 'divider_nor1*4', '*ffffff,*ABD0D2', 1, 1, 1, 'NULL', 'SF', 'Urban Iced Corner', 'The missing piece'),
(1518, 'divider_nor1*5', '*ffffff,*EE7EA4', 1, 1, 1, 'NULL', 'SF', 'Pink Ice corner', 'Pink Ice corner'),
(1519, 'divider_nor1*6', '*ffffff,*5EAAF8', 1, 1, 1, 'NULL', 'SF', 'Blue Ice corner', 'Blue Ice corner'),
(1520, 'divider_nor1*7', '*ffffff,*7CB135', 1, 1, 1, 'NULL', 'SF', 'Rural Iced Corner', 'The missing piece'),
(1521, 'divider_nor1*8', '*ffffff,*FFD837', 1, 1, 1, 'NULL', 'SF', 'Yellow Ice corner', 'Yellow Ice corner'),
(1522, 'divider_nor1*9', '*ffffff,*E14218', 1, 1, 1, 'NULL', 'SF', 'Red Ice corner', 'Red Ice corner'),
(1523, 'soft_sofa_norja*2', '*ffffff,*525252,*ffffff,*525252,*525252,*525252', 2, 1, 1, 'NULL', 'SFC', 'Black Iced Sofa', 'Black Iced Sofa'),
(1524, 'soft_sofa_norja*3', '*ffffff,*ffffff,*ffffff,*ffffff,*ffffff,*ffffff', 2, 1, 1, 'NULL', 'SFC', 'White Iced Sofa', 'Pristine white, keep it clean!'),
(1525, 'soft_sofa_norja*4', '*ffffff,*ABD0D2,*ffffff,*ABD0D2,*ABD0D2,*ABD0D2', 2, 1, 1, 'NULL', 'SFC', 'Urban Iced Sofa', 'Sit back and relax'),
(1526, 'soft_sofa_norja*5', '*ffffff,*EE7EA4,*ffffff,*EE7EA4,*EE7EA4,*EE7EA4', 2, 1, 1, 'NULL', 'SFC', 'Pink Iced Sofa', 'Pink Iced Sofa'),
(1527, 'soft_sofa_norja*6', '*ffffff,*5EAAF8,*ffffff,*5EAAF8,*5EAAF8,*5EAAF8', 2, 1, 1, 'NULL', 'SFC', 'Blue Iced Sofa', 'Blue Iced Sofa'),
(1528, 'soft_sofa_norja*7', '*ffffff,*7CB135,*ffffff,*7CB135,*7CB135,*7CB135', 2, 1, 1, 'NULL', 'SFC', 'Rural Iced Sofa', 'Sit back and relax'),
(1529, 'soft_sofa_norja*8', '*ffffff,*FFD837,*ffffff,*FFD837,*FFD837,*FFD837', 2, 1, 1, 'NULL', 'SFC', 'Yellow Iced Sofa', 'Yellow Iced Sofa'),
(1530, 'soft_sofa_norja*9', '*ffffff,*E14218,*ffffff,*E14218,*E14218,*E14218', 2, 1, 1, 'NULL', 'SFC', 'Red Iced Sofa', 'Red Iced Sofa'),
(1531, 'soft_sofachair_norja*2', '*ffffff,*525252,*525252', 1, 1, 1, 'NULL', 'SFC', 'Black Iced Sofachair', 'Black Iced Sofachair'),
(1532, 'soft_sofachair_norja*3', '*ffffff,*ffffff,*ffffff', 1, 1, 1, 'NULL', 'SFC', 'White Iced Sofachair', 'Soft Iced sofachair'),
(1533, 'soft_sofachair_norja*4', '*ffffff,*ABD0D2,*ABD0D2', 1, 1, 1, 'NULL', 'SFC', 'Urban Iced Sofachair', 'Sit back and relax');
INSERT INTO `item_definitions` (`id`, `sprite`, `color`, `length`, `width`, `height`, `dataclass`, `behaviour`, `name`, `description`) VALUES
(1534, 'soft_sofachair_norja*5', '*ffffff,*EE7EA4,*EE7EA4', 1, 1, 1, 'NULL', 'SFC', 'Pink Iced Sofachair', 'Pink Iced Sofachair'),
(1535, 'soft_sofachair_norja*6', '*ffffff,*5EAAF8,*5EAAF8', 1, 1, 1, 'NULL', 'SFC', 'Blue Iced Sofachair', 'Blue Iced Sofachair'),
(1536, 'soft_sofachair_norja*7', '*ffffff,*7CB135,*7CB135', 1, 1, 1, 'NULL', 'SFC', 'Rural Iced Sofachair', 'Sit back and relax'),
(1537, 'soft_sofachair_norja*8', '*ffffff,*FFD837,*FFD837', 1, 1, 1, 'NULL', 'SFC', 'Yellow Iced Sofachair', 'Yellow Iced Sofachair'),
(1538, 'soft_sofachair_norja*9', '*ffffff,*E14218,*E14218', 1, 1, 1, 'NULL', 'SFC', 'Red Iced Sofachair', 'Red Iced Sofachair'),
(1539, 'sofachair_silo*2', '*ffffff,*ffffff,*525252,*525252', 1, 1, 1, 'NULL', 'SFC', 'Black Armchair', 'Large, but worth it'),
(1540, 'sofachair_silo*3', '*ffffff,*ffffff,*ffffff,*ffffff', 1, 1, 1, 'NULL', 'SFC', 'White Armchair', 'Large, but worth it'),
(1541, 'sofachair_silo*4', '*ffffff,*ffffff,*F7EBBC,*F7EBBC', 1, 1, 1, 'NULL', 'SFC', 'Beige Area Armchair', 'Beige Area Armchair'),
(1542, 'sofachair_silo*5', '*ffffff,*ffffff,*EE7EA4,*EE7EA4', 1, 1, 1, 'NULL', 'SFC', 'Pink Area Armchair', 'Pink Area Armchair'),
(1543, 'sofachair_silo*6', '*ffffff,*ffffff,*5EAAF8,*5EAAF8', 1, 1, 1, 'NULL', 'SFC', 'Blue Area Armchair', 'Sit back and relax!'),
(1544, 'sofachair_silo*7', '*ffffff,*ffffff,*7CB135,*7CB135', 1, 1, 1, 'NULL', 'SFC', 'Green Area Armchair', 'Sit back and relax!'),
(1545, 'sofachair_silo*8', '*ffffff,*ffffff,*FFD837,*FFD837', 1, 1, 1, 'NULL', 'SFC', 'Yellow Armchair', 'Large, but worth it'),
(1546, 'sofachair_silo*9', '*ffffff,*ffffff,*E14218,*E14218', 1, 1, 1, 'NULL', 'SFC', 'Red Area Armchair', 'Red Area Armchair'),
(1547, 'table_silo_small*2', '*ffffff,*525252', 1, 1, 1, 'NULL', 'SFH', 'Black Occasional Table', 'For those random moments'),
(1548, 'table_silo_small*3', '*ffffff,*ffffff', 1, 1, 1, 'NULL', 'SFH', 'White Occasional Table', 'For those random moments'),
(1549, 'table_silo_small*4', '*ffffff,*F7EBBC', 1, 1, 1, 'NULL', 'SFH', 'Beige Area Occasional Table', 'Beige Area Occasional Table'),
(1550, 'table_silo_small*5', '*ffffff,*EE7EA4', 1, 1, 1, 'NULL', 'SFH', 'Pink Area Occasional Table', 'Pink Area Occasional Table'),
(1551, 'table_silo_small*6', '*ffffff,*5EAAF8', 1, 1, 1, 'NULL', 'SFH', 'Blue Area Occasional Table', 'Small and elegant'),
(1552, 'table_silo_small*7', '*ffffff,*7CB135', 1, 1, 1, 'NULL', 'SFH', 'Green Area Occasional Table', 'Small and elegant'),
(1553, 'table_silo_small*8', '*ffffff,*FFD837', 1, 1, 1, 'NULL', 'SFH', 'Yellow Occasional Table', 'For those random moments'),
(1554, 'table_silo_small*9', '*ffffff,*E14218', 1, 1, 1, 'NULL', 'SFH', 'Red Area Occasional Table', 'Red Area Occasional Table'),
(1555, 'divider_silo1*2', '*ffffff,*525252', 1, 1, 1, 'NULL', 'SFH', 'Black Corner Shelf', 'Neat and natty'),
(1556, 'divider_silo1*3', '*ffffff,*ffffff', 1, 1, 1, 'NULL', 'SFH', 'White Corner Shelf', 'Neat and natty'),
(1557, 'divider_silo1*4', '*ffffff,*F7EBBC', 1, 1, 1, 'NULL', 'SFH', 'Beige Area Corner Shelf', 'Beige Area Corner Shelf'),
(1558, 'divider_silo1*5', '*ffffff,*EE7EA4', 1, 1, 1, 'NULL', 'SFH', 'Pink Area Corner Shelf', 'Pink Area Corner Shelf'),
(1559, 'divider_silo1*6', '*ffffff,*5EAAF8', 1, 1, 1, 'NULL', 'SFH', 'Blue Area Corner Shelf', 'Tuck it away!'),
(1560, 'divider_silo1*7', '*ffffff,*7CB135', 1, 1, 1, 'NULL', 'SFH', 'Green Area Corner Shelf', 'Tuck it away!'),
(1561, 'divider_silo1*8', '*ffffff,*FFD837', 1, 1, 1, 'NULL', 'SFH', 'Yellow Corner Shelf', 'Neat and natty'),
(1562, 'divider_silo1*9', '*ffffff,*E14218', 1, 1, 1, 'NULL', 'SFH', 'Red Area Small Table', 'Red Area Small Table'),
(1563, 'divider_silo3*2', '*ffffff,*ffffff,*ffffff,*525252', 1, 1, 1, 'STATUS', 'SFGDQ', 'Black Area Gate', 'Form following function'),
(1564, 'divider_silo3*3', '*ffffff,*ffffff,*ffffff,*ffffff', 1, 1, 1, 'STATUS', 'SFGDQ', 'White Area Gate', 'Form following function'),
(1565, 'divider_silo3*4', '*ffffff,*ffffff,*ffffff,*F7EBBC', 1, 1, 1, 'STATUS', 'SFGDQ', 'Beige Area Gate', 'Beige Area Gate'),
(1566, 'divider_silo3*5', '*ffffff,*ffffff,*ffffff,*EE7EA4', 1, 1, 1, 'STATUS', 'SFGDQ', 'Pink Area Gate', 'Pink Area Gate'),
(1567, 'divider_silo3*6', '*ffffff,*ffffff,*ffffff,*5EAAF8', 1, 1, 1, 'STATUS', 'SFGDQ', 'Blue Area Gate', 'Door (lockable)'),
(1568, 'divider_silo3*7', '*ffffff,*ffffff,*ffffff,*7CB135', 1, 1, 1, 'STATUS', 'SFGDQ', 'Green Area Gate', 'Door (lockable)'),
(1569, 'divider_silo3*8', '*ffffff,*ffffff,*ffffff,*FFD837', 1, 1, 1, 'STATUS', 'SFGDQ', 'Yellow Area Gate', 'Form following function'),
(1570, 'divider_silo3*9', '*ffffff,*ffffff,*ffffff,*E14218', 1, 1, 1, 'STATUS', 'SFGDQ', 'Red Area Gate', 'Red Area Gate'),
(1571, 'table_silo_med*2', '*ffffff,*525252', 2, 2, 1, 'NULL', 'SFH', 'Black Coffee Table', 'Wipe clean and unobtrusive'),
(1572, 'table_silo_med*3', '*ffffff,*ffffff', 2, 2, 1, 'NULL', 'SFH', 'White Coffee Table', 'Wipe clean and unobtrusive'),
(1573, 'table_silo_med*4', '*ffffff,*F7EBBC', 2, 2, 1, 'NULL', 'SFH', 'Beige Area Coffee Table', 'Beige Area Coffee Table'),
(1574, 'table_silo_med*5', '*ffffff,*EE7EA4', 2, 2, 1, 'NULL', 'SFH', 'Pink Area Coffee Table', 'Pink Area Coffee Table'),
(1575, 'table_silo_med*6', '*ffffff,*5EAAF8', 2, 2, 1, 'NULL', 'SFH', 'Blue Area Coffee Table', 'Gather everyone round'),
(1576, 'table_silo_med*7', '*ffffff,*7CB135', 2, 2, 1, 'NULL', 'SFH', 'Green Area Coffee Table', 'Gather everyone round'),
(1577, 'table_silo_med*8', '*ffffff,*FFD837', 2, 2, 1, 'NULL', 'SFH', 'Yellow Coffee Table', 'Wipe clean and unobtrusive'),
(1578, 'table_silo_med*9', '*ffffff,*E14218', 2, 2, 1, 'NULL', 'SFH', 'Red Area Coffee Table', 'Red Area Coffee Table'),
(1579, 'sofa_silo*2', '*ffffff,*ffffff,*ffffff,*ffffff,*525252,*525252,*525252,*525252', 2, 1, 1, 'NULL', 'SFC', 'Black Two-Seater Sofa', 'Cushioned, understated comfort'),
(1580, 'sofa_silo*3', '*ffffff,*ffffff,*ffffff,*ffffff,*ffffff,*ffffff,*ffffff,*ffffff', 2, 1, 1, 'NULL', 'SFC', 'White Two-Seater Sofa', 'Cushioned, understated comfort'),
(1581, 'sofa_silo*4', '*ffffff,*ffffff,*ffffff,*ffffff,*F7EBBC,*F7EBBC,*F7EBBC,*F7EBBC', 2, 1, 1, 'NULL', 'SFC', 'Beige Area Sofa', 'Beige Area Sofa'),
(1582, 'sofa_silo*5', '*ffffff,*ffffff,*ffffff,*ffffff,*EE7EA4,*EE7EA4,*EE7EA4,*EE7EA4', 2, 1, 1, 'NULL', 'SFC', 'Pink Area Sofa', 'Pink Area Sofa'),
(1583, 'sofa_silo*6', '*ffffff,*ffffff,*ffffff,*ffffff,*5EAAF8,*5EAAF8,*5EAAF8,*5EAAF8', 2, 1, 1, 'NULL', 'SFC', 'Blue Area Sofa', 'Put your feet up!'),
(1584, 'sofa_silo*7', '*ffffff,*ffffff,*ffffff,*ffffff,*7CB135,*7CB135,*7CB135,*7CB135', 2, 1, 1, 'NULL', 'SFC', 'Green Area Sofa', 'Put your feet up!'),
(1585, 'sofa_silo*8', '*ffffff,*ffffff,*ffffff,*ffffff,*FFD837,*FFD837,*FFD837,*FFD837', 2, 1, 1, 'NULL', 'SFC', 'Yellow Two-Seater Sofa', 'Cushioned, understated comfort'),
(1586, 'sofa_silo*9', '*ffffff,*ffffff,*ffffff,*ffffff,*E14218,*E14218,*E14218,*E14218', 2, 1, 1, 'NULL', 'SFC', 'Red Area Sofa', 'Red Area Sofa'),
(1587, 'sofachair_polyfon*2', '*ffffff,*ffffff,*525252,*525252', 1, 1, 1, 'NULL', 'SFC', 'Black Mode Armchair', 'Black Mode Armchair'),
(1588, 'sofachair_polyfon*3', '*ffffff,*ffffff,*ffffff,*ffffff', 1, 1, 1, 'NULL', 'SFC', 'White Armchair', 'Loft-style comfort'),
(1589, 'sofachair_polyfon*4', '*ffffff,*ffffff,*F7EBBC,*F7EBBC', 1, 1, 1, 'NULL', 'SFC', 'Beige Mode Armchair', 'Beige Mode Armchair'),
(1590, 'sofachair_polyfon*6', '*ffffff,*ffffff,*5EAAF8,*5EAAF8', 1, 1, 1, 'NULL', 'SFC', 'Blue Mode Armchair', 'Blue Mode Armchair'),
(1591, 'sofachair_polyfon*7', '*ffffff,*ffffff,*7CB135,*7CB135', 1, 1, 1, 'NULL', 'SFC', 'Green Mode Armchair', 'Green Mode Armchair'),
(1592, 'sofachair_polyfon*8', '*ffffff,*ffffff,*FFD837,*FFD837', 1, 1, 1, 'NULL', 'SFC', 'Yellow Mode Armchair', 'Yellow Mode Armchair'),
(1593, 'sofachair_polyfon*9', '*ffffff,*ffffff,*E14218,*E14218', 1, 1, 1, 'NULL', 'SFC', 'Red Armchair', 'Loft-style comfort'),
(1601, 'bed_polyfon*2', '*ffffff,*ffffff,*525252,*525252', 2, 3, 1, 'NULL', 'SFB', 'Black Mode Double Bed', 'Black Mode Double Bed'),
(1602, 'bed_polyfon*3', '*ffffff,*ffffff,*ffffff,*ffffff', 2, 3, 1, 'NULL', 'SFB', 'White Double Bed', 'Give yourself space to stretch out'),
(1603, 'bed_polyfon*4', '*ffffff,*ffffff,*F7EBBC,*F7EBBC', 2, 3, 1, 'NULL', 'SFB', 'Beige Mode Double Bed', 'Beige Mode Double Bed'),
(1604, 'bed_polyfon*6', '*ffffff,*ffffff,*5EAAF8,*5EAAF8', 2, 3, 1, 'NULL', 'SFB', 'Blue Mode Double Bed', 'Blue Mode Double Bed'),
(1605, 'bed_polyfon*7', '*ffffff,*ffffff,*7CB135,*7CB135', 2, 3, 1, 'NULL', 'SFB', 'Green Mode Double Bed', 'Green Mode Double Bed'),
(1606, 'bed_polyfon*8', '*ffffff,*ffffff,*FFD837,*FFD837', 2, 3, 1, 'NULL', 'SFB', 'Yellow Mode Double Bed', 'Yellow Mode Double Bed'),
(1607, 'bed_polyfon*9', '*ffffff,*ffffff,*E14218,*E14218', 2, 3, 1, 'NULL', 'SFB', 'Red Double Bed', 'Give yourself space to stretch out'),
(1608, 'bed_polyfon_one*2', '*ffffff,*ffffff,*ffffff,*525252,*525252', 1, 3, 1, 'NULL', 'SFB', 'Black Mode Single Bed', 'Black Mode Single Bed'),
(1609, 'bed_polyfon_one*3', '*ffffff,*ffffff,*ffffff,*ffffff,*ffffff', 1, 3, 1, 'NULL', 'SFB', 'White Single Bed', 'Cot of the artistic'),
(1610, 'bed_polyfon_one*4', '*ffffff,*ffffff,*ffffff,*F7EBBC,*F7EBBC', 1, 3, 1, 'NULL', 'SFB', 'Beige Mode Single Bed', 'Beige Mode Single Bed'),
(1611, 'bed_polyfon_one*6', '*ffffff,*ffffff,*ffffff,*5EAAF8,*5EAAF8', 1, 3, 1, 'NULL', 'SFB', 'Blue Mode Single Bed', 'Blue Mode Single Bed'),
(1612, 'bed_polyfon_one*7', '*ffffff,*ffffff,*ffffff,*7CB135,*7CB135', 1, 3, 1, 'NULL', 'SFB', 'Green Mode Single Bed', 'Green Mode Single Bed'),
(1613, 'bed_polyfon_one*8', '*ffffff,*ffffff,*ffffff,*FFD837,*FFD837', 1, 3, 1, 'NULL', 'SFB', 'Yellow Mode Single Bed', 'Yellow Mode Single Bed'),
(1614, 'bed_polyfon_one*9', '*ffffff,*ffffff,*ffffff,*E14218,*E14218', 1, 3, 1, 'NULL', 'SFB', 'Red Single Bed', 'Cot of the artistic'),
(1615, 'bardesk_polyfon*2', '*ffffff,*ffffff,*525252,*525252', 2, 1, 1, 'NULL', 'SFH', 'Black Mode Bardesk', 'Black Mode Bardesk'),
(1616, 'bardesk_polyfon*3', '*ffffff,*ffffff,*ffffff,*ffffff', 2, 1, 1, 'NULL', 'SFH', 'White Bardesk', 'Perfect for work or play'),
(1617, 'bardesk_polyfon*4', '*ffffff,*ffffff,*F7EBBC,*F7EBBC', 2, 1, 1, 'NULL', 'SFH', 'Beige Mode Bardesk', 'Beige Mode Bardesk'),
(1618, 'bardesk_polyfon*5', '*ffffff,*ffffff,*FF9BBD,*FF9BBD', 2, 1, 1, 'NULL', 'SFH', 'Candy Bar', 'For cute constructions'),
(1619, 'bardesk_polyfon*6', '*ffffff,*ffffff,*5EAAF8,*5EAAF8', 2, 1, 1, 'NULL', 'SFH', 'Blue Mode Bardesk', 'Blue Mode Bardesk'),
(1620, 'bardesk_polyfon*7', '*ffffff,*ffffff,*7CB135,*7CB135', 2, 1, 1, 'NULL', 'SFH', 'Green Mode Bardesk', 'Green Mode Bardesk'),
(1621, 'bardesk_polyfon*8', '*ffffff,*ffffff,*FFD837,*FFD837', 2, 1, 1, 'NULL', 'SFH', 'Yellow Mode Bardesk', 'Yellow Mode Bardesk'),
(1622, 'bardesk_polyfon*9', '*ffffff,*ffffff,*E14218,*E14218', 2, 1, 1, 'NULL', 'SFH', 'Red Bardesk', 'Perfect for work or play'),
(1631, 'divider_poly3*2', '*ffffff,*ffffff,*ffffff,*525252,*525252', 1, 1, 1, 'STATUS', 'SFGDQ', 'Black Mode Bardesk Gate', 'Black Mode Bardesk Gate'),
(1632, 'divider_poly3*3', '*ffffff,*ffffff,*ffffff,*ffffff,*ffffff', 1, 1, 1, 'STATUS', 'SFGDQ', 'White Hatch', 'Border control!'),
(1633, 'divider_poly3*4', '*ffffff,*ffffff,*ffffff,*F7EBBC,*F7EBBC', 1, 1, 1, 'STATUS', 'SFGDQ', 'Beige Mode Bardesk Gate', 'Beige Mode Bardesk Gate'),
(1634, 'divider_poly3*5', '*ffffff,*ffffff,*ffffff,*EE7EA4,*EE7EA4', 1, 1, 1, 'STATUS', 'SFGDQ', 'Candy Hatch (Lockable)', 'Keep the Pink in!'),
(1635, 'divider_poly3*6', '*ffffff,*ffffff,*ffffff,*5EAAF8,*5EAAF8', 1, 1, 1, 'STATUS', 'SFGDQ', 'Blue Mode Bardesk Gate', 'Blue Mode Bardesk Gate'),
(1636, 'divider_poly3*7', '*ffffff,*ffffff,*ffffff,*7CB135,*7CB135', 1, 1, 1, 'STATUS', 'SFGDQ', 'Green Mode Bardesk Gate', 'Green Mode Bardesk Gate'),
(1637, 'divider_poly3*8', '*ffffff,*ffffff,*ffffff,*FFD837,*FFD837', 1, 1, 1, 'STATUS', 'SFGDQ', 'Yellow Mode Bardesk Gate', 'Yellow Mode Bardesk Gate'),
(1638, 'divider_poly3*9', '*ffffff,*ffffff,*ffffff,*E14218,*E14218', 1, 1, 1, 'STATUS', 'SFGDQ', 'Red Hatch', 'Border Control!'),
(1639, 'chair_silo*2', '*ffffff,*ffffff,*525252,*525252', 1, 1, 1, 'NULL', 'SFC', 'Black Dining Chair', 'Keep it simple'),
(1640, 'chair_silo*3', '*ffffff,*ffffff,*ffffff,*ffffff', 1, 1, 1, 'NULL', 'SFC', 'White Dining Chair', 'Keep it simple'),
(1641, 'chair_silo*4', '*ffffff,*ffffff,*F7EBBC,*F7EBBC', 1, 1, 1, 'NULL', 'SFC', 'Beige Silo Dining Chair', 'Beige Silo Dining Chair'),
(1642, 'chair_silo*5', '*ffffff,*ffffff,*EE7EA4,*EE7EA4', 1, 1, 1, 'NULL', 'SFC', 'Pink Silo Dining Chair', 'Pink Silo Dining Chair'),
(1643, 'chair_silo*6', '*ffffff,*ffffff,*5EAAF8,*5EAAF8', 1, 1, 1, 'NULL', 'SFC', 'Blue Area Dining Chair', 'Wooden dining chair'),
(1644, 'chair_silo*7', '*ffffff,*ffffff,*7CB135,*7CB135', 1, 1, 1, 'NULL', 'SFC', 'Green Area Dining Chair', 'Wooden dining chair'),
(1645, 'chair_silo*8', '*ffffff,*ffffff,*FFD837,*FFD837', 1, 1, 1, 'NULL', 'SFC', 'Yellow Dining Chair', 'Keep it simple'),
(1646, 'chair_silo*9', '*ffffff,*ffffff,*E14218,*E14218', 1, 1, 1, 'NULL', 'SFC', 'Red Silo Dining Chair', 'Red Silo Dining Chair'),
(1647, 'divider_nor3*2', '*ffffff,*ffffff,*525252,*525252', 1, 1, 1, 'STATUS', 'SFGDQ', 'Black Iced gate', 'Black Iced gate'),
(1648, 'divider_nor3*3', '*ffffff,*ffffff,*ffffff,*ffffff', 1, 1, 1, 'STATUS', 'SFGDQ', 'White Iced Gate', 'Do go through...'),
(1649, 'divider_nor3*4', '*ffffff,*ffffff,*ABD0D2,*ABD0D2', 1, 1, 1, 'STATUS', 'SFGDQ', 'Urban Iced Gate', 'Entrance or exit?'),
(1650, 'divider_nor3*5', '*ffffff,*ffffff,*EE7EA4,*EE7EA4', 1, 1, 1, 'STATUS', 'SFGDQ', 'Pink Iced gate', 'Pink Iced gate'),
(1651, 'divider_nor3*6', '*ffffff,*ffffff,*5EAAF8,*5EAAF8', 1, 1, 1, 'STATUS', 'SFGDQ', 'Blue Iced gate', 'Blue Iced gate'),
(1652, 'divider_nor3*7', '*ffffff,*ffffff,*7CB135,*7CB135', 1, 1, 1, 'STATUS', 'SFGDQ', 'Rural Iced gate', 'Entrance or exit?'),
(1653, 'divider_nor3*8', '*ffffff,*ffffff,*FFD837,*FFD837', 1, 1, 1, 'STATUS', 'SFGDQ', 'Yellow Iced gate', 'Yellow Iced gate'),
(1654, 'divider_nor3*9', '*ffffff,*ffffff,*E14218,*E14218', 1, 1, 1, 'STATUS', 'SFGDQ', 'Red Iced gate', 'Red Iced gate'),
(1655, 'divider_nor2*2', '*ffffff,*ffffff,*525252,*525252', 2, 1, 1, 'NULL', 'SF', 'Black Iced bar desk', 'Black Iced bar desk'),
(1656, 'divider_nor2*3', '*ffffff,*ffffff,*ffffff,*ffffff', 2, 1, 1, 'NULL', 'SF', 'White Iced Bar-Desk', 'Strong, yet soft looking'),
(1657, 'divider_nor2*4', '*ffffff,*ffffff,*ABD0D2,*ABD0D2', 2, 1, 1, 'NULL', 'SF', 'Urban Iced Bar', 'No way through'),
(1658, 'divider_nor2*5', '*ffffff,*ffffff,*EE7EA4,*EE7EA4', 2, 1, 1, 'NULL', 'SF', 'Pink Iced bar desk', 'Pink Iced bar desk'),
(1659, 'divider_nor2*6', '*ffffff,*ffffff,*5EAAF8,*5EAAF8', 2, 1, 1, 'NULL', 'SF', 'Blue Iced  bar desk', 'Blue Iced  bar desk'),
(1660, 'divider_nor2*7', '*ffffff,*ffffff,*7CB135,*7CB135', 2, 1, 1, 'NULL', 'SF', 'Rural Iced Bar', 'No way through'),
(1661, 'divider_nor2*8', '*ffffff,*ffffff,*FFD837,*FFD837', 2, 1, 1, 'NULL', 'SF', 'Yellow Iced  bar desk', 'Yellow Iced  bar desk'),
(1662, 'divider_nor2*9', '*ffffff,*ffffff,*E14218,*E14218', 2, 1, 1, 'NULL', 'SF', 'Red Iced  bar desk', 'Red Iced  bar desk'),
(1663, 'silo_studydesk', '0,0,0', 2, 1, 1, 'SWITCHON', 'SFM', 'Area Quest Desk', 'For the true Habbo Scholars'),
(1664, 'solarium_norja', '*ffffff,*ffffff,*ffffff', 1, 1, 2.5, 'NULL', 'SFH', 'White Solarium', 'Rejuvenate your pixels!'),
(1673, 'sandrug', '0,0,0', 2, 2, 0.01, 'NULL', 'SFKH', 'Tropical Beach Rug', 'Your own paradise island'),
(1677, 'sleepingbag*1', '*ed796b,*ffffff,*ed796b,*ffffff,*ed796b,*ffffff', 1, 3, 0.8, 'NULL', 'SFB', 'Red Sleeping Bag', 'Ultimate coziness'),
(1678, 'sleepingbag*2', '*d3ff82,*ffffff,*d3ff82,*ffffff,*d3ff82,*ffffff', 1, 3, 0.8, 'NULL', 'SFB', 'Lime Sleeping Bag', 'Ultimate coziness'),
(1679, 'sleepingbag*3', '*8aeded,*ffffff,*8aeded,*ffffff,*8aeded,*ffffff', 1, 3, 0.8, 'NULL', 'SFB', 'Ocean Sleeping Bag', 'Ultimate coziness'),
(1680, 'sleepingbag*4', '*a9bc82,*ffffff,*a9bc82,*ffffff,*a9bc82,*ffffff', 1, 3, 0.8, 'NULL', 'SFB', 'Army Sleeping Bag', 'Ultimate coziness'),
(1682, 'sleepingbag*7', '*e49350,*ffffff,*e49350,*ffffff,*e49350,*ffffff', 1, 3, 0.8, 'NULL', 'SFB', 'Orange Sleeping Bag', 'Ultimate coziness'),
(1683, 'sleepingbag*9', '*3badf7,*ffffff,*3badf7,*ffffff,*3badf7,*ffffff', 1, 3, 0.8, 'NULL', 'SFB', 'Blue Sleeping Bag', 'Ultimate coziness'),
(1684, 'sleepingbag*5', '*9f9f9f,*ffffff,*9f9f9f,*ffffff,*9f9f9f,*ffffff', 1, 3, 0.8, 'NULL', 'SFB', 'Graphite Sleeping Bag', 'Ultimate coziness'),
(1685, 'sleepingbag*10', '*f3dac2,*ffffff,*f3dac2,*ffffff,*f3dac2,*ffffff', 1, 3, 0.8, 'NULL', 'SFB', 'Khaki Sleeping Bag', 'Ultimate coziness'),
(1686, 'sleepingbag*6', '*a78acf,*ffffff,*a78acf,*ffffff,*a78acf,*ffffff', 1, 3, 0.8, 'NULL', 'SFB', 'Purple Sleeping Bag', 'Ultimate coziness'),
(1687, 'sleepingbag*8', '*ffcc5a,*ffffff,*ffcc5a,*ffffff,*ffcc5a,*ffffff', 1, 3, 0.8, 'NULL', 'SFB', 'Golden Sleeping Bag', 'Ultimate coziness for SnowStorm winners'),
(1688, 'china_shelve', '0,0,0', 2, 1, 2, 'NULL', 'SF', 'Chinese Lacquer Bookshelf', 'To hold the mind''s treasures'),
(1689, 'traffic_light*5', '*ffffff,*ffffff,*ffffff', 1, 1, 1.5, 'NULL', 'SFT', 'White Traffic Light', 'Chill and wait your turn!'),
(1690, 'divider_nor4*2', '*ffffff,*ffffff,*525252,*525252,*525252,*525252', 2, 1, 2, 'STATUS', 'SFGDQ', 'Black Iced Auto Shutter', 'Habbos, roll out!'),
(1691, 'divider_nor4*3', '*ffffff,*ffffff,*ffffff,*ffffff,*ffffff,*ffffff', 2, 1, 2, 'STATUS', 'SFGDQ', 'White Iced Auto Shutter', 'Habbos, roll out!'),
(1692, 'divider_nor4*5', '*ffffff,*ffffff,*EE7EA4,*EE7EA4,*EE7EA4,*EE7EA4', 2, 1, 2, 'STATUS', 'SFGDQ', 'Pink Iced Auto Shutter', 'Habbos, roll out!'),
(1693, 'divider_nor4*6', '*ffffff,*ffffff,*5EAAF8,*5EAAF8,*5EAAF8,*5EAAF8', 2, 1, 2, 'STATUS', 'SFGDQ', 'Blue Iced Auto Shutter', 'Habbos, roll out!'),
(1694, 'divider_nor4*7', '*ffffff,*ffffff,*7CB135,*7CB135,*7CB135,*7CB135', 2, 1, 2, 'STATUS', 'SFGDQ', 'Rural Iced Shutter', 'Habbos, roll out!'),
(1695, 'divider_nor4*8', '*ffffff,*ffffff,*FFD837,*FFD837,*FFD837,*FFD837', 2, 1, 2, 'STATUS', 'SFGDQ', 'Yellow Iced Auto Shutter', 'Habbos, roll out!'),
(1696, 'divider_nor4*9', '*ffffff,*ffffff,*E14218,*E14218,*E14218,*E14218', 2, 1, 2, 'STATUS', 'SFGDQ', 'Red Iced Auto Shutter', 'Habbos, roll out!'),
(1697, 'divider_nor5*2', '*ffffff,*525252,*525252', 1, 1, 2, 'STATUS', 'SFGDQ', 'Black Iced Angle', 'Cool cornering for your crib y0!'),
(1698, 'divider_nor5*3', '*ffffff,*ffffff,*ffffff', 1, 1, 2, 'STATUS', 'SFGDQ', 'White Iced Angle', 'Cool cornering for your crib y0!'),
(1699, 'divider_nor5*4', '*ffffff,*ABD0D2,*ABD0D2', 1, 1, 2, 'STATUS', 'SFGDQ', 'Urban Iced Angle', 'Cool cornering for your crib!'),
(1700, 'divider_nor5*5', '*ffffff,*EE7EA4,*EE7EA4', 1, 1, 2, 'STATUS', 'SFGDQ', 'Pink Iced Angle', 'Cool cornering for your crib y0!'),
(1701, 'divider_nor5*6', '*ffffff,*5EAAF8,*5EAAF8', 1, 1, 2, 'STATUS', 'SFGDQ', 'Blue Iced Angle', 'Cool cornering for your crib y0!'),
(1702, 'divider_nor5*7', '*ffffff,*7CB135,*7CB135', 1, 1, 2, 'STATUS', 'SFGDQ', 'Rural Iced Angle', 'Cool cornering for your crib!'),
(1703, 'divider_nor5*8', '*ffffff,*FFD837,*FFD837', 1, 1, 2, 'STATUS', 'SFGDQ', 'Yellow Iced Angle', 'Cool cornering for your crib y0!'),
(1704, 'divider_nor5*9', '*ffffff,*E14218,*E14218', 1, 1, 2, 'STATUS', 'SFGDQ', 'Red Iced Angle', 'Cool cornering for your crib y0!'),
(1705, 'divider_nor5', '*ffffff,*F7EBBC,*F7EBBC', 1, 1, 2, 'STATUS', 'SFGDQ', 'Plain Iced Angle', 'Cool cornering for your crib y0!'),
(1706, 'divider_nor4', '*ffffff,*ffffff,*F7EBBC,*F7EBBC,*F7EBBC,*F7EBBC', 2, 1, 2, 'STATUS', 'SFGDQ', 'Plain Iced Auto Shutter', 'Habbos, roll out!'),
(1707, 'wall_china', '0,0,0', 1, 1, 1, 'NULL', 'SF', 'Dragon Screen', 'For your great wall'),
(1708, 'corner_china', '0,0,0', 1, 1, 1, 'NULL', 'SF', 'Dragon Screen', 'Firm, fireproof foundation'),
(1709, 'barchair_silo*2', '*ffffff,*525252', 1, 1, 1, 'NULL', 'SFC', 'Black Bar Stool', 'Practical and convenient'),
(1710, 'barchair_silo*3', '*ffffff,*ffffff', 1, 1, 1, 'NULL', 'SFC', 'White Bar Stool', 'Practical and convenient'),
(1711, 'barchair_silo*4', '*ffffff,*F7EBBC', 1, 1, 1, 'NULL', 'SFC', 'Beige Bar Stool', 'Practical and convenient'),
(1712, 'barchair_silo*5', '*ffffff,*ee7ea4', 1, 1, 1, 'NULL', 'SFC', 'Pink Bar Stool', 'Practical and convenient'),
(1713, 'barchair_silo*6', '*ffffff,*5eaaf8', 1, 1, 1, 'NULL', 'SFC', 'Blue Bar Stool', 'Take a perch!'),
(1714, 'barchair_silo*7', '*ffffff,*7cb135', 1, 1, 1, 'NULL', 'SFC', 'Green Bar Stool', 'Take a perch!'),
(1715, 'barchair_silo*8', '*ffffff,*ffd837', 1, 1, 1, 'NULL', 'SFC', 'Yellow Bar Stool', 'Practical and convenient'),
(1716, 'barchair_silo*9', '*ffffff,*e14218', 1, 1, 1, 'NULL', 'SFC', 'Red Bar Stool', 'Practical and convenient'),
(1717, 'safe_silo*2', '*ffffff,*525252,*525252,*ffffff', 1, 1, 1, 'DOOROPEN', 'SF', 'Black Safe Minibar', 'Totally shatter-proof!'),
(1718, 'safe_silo*3', '*ffffff,*bfbfbf,*bfbfbf,*ffffff', 1, 1, 1, 'DOOROPEN', 'SF', 'White Safe Minibar', 'Totally shatter-proof!'),
(1719, 'safe_silo*4', '*ffffff,*f7ebbc,*f7ebbc,*ffffff', 1, 1, 1, 'DOOROPEN', 'SF', 'Beige Safe Minibar', 'Totally shatter-proof!'),
(1720, 'safe_silo*5', '*ffffff,*ee7ea4,*ee7ea4,*ffffff', 1, 1, 1, 'DOOROPEN', 'SF', 'Pink Safe Minibar', 'Totally shatter-proof!'),
(1721, 'safe_silo*6', '*ffffff,*5eaaf8,*5eaaf8,*ffffff', 1, 1, 1, 'DOOROPEN', 'SF', 'Blue Safe Minibar', 'Totally shatter-proof!'),
(1722, 'safe_silo*7', '*ffffff,*7cb135,*7cb135,*ffffff', 1, 1, 1, 'DOOROPEN', 'SF', 'Green Safe Minibar', 'Totally shatter-proof!'),
(1723, 'safe_silo*8', '*ffffff,*ffd837,*ffd837,*ffffff', 1, 1, 1, 'DOOROPEN', 'SF', 'Yellow Safe Minibar', 'Totally shatter-proof!'),
(1724, 'safe_silo*9', '*ffffff,*e14218,*e14218,*ffffff', 1, 1, 1, 'DOOROPEN', 'SF', 'Red Safe Minibar', 'Totally shatter-proof!'),
(1725, 'glass_shelf', '0,0', 2, 1, 2, 'NULL', 'SF', 'Glass shelf', 'Translucent beauty'),
(1727, 'glass_stool', '*ffffff,*ABD0D2,*ABD0D2,*ffffff', 1, 1, 1, 'NULL', 'SFC', 'Glass stool', 'Translucent beauty'),
(1728, 'glass_sofa', '*ffffff,*ABD0D2,*ABD0D2,*ffffff,*ffffff,*ABD0D2,*ffffff,*ABD0D2', 2, 1, 1, 'NULL', 'SFC', 'Glass sofa', 'Translucent beauty'),
(1730, 'glass_table*2', '*ffffff,*525252,*525252,*ffffff', 2, 2, 1, 'NULL', 'SFH', 'Glass table', 'Translucent beauty'),
(1731, 'glass_table*3', '*ffffff,*bfbfbf,*bfbfbf,*ffffff', 2, 2, 1, 'NULL', 'SFH', 'White Glass Table', 'Translucent beauty'),
(1732, 'glass_table*4', '*ffffff,*f7ebbc,*f7ebbc,*ffffff', 2, 2, 1, 'NULL', 'SFH', 'Glass table', 'Translucent beauty'),
(1733, 'glass_table*5', '*ffffff,*ee7ea4,*ee7ea4,*ffffff', 2, 2, 1, 'NULL', 'SFH', 'Glass table', 'Translucent beauty'),
(1734, 'glass_table*6', '*ffffff,*5eaaf8,*5eaaf8,*ffffff', 2, 2, 1, 'NULL', 'SFH', 'Blue Glass Table', 'Translucent beauty'),
(1735, 'glass_table*7', '*ffffff,*7cb135,*7cb135,*ffffff', 2, 2, 1, 'NULL', 'SFH', 'Green Glass Table', 'Habbo Club'),
(1736, 'glass_table*8', '*ffffff,*ffd837,*ffd837,*ffffff', 2, 2, 1, 'NULL', 'SFH', 'Glass table', 'Translucent beauty'),
(1737, 'glass_table*9', '*ffffff,*e14218,*e14218,*ffffff', 2, 2, 1, 'NULL', 'SFH', 'Glass table', 'Translucent beauty'),
(1738, 'glass_chair*2', '*ffffff,*525252,*525252,*ffffff', 1, 1, 1, 'NULL', 'SFC', 'Glass chair', 'Translucent beauty'),
(1739, 'glass_chair*3', '*ffffff,*bfbfbf,*bfbfbf,*ffffff', 1, 1, 1, 'NULL', 'SFC', 'Glass chair', 'Translucent beauty'),
(1740, 'glass_chair*4', '*ffffff,*f7ebbc,*f7ebbc,*ffffff', 1, 1, 1, 'NULL', 'SFC', 'Glass chair', 'Translucent beauty'),
(1741, 'glass_chair*5', '*ffffff,*ee7ea4,*ee7ea4,*ffffff', 1, 1, 1, 'NULL', 'SFC', 'Glass chair', 'Translucent beauty'),
(1742, 'glass_chair*6', '*ffffff,*5eaaf8,*5eaaf8,*ffffff', 1, 1, 1, 'NULL', 'SFC', 'Blue Glass Chair', 'Translucent beauty'),
(1743, 'glass_chair*7', '*ffffff,*7cb135,*7cb135,*ffffff', 1, 1, 1, 'NULL', 'SFC', 'Green Glass Chair', 'Habbo Club'),
(1744, 'glass_chair*8', '*ffffff,*ffd837,*ffd837,*ffffff', 1, 1, 1, 'NULL', 'SFC', 'Glass chair', 'Translucent beauty'),
(1745, 'glass_chair*9', '*ffffff,*e14218,*e14218,*ffffff', 1, 1, 1, 'NULL', 'SFC', 'Glass chair', 'Translucent beauty'),
(1746, 'glass_sofa*2', '*ffffff,*525252,*525252,*ffffff,*ffffff,*525252,*ffffff,*525252', 2, 1, 1, 'NULL', 'SFC', 'Glass sofa', 'Translucent beauty'),
(1747, 'glass_sofa*3', '*ffffff,*bfbfbf,*bfbfbf,*ffffff,*ffffff,*bfbfbf,*ffffff,*bfbfbf', 2, 1, 1, 'NULL', 'SFC', 'White Glass Sofa', 'Translucent beauty'),
(1748, 'glass_sofa*4', '*ffffff,*f7ebbc,*f7ebbc,*ffffff,*ffffff,*f7ebbc,*ffffff,*f7ebbc', 2, 1, 1, 'NULL', 'SFC', 'Glass sofa', 'Translucent beauty'),
(1749, 'glass_sofa*5', '*ffffff,*ee7ea4,*ee7ea4,*ffffff,*ffffff,*ee7ea4,*ffffff,*ee7ea4', 2, 1, 1, 'NULL', 'SFC', 'Glass sofa', 'Translucent beauty'),
(1750, 'glass_sofa*6', '*ffffff,*5eaaf8,*5eaaf8,*ffffff,*ffffff,*5eaaf8,*ffffff,*5eaaf8', 2, 1, 1, 'NULL', 'SFC', 'Blue Glass Sofa', 'Translucent beauty'),
(1751, 'glass_sofa*7', '*ffffff,*7cb135,*7cb135,*ffffff,*ffffff,*7cb135,*ffffff,*7cb135', 2, 1, 1, 'NULL', 'SFC', 'Green Glass Sofa', 'Habbo Club'),
(1752, 'glass_sofa*8', '*ffffff,*ffd837,*ffd837,*ffffff,*ffffff,*ffd837,*ffffff,*ffd837', 2, 1, 1, 'NULL', 'SFC', 'Glass sofa', 'Translucent beauty'),
(1753, 'glass_sofa*9', '*ffffff,*e14218,*e14218,*ffffff,*ffffff,*e14218,*ffffff,*e14218', 2, 1, 1, 'NULL', 'SFC', 'Glass sofa', 'Translucent beauty'),
(1754, 'glass_stool*2', '*ffffff,*525252,*525252,*ffffff', 1, 1, 1, 'NULL', 'SFC', 'Glass stool', 'Translucent beauty'),
(1755, 'glass_stool*4', '*ffffff,*f7ebbc,*f7ebbc,*ffffff', 1, 1, 1, 'NULL', 'SFC', 'Glass stool', 'Translucent beauty'),
(1756, 'glass_stool*5', '*ffffff,*ee7ea4,*ee7ea4,*ffffff', 1, 1, 1, 'NULL', 'SFC', 'Glass stool', 'Translucent beauty'),
(1757, 'glass_stool*6', '*ffffff,*5eaaf8,*5eaaf8,*ffffff', 1, 1, 1, 'NULL', 'SFC', 'Blue Glass Stool', 'Translucent beauty'),
(1758, 'glass_stool*7', '*ffffff,*7cb135,*7cb135,*ffffff', 1, 1, 1, 'NULL', 'SFC', 'Green Glass Stool', 'Habbo Club'),
(1759, 'glass_stool*8', '*ffffff,*ffd837,*ffd837,*ffffff', 1, 1, 1, 'NULL', 'SFC', 'Glass stool', 'Translucent beauty'),
(1760, 'glass_stool*3', '*ffffff,*bfbfbf,*bfbfbf,*ffffff', 1, 1, 1, 'NULL', 'SFC', 'White Glass Stool', 'Translucent beauty'),
(1761, 'glass_stool*9', '*ffffff,*e14218,*e14218,*ffffff', 1, 1, 1, 'NULL', 'SFC', 'Glass stool', 'Translucent beauty'),
(1767, 'hc_crpt', '0,0,0', 3, 5, 0.01, 'NULL', 'SFKH', 'Persian Carpet', 'Ultimate craftsmanship'),
(1768, 'hc_tv', '0,0,0', 2, 1, 2, 'SWITCHON', 'SFM', 'Mega TV Set', 'Forget plasma, go HC!'),
(1769, 'gothgate', '0,0,0', 2, 1, 2.5, 'STATUS', 'SFGDQ', 'Gothic Portcullis', 'The dark side of Habbo'),
(1771, 'gothrailing', '0,0,0', 2, 1, 1, 'NULL', 'SFH', 'Gothic Railing', 'The dark side of Habbo'),
(1774, 'hc_btlr', '0,0,0', 1, 1, 1, 'DOOROPEN', 'SFT', 'Electric Butler', 'Your personal caretaker'),
(1775, 'hc_crtn', '0,0,0', 2, 1, 1, 'STATUS', 'SFGDQ', 'Antique Drapery', 'Topnotch privacy protection'),
(1776, 'hc_djset', '0,0,0', 3, 1, 1.5, 'NULL', 'SF', 'The Grammophon', 'Very old skool scratch''n''spin'),
(1777, 'hc_frplc', '0,0,0', 1, 3, 3, 'SWITCHON', 'SFM', 'Heavy Duty Fireplace', 'Pixel-powered for maximum heating'),
(1778, 'hc_lmpst', '0,0,0', 1, 1, 3, 'SWITCHON', 'SFM', 'Victorian Street Light', 'Somber and atmospheric'),
(1779, 'hc_machine', '0,0,0', 1, 3, 3, 'SWITCHON', 'SFM', 'Weird Science Machine', 'By and for mad inventors'),
(1781, 'hc_rntgn', '0,0,0', 2, 1, 2, 'NULL', 'SF', 'X-Ray Divider', 'Believe it or not!'),
(1782, 'hc_trll', '0,0,0', 1, 2, 1.5, 'NULL', 'SF', 'Drinks Trolley', 'For swanky dinners only'),
(1801, 'val_cauldron', '0,0,0', 1, 1, 1, 'NULL', 'SF', 'Valentine''s Cauldron', 'Cast a loving spell!'),
(1818, 'rare_parasol', '*ffffff,*9eff1c,*ffffff,*ffffff,*ffffff', 1, 1, 1, 'SWITCHON', 'SFM', 'Parasol', 'Zon! Zon! Zon!'),
(1819, 'plant_valentinerose*3', '*FFFFFF,*FFE61E,*FFFFFF,*FFFFFF', 1, 1, 1, 'NULL', 'SF', 'Yellow Valentine Rose', 'Relight your passions'),
(1820, 'plant_valentinerose*5', '*FFFFFF,*C828FF,*FFFFFF,*FFFFFF', 1, 1, 1, 'NULL', 'SF', 'Purple Valentine Rose', 'For that special pixel'),
(1821, 'plant_valentinerose*2', '*FFFFFF,*FFFFFF,*FFFFFF,*FFFFFF', 1, 1, 1, 'NULL', 'SF', 'White Valentine Rose', 'Your secret love'),
(1822, 'plant_valentinerose*4', '*FFFFFF,*FF78C8,*FFFFFF,*FFFFFF', 1, 1, 1, 'NULL', 'SF', 'Pink Valentine''s Rose', 'Be mine!'),
(1823, 'plant_valentinerose*1', '*FFFFFF,*FF1E1E,*FFFFFF,*FFFFFF', 1, 1, 1, 'NULL', 'SF', 'Red Valentine''s Rose', 'Secret admirer!'),
(1825, 'plant_maze', '0,0,0', 2, 1, 1, 'NULL', 'SF', 'Maze Shrubbery', 'Build your maze!'),
(1826, 'plant_bulrush', '0,0,0', 1, 1, 1, 'NULL', 'SF', 'Bulrush', 'Ideal for the riverside'),
(1839, 'theatre_seat', '*FFFFFF,*FFFFFF', 1, 1, 1, 'NULL', 'SFC', 'Deluxe Theatre Chair', 'For Lazy boys and girls!'),
(1868, 'spotlight', '0,0,0', 1, 1, 2, 'NULL', 'SF', 'Habbowood Spotlight', 'For the star of the show'),
(1875, 'rom_lamp', '0,0,0', 1, 1, 2, 'SWITCHON', 'SFM', 'Crystal Lamp', 'Light up your life'),
(1876, 'rclr_sofa', '0,0,0', 2, 1, 1, 'NULL', 'SFC', 'Polar Sofa', 'Snuggle up together'),
(1877, 'rclr_garden', '0,0,0', 1, 3, 1, 'SWITCHON', 'SFM', 'Water Garden', 'Self watering'),
(1878, 'rclr_chair', '0,0,0', 1, 1, 1, 'NULL', 'SFC', 'Palm Chair', 'Watch out for coconuts'),
(504, 'poolLift', '', 1, 1, 0.01, 'NULL', 'EM', 'Diving lift trigger', 'Unknown description'),
(1947, 'chair_basic*1', '*FFFFFF,*ABD0D2,*FFFFFF', 1, 1, 1, 'NULL', 'SFC', 'chair_basic', ''),
(1948, 'chair_basic*2', '*FFFFFF,*FF99BC,*FFFFFF', 1, 1, 1, 'NULL', 'SFC', 'Pink Pura Egg Chair', 'It''s a cracking design!'),
(1949, 'chair_basic*3', '*FFFFFF,*525252,*FFFFFF', 1, 1, 1, 'NULL', 'SFC', 'Black Pura Egg Chair', 'It''s a cracking design!'),
(1950, 'chair_basic*4', '*FFFFFF,*FFFFFF,*FFFFFF', 1, 1, 1, 'NULL', 'SFC', 'White Pura Egg Chair', 'It''s a cracking design!'),
(1951, 'chair_basic*5', '*FFFFFF,*F7EBBC,*FFFFFF', 1, 1, 1, 'NULL', 'SFC', 'chair_basic', ''),
(1952, 'chair_basic*6', '*FFFFFF,*5EAAF8,*FFFFFF', 1, 1, 1, 'NULL', 'SFC', 'Blue Pura Egg Chair', 'It''s a cracking design!'),
(1953, 'chair_basic*7', '*FFFFFF,*92D13D,*FFFFFF', 1, 1, 1, 'NULL', 'SFC', 'Green Pura Egg Chair', 'It''s a cracking design!'),
(1954, 'chair_basic*8', '*FFFFFF,*FFD837,*FFFFFF', 1, 1, 1, 'NULL', 'SFC', 'chair_basic', ''),
(1955, 'chair_basic*9', '*FFFFFF,*E14218,*FFFFFF', 1, 1, 1, 'NULL', 'SFC', 'Red Pura Egg Chair', 'It''s a cracking design!'),
(1956, 'bed_budget*1', '*FFFFFF,*FFFFFF,*FFFFFF,*ABD0D2,*ABD0D2,*ABD0D2', 2, 3, 1, 'NULL', 'SFB', 'Aqua Pura Double Bed', 'King sized comfort!'),
(1957, 'bed_budget*2', '*FFFFFF,*FFFFFF,*FFFFFF,*FF99BC,*FF99BC,*FF99BC', 2, 3, 1, 'NULL', 'SFB', 'Pink Pura Double Bed', 'Queen sized comfort!'),
(1958, 'bed_budget*3', '*FFFFFF,*FFFFFF,*FFFFFF,*525252,*525252,*525252', 2, 3, 1, 'NULL', 'SFB', 'Black Pura Double Bed', 'King sized comfort!'),
(1959, 'bed_budget*4', '*FFFFFF,*FFFFFF,*FFFFFF,*FFFFFF,*FFFFFF,*FFFFFF', 2, 3, 1, 'NULL', 'SFB', 'White Pura Double Bed', 'King sized comfort!'),
(1960, 'bed_budget*5', '*FFFFFF,*FFFFFF,*FFFFFF,*F7EBBC,*F7EBBC,*F7EBBC', 2, 3, 1, 'NULL', 'SFB', 'Beige Pura Double Bed', 'King sized comfort!'),
(1961, 'bed_budget*6', '*FFFFFF,*FFFFFF,*FFFFFF,*5EAAF8,*5EAAF8,*5EAAF8', 2, 3, 1, 'NULL', 'SFB', 'Blue Pura Double Bed', 'King sized comfort!'),
(1962, 'bed_budget*7', '*FFFFFF,*FFFFFF,*FFFFFF,*92D13D,*92D13D,*92D13D', 2, 3, 1, 'NULL', 'SFB', 'Green Pura Double Bed', 'King sized comfort!'),
(1963, 'bed_budget*8', '*FFFFFF,*FFFFFF,*FFFFFF,*FFD837,*FFD837,*FFD837', 2, 3, 1, 'NULL', 'SFB', 'Yellow Pura Double Bed', 'King sized comfort!'),
(1964, 'bed_budget*9', '*FFFFFF,*FFFFFF,*FFFFFF,*E14218,*E14218,*E14218', 2, 3, 1, 'NULL', 'SFB', 'Red Pura Double Bed', 'King sized comfort!'),
(1965, 'bed_budget_one*1', '*FFFFFF,*FFFFFF,*FFFFFF,*ABD0D2,*ABD0D2,*ABD0D2', 1, 3, 1, 'NULL', 'SFB', 'Aqua Pura Bed', 'Prince sized comfort!'),
(1966, 'bed_budget_one*2', '*FFFFFF,*FFFFFF,*FFFFFF,*FF99BC,*FF99BC,*FF99BC', 1, 3, 1, 'NULL', 'SFB', 'Pink Pura Bed', 'Princess sized comfort!'),
(1967, 'bed_budget_one*3', '*FFFFFF,*FFFFFF,*FFFFFF,*525252,*525252,*525252', 1, 3, 1, 'NULL', 'SFB', 'Black Pura Bed', 'Prince sized comfort!'),
(1968, 'bed_budget_one*4', '*FFFFFF,*FFFFFF,*FFFFFF,*FFFFFF,*FFFFFF,*FFFFFF', 1, 3, 1, 'NULL', 'SFB', 'White Pura Bed', 'Prince sized comfort!'),
(1969, 'bed_budget_one*5', '*FFFFFF,*FFFFFF,*FFFFFF,*F7EBBC,*F7EBBC,*F7EBBC', 1, 3, 1, 'NULL', 'SFB', 'Beige Pura Bed', 'Prince sized comfort!'),
(1970, 'bed_budget_one*6', '*FFFFFF,*FFFFFF,*FFFFFF,*5EAAF8,*5EAAF8,*5EAAF8', 1, 3, 1, 'NULL', 'SFB', 'Blue Pura Bed', 'Prince sized comfort!'),
(1971, 'bed_budget_one*7', '*FFFFFF,*FFFFFF,*FFFFFF,*92D13D,*92D13D,*92D13D', 1, 3, 1, 'NULL', 'SFB', 'Green Pura Bed', 'Prince sized comfort!'),
(1972, 'bed_budget_one*8', '*FFFFFF,*FFFFFF,*FFFFFF,*FFD837,*FFD837,*FFD837', 1, 3, 1, 'NULL', 'SFB', 'Yellow Pura Bed', 'Prince sized comfort!'),
(1973, 'bed_budget_one*9', '*FFFFFF,*FFFFFF,*FFFFFF,*E14218,*E14218,*E14218', 1, 3, 1, 'NULL', 'SFB', 'Red Pura Bed', 'Prince sized comfort!'),
(1237, 'bardeskcorner_polyfon*12', '*ffffff,*ffffff,*ffffff', 1, 1, 1, 'NULL', 'SFH', 'Corner Cabinet-Desk', 'Tuck it away'),
(2029, 'grunge_radiator', '0,0,0', 1, 1, 1, 'NULL', 'SF', 'Radiator', 'Started cool but now it''s hot!'),
(2030, 'grunge_shelf', '0,0,0', 3, 1, 3, 'NULL', 'SF', 'Grunge Bookshelf', 'Scrap books and photo albums'),
(2031, 'grunge_sign', '0,0,0', 1, 1, 1, 'NULL', 'SF', 'Road Sign', 'Bought legitimately from an M1 cafe.'),
(2035, 'hal_cauldron', '0,0,0', 1, 1, 1, 'NULL', 'SF', 'Habboween Cauldron', 'Eye of Habbo and toe of Mod!'),
(2036, 'hal_grave', '0,0,0', 1, 1, 0.01, 'SWITCHON', 'SFM', 'Haunted Grave', 'We''re raising the dead!'),
(2049, 'tree7', '0,0,0', 1, 1, 2, 'SWITCHON', 'SFM', 'Snowy Christmas Tree', 'Walking in a winter wonderland!'),
(2055, 'plant_maze_snow', '0,0,0', 2, 1, 1, 'NULL', 'SF', 'Snowy Maze Bundle 2', '20 x Snowy Maze Shrubbery'),
(2056, 'christmas_sleigh', '0,0,0', 2, 2, 1, 'NULL', 'SFC', 'Winter Sleigh', 'Ready for your Xmas cheer'),
(2057, 'christmas_reindeer', '0,0,0', 1, 2, 1, 'SWITCHON', 'SFM', 'Reindeer', 'Prancer becomes Rudolph in a click!'),
(2110, 'val_choco', '0,0,0', 1, 1, 0.2, 'SWITCHON', 'SFMH', 'Heart Shaped Box', 'One for them. Two for me!'),
(2121, 'grunge_candle', '0,0,0', 1, 1, 2, 'SWITCHON', 'SFM', 'Candle Box', 'Late night debate'),
(2122, 'grunge_bench', '0,0,0', 3, 1, 1.1, 'NULL', 'SFC', 'Bench', 'Laid back seating'),
(2123, 'grunge_barrel', '0,0,0', 1, 1, 1, 'SWITCHON', 'SFM', 'Flaming Barrel', 'Beacon of light!'),
(2125, 'prizetrophy9*1', '*FFFFFF,*FFFFFF,*FFDD3F', 1, 1, 2, 'NULL', 'SFY', 'Champion trophy', 'Glittery gold'),
(2126, 'prizetrophy8*1', '*FFFFFF,*FFFFFF,*FFDD3F', 1, 1, 2, 'NULL', 'SFY', 'Duo trophy', 'Glittery gold'),
(1977, 'tile_brown', '0,0,0', 1, 1, 0.1, 'NULL', 'SFKH', 'Red Tile', '10% off downtown promenades & piazzas!'),
(1976, 'tile_marble', '0,0,0', 1, 1, 0.1, 'NULL', 'SFKH', 'Marble Tile', 'Slick sophistication; now 10% off!'),
(1975, 'tile_stella', '0,0,0', 1, 1, 0.1, 'NULL', 'SFKH', 'Star Tile', '10% off the walk of fame!'),
(1004, 'table_polyfon_small', '0,0,0', 2, 2, 1, 'NULL', 'SFH', 'Small Coffee Table', 'For serving a stylish latte'),
(1681, 'safe_silo', '*ffffff,*ABD0D2,*ABD0D2,*ffffff', 1, 1, 1, 'DOOROPEN', 'SF', 'Safe Minibar', 'Totally shatter-proof!'),
(2360, 'post.it', '', 0, 0, 0.01, 'NULL', 'IWGJ', 'Unknown name', 'Unknown description'),
(2361, 'post.it.vd', '', 0, 0, 0.01, 'NULL', 'IWGJ', 'Unknown name', 'Unknown description'),
(2362, 'photo', '', 0, 0, 0.01, 'NULL', 'IWN', 'Photo', 'Photo from Habbo'),
(2363, 'Chess', '0,0,0', 0, 0, 0.01, 'NULL', 'SFP', 'Unknown name', 'Unknown description'),
(2371, 'hc_wall_lamp', '0,0,0', 0, 0, 0.01, 'SWITCHON', 'SFM', 'Unknown name', 'Unknown description'),
(2373, 'torch', '0,0,0', 0, 0, 0.01, 'SWITCHON', 'SFM', 'Unknown name', 'Unknown description'),
(2375, 'wallmirror', '0,0,0', 0, 0, 0.01, 'NULL', 'SF', 'Unknown name', 'Unknown description'),
(2377, 'habw_mirror', '0,0,0', 0, 0, 0.01, 'SWITCHON', 'SFM', 'Unknown name', 'Unknown description'),
(1465, 'barchair_silo', '*ffffff,*ABD0D2', 1, 1, 1, 'NULL', 'SFC', 'Bar Stool', 'Practical and convenient'),
(2603, 'chair_plasty*3', '*ffffff,*ff2200,*ffffff,*ff2200', 1, 1, 1, 'NULL', 'SFC', 'Plastic Pod Chair', 'Hip plastic furniture'),
(1019, 'sofachair_polyfon', '*ffffff,*ffffff,*ABD0D2,*ABD0D2', 1, 1, 1, 'NULL', 'SFC', 'Armchair', 'Loft-style comfort'),
(1021, 'sofachair_silo', '*ffffff,*ffffff,*ABD0D2,*ABD0D2', 1, 1, 1, 'NULL', 'SFC', 'Armchair', 'Large, but worth it'),
(1031, 'table_silo_small', '*ffffff,*ABD0D2', 1, 1, 1, 'NULL', 'SFH', 'Occasional Table', 'For those random moments'),
(1854, 'habbowood_chair', '0,0,0', 1, 1, 1, 'NULL', 'SFC', 'Director''s Chair', 'Exclusively for Directors'),
(1726, 'glass_chair', '*ffffff,*ABD0D2,*ABD0D2,*ffffff', 1, 1, 1, 'NULL', 'SFC', 'Glass chair', 'Translucent beauty'),
(1729, 'glass_table', '*ffffff,*ABD0D2,*ABD0D2,*ffffff', 2, 2, 1, 'NULL', 'SFH', 'Glass table', 'Translucent beauty'),
(2027, 'grunge_chair', '0,0,0', 1, 1, 0.99, 'NULL', 'SFC', 'Grunge Chair', 'Alternative chair for alternative people'),
(2032, 'grunge_table', '0,0,0', 2, 2, 1, 'NULL', 'SFH', 'Grunge Table', 'Students of the round table!'),
(1117, 'bartable_armas', '0,0,0', 1, 3, 1, 'NULL', 'SFH', 'Bardesk', 'Bar-Style Table - essential for extra guests'),
(1118, 'bar_chair_armas', '0,0,0', 1, 1, 1, 'NULL', 'SFC', 'Barrel Stool', 'The ultimate recycled furniture'),
(1675, 'chair_china', '0,0,0', 1, 1, 1, 'NULL', 'SFC', 'Chinese Lacquer Chair', 'The elegant beauty of tradition'),
(1015, 'chair_norja', '*ffffff,*ffffff,*F7EBBC,*F7EBBC', 1, 1, 1, 'NULL', 'SFC', 'Chair', 'Sleek and chic for each cheek'),
(2609, 'chair_plasty*9', '*ffffff,*533e10,*ffffff,*533e10', 1, 1, 1, 'NULL', 'SFC', 'Plastic Pod Chair', 'Hip plastic furniture'),
(1676, 'china_table', '0,0,0', 1, 1, 1, 'NULL', 'SFH', 'Chinese Lacquer Table', 'Exotic and classy'),
(1185, 'deadduck2', '0,0,0', 1, 1, 0.01, 'NULL', 'SF', 'Dead Duck 2', 'Someone forgot to feed me...'),
(1186, 'deadduck3', '0,0,0', 1, 1, 0.01, 'NULL', 'SF', 'Dead Duck 3', 'With added ectoplasm'),
(1275, 'djesko_turntable', '0,0,0', 1, 1, 1, 'NULL', 'SFH', 'Habbo Turntable', 'For the music-lovers'),
(1159, 'duck', '0,0,0', 1, 1, 0.01, 'NULL', 'SF', 'Rubber Duck', 'Every bather needs one'),
(1209, 'easterduck', '0,0,0', 1, 1, 0.01, 'NULL', 'SF', 'Wannabe bunny', 'Can you tell what it is yet?'),
(1772, 'goth_table', '0,0,0', 1, 5, 1, 'NULL', 'SFH', 'Gothic table', 'The dark side of Habbo'),
(1039, 'small_chair_armas', '0,0,0', 1, 1, 1, 'NULL', 'SFC', 'Stool', 'Rustic charm at it''s best'),
(1135, 'smooth_table_polyfon', '0,0,0', 2, 2, 1, 'NULL', 'SFH', 'Large Dining Table', 'For larger gatherings'),
(1174, 'soft_sofachair_norja', '*ffffff,*F7EBBC,*F7EBBC', 1, 1, 1, 'NULL', 'SFC', 'iced sofachair', 'Soft iced sofachair'),
(1037, 'table_armas', '0,0,0', 2, 2, 1, 'NULL', 'SFH', 'Dining Table', 'For informal dining'),
(2598, 'table_plasto_4leg*15', '*ffffff,*FF97BA', 2, 2, 1, 'NULL', 'SFH', 'Occasional Table', 'Hip plastic furniture'),
(2591, 'table_plasto_4leg*9', '*ffffff,*533e10', 2, 2, 1, 'NULL', 'SFH', 'Occasional Table', 'Hip plastic furniture'),
(2578, 'table_plasto_bigsquare*7', '*ffffff,*ff6d00', 2, 2, 1, 'NULL', 'SFH', 'Square Dining Table', 'Hip plastic furniture'),
(1134, 'table_polyfon', '0,0,0', 2, 2, 1, 'NULL', 'SFH', 'Large Coffee Table', 'For larger gatherings'),
(1016, 'table_polyfon_med', '0,0,0', 2, 2, 1, 'NULL', 'SFH', 'Large Coffee Table', 'For larger gatherings'),
(1007, 'table_silo_med', '*ffffff,*ABD0D2', 2, 2, 1, 'NULL', 'SFH', 'Coffee Table', 'Wipe clean and unobtrusive'),
(1202, 'valeduck', '0,0,0', 1, 1, 0.01, 'NULL', 'SF', 'Valentine''s Duck', 'He''s lovestruck'),
(1191, 'xmasduck', '0,0,0', 1, 1, 0.01, 'NULL', 'SF', 'Christmas Rubber Duck', 'A right Christmas quacker!'),
(1038, 'small_table_armas', '0,0,0', 1, 1, 1, 'NULL', 'SFH', 'Occasional Table', 'Practical and beautiful'),
(1166, 'present_gen1', '0,0,0', 1, 1, 1, 'CUSTOM_VARIABLE', 'SFH', 'Gift', 'What''s inside?'),
(1167, 'present_gen2', '0,0,0', 1, 1, 1, 'CUSTOM_VARIABLE', 'SFH', 'Gift', 'What''s inside?'),
(1626, 'bardeskcorner_polyfon*5', '*ffffff,*FF9BBD', 1, 1, 1, 'NULL', 'SFH', 'Candy Corner', 'For sweet corners!'),
(1627, 'bardeskcorner_polyfon*6', '*ffffff,*5EAAF8', 1, 1, 1, 'NULL', 'SFH', 'Blue Mode Bardesk Corner', 'Blue Mode Bardesk Corner'),
(1628, 'bardeskcorner_polyfon*7', '*ffffff,*7CB135', 1, 1, 1, 'NULL', 'SFH', 'Green Mode Bardesk Corner', 'Green Mode Bardesk Corner'),
(1629, 'bardeskcorner_polyfon*8', '*ffffff,*FFD837', 1, 1, 1, 'NULL', 'SFH', 'Yellow Mode Bardesk Corner', 'Yellow Mode Bardesk Corner'),
(1630, 'bardeskcorner_polyfon*9', '*ffffff,*E14218', 1, 1, 1, 'NULL', 'SFH', 'Red Corner Desk', 'Tuck it away'),
(1225, 'divider_silo2', '0,0,0', 2, 1, 1, 'NULL', 'SFH', 'Screen', 'Stylish sectioning'),
(1594, 'sofa_polyfon*2', '*ffffff,*ffffff,*ffffff,*ffffff,*525252,*525252,*525252,*525252', 2, 1, 1, 'NULL', 'SFC', 'Black Mode Sofa', 'Black Mode Sofa'),
(1595, 'sofa_polyfon*3', '*ffffff,*ffffff,*ffffff,*ffffff,*ffffff,*ffffff,*ffffff,*ffffff', 2, 1, 1, 'NULL', 'SFC', 'White Two-seater Sofa', 'Comfort for stylish couples'),
(1596, 'sofa_polyfon*4', '*ffffff,*ffffff,*ffffff,*ffffff,*F7EBBC,*F7EBBC,*F7EBBC,*F7EBBC', 2, 1, 1, 'NULL', 'SFC', 'Beige Mode Sofa', 'Beige Mode Sofa'),
(1597, 'sofa_polyfon*6', '*ffffff,*ffffff,*ffffff,*ffffff,*5EAAF8,*5EAAF8,*5EAAF8,*5EAAF8', 2, 1, 1, 'NULL', 'SFC', 'Blue Mode Sofa', 'Blue Mode Sofa'),
(1598, 'sofa_polyfon*7', '*ffffff,*ffffff,*ffffff,*ffffff,*7CB135,*7CB135,*7CB135,*7CB135', 2, 1, 1, 'NULL', 'SFC', 'Green Mode Sofa', 'Green Mode Sofa'),
(1599, 'sofa_polyfon*8', '*ffffff,*ffffff,*ffffff,*ffffff,*FFD837,*FFD837,*FFD837,*FFD837', 2, 1, 1, 'NULL', 'SFC', 'Yellow Mode Sofa', 'Yellow Mode Sofa'),
(1600, 'sofa_polyfon*9', '*ffffff,*ffffff,*ffffff,*ffffff,*E14218,*E14218,*E14218,*E14218', 2, 1, 1, 'NULL', 'SFC', 'Red Two-seater Sofa', 'Comfort for stylish couples'),
(1136, 'sofachair_polyfon_girl', '*ffffff,*ffffff,*EE7EA4,*EE7EA4', 1, 1, 1, 'NULL', 'SFC', 'Armchair', 'Think pink'),
(1110, 'bar_polyfon', '0,0,0', 1, 1, 1, 'DOOROPEN', 'SFT', 'Mini-Bar', 'You naughty Habbo!'),
(1180, 'doorB', '0,0,0', 1, 1, 2, 'DOOROPEN', 'SFX', 'Wardrobe', 'Narnia this way!'),
(1181, 'doorC', '0,0,0', 1, 1, 2, 'DOOROPEN', 'SFX', 'Portaloo', 'In a hurry?'),
(1296, 'doorD', '0,0,0', 1, 1, 2, 'DOOROPEN', 'SFX', 'Imperial Teleport', 'Let''s go over tzar!'),
(1140, 'bed_budgetb_one', '*FFFFFF,*FFFFFF,*FFFFFF,*FFFFFF,*FFFFFF,*FFFFFF', 1, 3, 1, 'NULL', 'SFB', 'Plain Single Bed', 'All you need for a good night''s kip'),
(1141, 'bed_budgetb', '*FFFFFF,*FFFFFF,*FFFFFF,*FFFFFF,*FFFFFF,*FFFFFF', 2, 3, 1, 'NULL', 'SFB', 'Plain Double Bed', 'Sweet dreams for two'),
(1172, 'bar_basic', '0,0,0', 1, 1, 1, 'DOOROPEN', 'SFT', 'A Pura Minibar', 'A pura series 300 minibar'),
(1780, 'hc_rllr', '0,0,0', 1, 1, 0.45, 'NULL', 'SFKRH', 'HC Rollers Set', 'Highest class transportation'),
(1773, 'hc_bkshlf', '0,0,0', 1, 4, 3, 'NULL', 'SF', 'Medieval Bookcase', 'For the scholarly ones'),
(1361, 'scifidoor*10', '*ffffff,*bb99ff,*bb99ff,*bb99ff,*ffffff', 1, 1, 1.5, 'STATUS', 'SFGDQ', 'Violet Spaceship Door', 'There out of this world!'),
(1362, 'scifidoor*9', '*ffffff,*4488ff,*4488ff,*4488ff,*ffffff', 1, 1, 1.5, 'STATUS', 'SFGDQ', 'Blue Spaceship Door', 'There out of this world!'),
(1363, 'scifidoor*8', '*ffffff,*ff99cc,*ff99cc,*ff99cc,*ffffff', 1, 1, 1.5, 'STATUS', 'SFGDQ', 'Purple Spaceship Door', 'There out of this world!'),
(1364, 'scifidoor*7', '*ffffff,*aaffff,*aaffff,*aaffff,*ffffff', 1, 1, 1.5, 'STATUS', 'SFGDQ', 'Aqua Spaceship Door', 'There out of this world!'),
(1365, 'scifidoor*6', '*ffffff,*333333,*333333,*333333,*ffffff', 1, 1, 1.5, 'STATUS', 'SFGDQ', 'Black Monolith', 'Monolith goes up! Monolith goes down!'),
(1366, 'scifidoor*5', '*ffffff,*ffffff,*ffffff,*ffffff,*ffffff', 1, 1, 1.5, 'STATUS', 'SFGDQ', 'White Spaceship Door', 'There out of this world!'),
(1367, 'scifidoor*4', '*ffffff,*99dd77,*99dd77,*99dd77,*ffffff', 1, 1, 1.5, 'STATUS', 'SFGDQ', 'Emerald Spaceship Door', 'Protect your pot of gold!'),
(1368, 'scifidoor*3', '*ffffff,*aaccff,*aaccff,*aaccff,*ffffff', 1, 1, 1.5, 'STATUS', 'SFGDQ', 'Lightblue Spaceship Door', 'There out of this world!'),
(1369, 'scifidoor*2', '*ffffff,*ffee66,*ffee66,*ffee66,*ffffff', 1, 1, 1.5, 'STATUS', 'SFGDQ', 'Yellow Spaceship Door', 'There out of this world!'),
(1370, 'scifidoor*1', '*ffffff,*ffaaaa,*ffaaaa,*ffaaaa,*ffffff', 1, 1, 1.5, 'STATUS', 'SFGDQ', 'Pink Spaceship Door', 'There out of this world!'),
(1277, 'md_limukaappi', '0,0,0', 1, 1, 1.5, 'DOOROPEN', 'SFT', 'Mountain Dew machine', 'The epic soft drink!'),
(1295, 'hockey_light', '0,0,0', 1, 1, 1, 'SWITCHON', 'SFT', 'Lert', 'Set it off.'),
(1126, 'red_tv', '0,0,0', 1, 1, 1, 'FIREON', 'SF', 'Portable TV', 'Don?t miss those soaps'),
(2050, 'tree6', '0,0,0', 1, 1, 2, 'NULL', 'SF', 'Flashy Christmas Tree', 'The future''s bright!'),
(1824, 'plant_mazegate', '0,0,0', 2, 1, 1, 'STATUS', 'SFGDQ', 'Maze Shrubbery Gate', 'Did we make it?'),
(2054, 'plant_mazegate_snow', '0,0,0', 2, 1, 1, 'STATUS', 'SFGDQ', 'Snowy Maze Gate', 'There''s snow way through!'),
(1452, 'rare_snowrug', '0,0,0', 2, 2, 0.01, 'NULL', 'SFKH', 'Snow Rug', 'Chilled Elegance'),
(1674, 'rare_moonrug', '0,0,0', 2, 2, 0.01, 'NULL', 'SFKH', 'Moon Patch', 'Desolation rocks!'),
(2374, 'val_heart', '0,0,0', 0, 0, 0.01, 'SWITCHON', 'SFM', 'Unknown name', 'Unknown description'),
(1205, 'samovar', '0,0,0', 1, 1, 1, 'NULL', 'SF', 'Russian Samovar', 'Click for a refreshing cuppa'),
(1231, 'camera', '0,0,0', 1, 1, 1, 'NULL', 'SF', 'Camera', 'Smile!'),
(1115, 'floortile', '0,0,0', 1, 1, 0.01, 'NULL', 'SFKH', 'Floor Tile', 'In Variety of Colours'),
(1164, 'tile_yell', '0,0,0', 4, 4, 0.01, 'NULL', 'SFKH', 'Floor Tiles', 'In a choice of colours'),
(1208, 'hologram', '0,0,0', 1, 1, 0.2, 'SWITCHON', 'SFT', 'Holopod', 'As if by magic...'),
(1230, 'redhologram', '0,0,0', 1, 1, 0.2, 'SWITCHON', 'SFT', 'Holo-girl', 'You''re her only hope...'),
(2058, 'christmas_poop', '0,0,0', 1, 1, 0.1, 'SWITCHON', 'SFMH', 'Reindeer Droppings', 'Bob?s magical fertilizer'),
(1043, 'carpet_standard', '0,0,0', 3, 5, 0.01, 'NULL', 'SFKH', 'Floor rug', 'Available in a variety of colours'),
(1052, 'carpet_standard*1', '*ff1f08', 3, 5, 0.01, 'NULL', 'SFKH', 'Floor Rug', 'Available in a variety of colours'),
(1060, 'carpet_standard*2', '*99DCCC', 3, 5, 0.01, 'NULL', 'SFKH', 'Floor Rug', 'Available in a variety of colours'),
(1066, 'carpet_standard*3', '*ffee00', 3, 5, 0.01, 'NULL', 'SFKH', 'Floor Rug', 'Available in a variety of colours'),
(1073, 'carpet_standard*4', '*ccddff', 3, 5, 0.01, 'NULL', 'SFKH', 'Floor Rug', 'Available in a variety of colours'),
(1077, 'carpet_standard*5', '*ddccff', 3, 5, 0.01, 'NULL', 'SFKH', 'Floor Rug', 'Available in a variety of colours'),
(1103, 'carpet_standard*6', '*777777', 3, 5, 0.01, 'NULL', 'SFKH', 'Floor Rug', 'Available in a variety of colours'),
(1120, 'carpet_soft*1', '*CC3333', 2, 4, 0.01, 'NULL', 'SFKH', 'Soft Wool Rug', 'Soft Wool Rug'),
(1121, 'carpet_soft*2', '*66FFFF', 2, 4, 0.01, 'NULL', 'SFKH', 'Soft Wool Rug', 'Soft Wool Rug'),
(1122, 'carpet_soft*3', '*FFCC99', 2, 4, 0.01, 'NULL', 'SFKH', 'Soft Wool Rug', 'Soft Wool Rug'),
(1123, 'carpet_soft*4', '*FFCCFF', 2, 4, 0.01, 'NULL', 'SFKH', 'Soft Wool Rug', 'Soft Wool Rug'),
(1124, 'carpet_soft*5', '*FFFF66', 2, 4, 0.01, 'NULL', 'SFKH', 'Soft Wool Rug', 'Soft Wool Rug'),
(1125, 'carpet_soft*6', '*669933', 2, 4, 0.01, 'NULL', 'SFKH', 'Soft Wool Rug', 'Soft Wool Rug'),
(1148, 'carpet_standard*7', '*99CCFF,*99CCFF,*99CCFF', 3, 5, 0.01, 'NULL', 'SFKH', 'Floor Rug', 'Available in a variety of colours'),
(1149, 'carpet_standard*8', '*999966,*999966,*999966', 3, 5, 0.01, 'NULL', 'SFKH', 'Floor Rug', 'Available in a variety of colours'),
(1150, 'carpet_standard*9', '*FFDD00,*FFDD00,*FFDD00', 3, 5, 0.01, 'NULL', 'SFKH', 'Floor Rug', 'Available in a variety of colours'),
(1151, 'carpet_standard*a', '*55AC00,*55AC00,*55AC00', 3, 5, 0.01, 'NULL', 'SFKH', 'Floor Rug', 'Available in a variety of colours'),
(1152, 'carpet_standard*b', '*336666,*336666,*336666', 3, 5, 0.01, 'NULL', 'SFKH', 'Floor Rug', 'Available in a variety of colours'),
(1828, 'carpet_valentine', '0,0,0', 2, 7, 0.01, 'NULL', 'SFKH', 'Red carpet', 'For making an appearance'),
(1478, 'barrier*1', '*ffffff,*ffffff,*FFCA28,*FFCA28', 1, 2, 1, 'NULL', 'SF', 'Yellow Maze Barrier', 'No escape this way!'),
(1479, 'barrier*2', '*ffffff,*ffffff,*ffffff,*ffffff', 1, 2, 1, 'NULL', 'SF', 'White Road Barrier', 'No trespassing, please!'),
(2407, 'floor', '', 0, 0, 0.01, 'NULL', 'IV', 'Floor', 'null'),
(2408, 'wallpaper', '', 0, 0, 0.01, 'NULL', 'IV', 'Wallpaper', 'null'),
(2409, 'poster', '', 0, 0, 0.01, 'NULL', 'IW', 'Poster', 'null'),
(2410, 'table_norja_med', '0,*E2DAAC', 2, 2, 1, 'NULL', 'SFH', 'Coffee Table', 'Elegance embodied'),
(2411, 'doormat_plain*4', '*ccddff', 1, 1, 0.01, 'NULL', 'SFKH', 'Doormat', 'Available in a variety of colours'),
(2412, 'doormat_plain*2', '*99DCCC', 1, 1, 0.01, 'NULL', 'SFKH', 'Doormat', 'Available in a variety of colours'),
(2413, 'doormat_plain*3', '*ffee00', 1, 1, 0.01, 'NULL', 'SFKH', 'Doormat', 'Available in a variety of colours'),
(2414, 'doormat_plain*5', '*ddccff', 1, 1, 0.01, 'NULL', 'SFKH', 'Doormat', 'Available in a variety of colours'),
(1666, 'solarium_norja*2', '*ffffff,*F7EBC0,*ffffff', 1, 1, 2.5, 'NULL', 'SFH', 'Beige Solarium', 'Rejuvenate your pixels!'),
(1665, 'solarium_norja*1', '*ffffff,*525252,*ffffff', 1, 1, 2.5, 'NULL', 'SFH', 'Black Solarium', 'Rejuvenate your pixels!'),
(1667, 'solarium_norja*3', '*ffffff,*ABD0D2,*ffffff', 1, 1, 2.5, 'NULL', 'SFH', 'Urban Solarium', 'Get the city look!'),
(1668, 'solarium_norja*5', '*ffffff,*EE7EA4,*ffffff', 1, 1, 2.5, 'NULL', 'SFH', 'Pink Solarium', 'Rejuvenate your pixels!'),
(1669, 'solarium_norja*6', '*ffffff,*5EAAF8,*ffffff', 1, 1, 2.5, 'NULL', 'SFH', 'Blue Solarium', 'Rejuvenate your pixels!'),
(1670, 'solarium_norja*7', '*ffffff,*7CB135,*ffffff', 1, 1, 2.5, 'NULL', 'SFH', 'Rural Solarium', 'Fun in the sun!'),
(1671, 'solarium_norja*8', '*ffffff,*FFD837,*ffffff', 1, 1, 2.5, 'NULL', 'SFH', 'Yellow Solarium', 'Rejuvenate your pixels!'),
(1672, 'solarium_norja*9', '*ffffff,*E14218,*ffffff', 1, 1, 2.5, 'NULL', 'SFH', 'Red Solarium', 'Rejuvenate your pixels!'),
(502, 'poolEnter', '', 1, 1, 0.01, 'NULL', 'EM', 'Swimming pool entrance trigger', 'Unknown description'),
(503, 'poolExit', '', 1, 1, 0.01, 'NULL', 'EM', 'Swimming pool exit trigger', 'Unknown description');
INSERT INTO `item_definitions` (`id`, `sprite`, `color`, `length`, `width`, `height`, `dataclass`, `behaviour`, `name`, `description`) VALUES
(501, 'poolBooth', '', 1, 1, 0.01, 'NULL', 'EM', 'Swimming pool clothing booth', 'Unknown description'),
(510, 'paalu1', '', 1, 1, 0.01, 'NULL', 'PFM', 'Inflatable ball 1', 'Unknown description'),
(511, 'paalu3', '', 1, 1, 0.01, 'NULL', 'PFM', 'Inflatable ball 3', 'Unknown description'),
(512, 'paalu5', '', 1, 1, 0.01, 'NULL', 'PFM', 'Unknown name', 'Unknown description'),
(513, 'wsJoinQueue', '', 1, 1, 0.01, 'NULL', 'EM', 'Wobble Squabble join queue trigger', 'Unknown description'),
(2415, 'flower1', '', 1, 1, 0.01, 'NULL', 'PF', '', ''),
(2416, 'chairf2b', '', 1, 1, 1, 'NULL', 'PFC', '', ''),
(2417, 'chairf2', '', 1, 1, 1, 'NULL', 'PFC', '', ''),
(2418, 'table1', '', 1, 1, 0.01, 'NULL', 'PF', '', ''),
(2419, 'watermatic', '', 1, 1, 0.01, 'NULL', 'PF', '', ''),
(2420, 'telkka', '', 1, 1, 0.01, 'NULL', 'PF', '', ''),
(2421, 'chairf2d', '', 1, 1, 1, 'NULL', 'PFC', '', ''),
(2422, 'roommatic', '', 1, 1, 0.01, 'NULL', 'PF', '', ''),
(2423, 'chairf1', '', 1, 1, 1, 'NULL', 'PFC', '', ''),
(2424, 'table2c', '', 1, 1, 0.01, 'NULL', 'PF', '', ''),
(2425, 'table2b', '', 1, 1, 0.01, 'NULL', 'PF', '', ''),
(2426, 'table2', '', 1, 1, 0.01, 'NULL', 'PF', '', ''),
(2427, 'chairf2c', '', 1, 1, 1, 'NULL', 'PFC', '', ''),
(2428, 'flower2', '', 1, 1, 0.01, 'NULL', 'PF', '', ''),
(2429, 'orange', '', 1, 1, 0.01, 'NULL', 'PF', '', ''),
(2430, 'loungey_chair', '', 1, 1, 1, 'NULL', 'PFC', '', ''),
(2431, 'loungey_tablebigb', '', 1, 1, 0.01, 'NULL', 'PF', '', ''),
(2432, 'loungey_tablebiga', '', 1, 1, 0.01, 'NULL', 'PF', '', ''),
(2433, 'loungey_table', '', 1, 1, 0.01, 'NULL', 'PF', '', ''),
(2434, 'theater_chair', '', 1, 1, 1, 'NULL', 'PFC', '', ''),
(2435, 'stair', '', 1, 1, 0.01, 'NULL', 'PF', '', ''),
(2436, 'lightpole', '', 1, 1, 0.01, 'NULL', 'PF', '', ''),
(2437, 'pomomaski', '', 1, 1, 0.01, 'NULL', 'PF', '', ''),
(2438, 'cubicb_chair', '', 1, 1, 1, 'NULL', 'PFC', '', ''),
(2439, 'cubico_chair', '', 1, 1, 1, 'NULL', 'PFC', '', ''),
(2440, 'bardesque', '', 1, 1, 0.01, 'NULL', 'PF', '', ''),
(2441, 'bar_chair', '', 1, 1, 1, 'NULL', 'PFC', '', ''),
(2442, 'mic', '', 1, 1, 0.01, 'NULL', 'PF', '', ''),
(2443, 'thchair2', '', 1, 1, 1, 'NULL', 'PFC', '', ''),
(2444, 'thchair1', '', 1, 1, 1, 'NULL', 'PFC', '', ''),
(2446, 'sofa', '', 1, 1, 1, 'NULL', 'PFC', '', ''),
(2447, 'table', '', 1, 1, 0.01, 'NULL', 'PF', '', ''),
(2448, 'tablesp', '', 1, 1, 0.01, 'NULL', 'PF', '', ''),
(2449, 'trashcan', '', 1, 1, 0.01, 'NULL', 'PF', '', ''),
(2450, 'sofa2', '', 1, 1, 1, 'NULL', 'PFC', '', ''),
(2451, 'bardesk3', '', 1, 1, 0.01, 'NULL', 'PF', '', ''),
(2452, 'bardesk4', '', 1, 1, 0.01, 'NULL', 'PF', '', ''),
(2453, 'bardesk', '', 1, 1, 0.01, 'NULL', 'PF', '', ''),
(2454, 'bardesk2', '', 1, 1, 0.01, 'NULL', 'PF', '', ''),
(2455, 'flower2b', '', 1, 1, 0.01, 'NULL', 'PF', '', ''),
(2456, 'flower2a', '', 1, 1, 0.01, 'NULL', 'PF', '', ''),
(2457, 'box', '', 1, 1, 0.01, 'NULL', 'PF', '', ''),
(2458, 'pool_chairy', '', 1, 1, 1, 'NULL', 'PFC', '', ''),
(2459, 'umbrellay', '', 1, 1, 0.01, 'NULL', 'PF', '', ''),
(2460, 'pool_tabley', '', 1, 1, 0.01, 'NULL', 'PF', '', ''),
(2461, 'umbrellap', '', 1, 1, 0.01, 'NULL', 'PF', '', ''),
(2462, 'pool_chairp', '', 1, 1, 1, 'NULL', 'PFC', '', ''),
(2463, 'pool_chairo', '', 1, 1, 1, 'NULL', 'PFC', '', ''),
(2464, 'pool_tablep', '', 1, 1, 0.01, 'NULL', 'PF', '', ''),
(2465, 'umbrellao', '', 1, 1, 0.01, 'NULL', 'PF', '', ''),
(2466, 'pool_tabo', '', 1, 1, 0.01, 'NULL', 'PF', '', ''),
(2467, 'pool_chairg', '', 1, 1, 1, 'NULL', 'PFC', '', ''),
(2468, 'umbrellag', '', 1, 1, 0.01, 'NULL', 'PF', '', ''),
(2469, 'pool_tablg', '', 1, 1, 0.01, 'NULL', 'PF', '', ''),
(2470, 'umbrella2', '', 1, 1, 0.01, 'NULL', 'PF', '', ''),
(2471, 'pool_2sofa2', '', 1, 1, 1, 'NULL', 'PFC', '', ''),
(2472, 'pool_2sofa1', '', 1, 1, 1, 'NULL', 'PFC', '', ''),
(2473, 'pool_chair2', '', 1, 1, 1, 'NULL', 'PFC', '', ''),
(2474, 'pool_table2', '', 1, 1, 0.01, 'NULL', 'PF', '', ''),
(2475, 'moneyplant', '', 1, 1, 0.01, 'NULL', 'PF', '', ''),
(2476, 'standinglamp', '', 1, 1, 0.01, 'NULL', 'PF', '', ''),
(2477, 'edge1', '', 1, 1, 1, 'NULL', 'PFC', '', ''),
(2478, 'newtable1', '', 1, 1, 0.01, 'NULL', 'PF', '', ''),
(2479, 'edge2', '', 1, 1, 0.01, 'NULL', 'PF', '', ''),
(2480, 'edgeb1', '', 1, 1, 0.01, 'NULL', 'PF', '', ''),
(2481, 'edgeb2', '', 1, 1, 0.01, 'NULL', 'PF', '', ''),
(2482, 'edgec1', '', 1, 1, 0.01, 'NULL', 'PF', '', ''),
(2483, 'chairg1', '', 1, 1, 1, 'NULL', 'PFC', '', ''),
(2484, 'chairg2b', '', 1, 1, 1, 'NULL', 'PFC', '', ''),
(2485, 'chairg2c', '', 1, 1, 1, 'NULL', 'PFC', '', ''),
(2486, 'chairg2', '', 1, 1, 1, 'NULL', 'PFC', '', ''),
(2487, 'newtable2', '', 1, 1, 0.01, 'NULL', 'PF', '', ''),
(2488, 'edgec2', '', 1, 1, 0.01, 'NULL', 'PF', '', ''),
(2489, 'lounge_chair_small', '', 1, 1, 1, 'NULL', 'PFC', '', ''),
(2490, 'lounge_table_one', '', 1, 1, 0.01, 'NULL', 'PF', '', ''),
(2491, 'lounge_private_bigback', '', 1, 1, 0.01, 'NULL', 'PF', '', ''),
(2492, 'lounge_private_bigsofaback', '', 1, 1, 0.01, 'NULL', 'PF', '', ''),
(2493, 'lounge_private_bigsofa', '', 1, 1, 1, 'NULL', 'PFC', '', ''),
(2494, 'lounge_table_threea', '', 1, 1, 0.01, 'NULL', 'PF', '', ''),
(2495, 'lounge_table_threeb', '', 1, 1, 0.01, 'NULL', 'PF', '', ''),
(2496, 'lounge_table_threec', '', 1, 1, 0.01, 'NULL', 'PFC', '', ''),
(2497, 'lounge_private_bigcorner', '', 1, 1, 0.01, 'NULL', 'PF', '', ''),
(2498, 'lounge_bara', '', 1, 1, 0.01, 'NULL', 'PF', '', ''),
(2499, 'infokiosk', '', 1, 1, 0.01, 'NULL', 'PF', '', ''),
(2500, 'cafe_chair', '', 1, 1, 1, 'NULL', 'PFC', '', ''),
(2501, 'cafe_table_small', '', 1, 1, 0.01, 'NULL', 'PF', '', ''),
(2502, 'cafe_table_mid', '', 1, 1, 0.01, 'NULL', 'PF', '', ''),
(2503, 'cafe_table_largea', '', 1, 1, 0.01, 'NULL', 'PF', '', ''),
(2504, 'cafe_table_largeb', '', 1, 1, 0.01, 'NULL', 'PF', '', ''),
(2505, 'cafe_desk1', '', 1, 1, 0.01, 'NULL', 'PF', '', ''),
(2506, 'cafe_desk2', '', 1, 1, 0.01, 'NULL', 'PF', '', ''),
(2507, 'cafe_desk3', '', 1, 1, 0.01, 'NULL', 'PF', '', ''),
(2508, 'cafe_desk4', '', 1, 1, 0.01, 'NULL', 'PF', '', ''),
(2509, 'cafe_pianoa', '', 1, 1, 0.01, 'NULL', 'PF', '', ''),
(2510, 'cafe_pianob', '', 1, 1, 0.01, 'NULL', 'PF', '', ''),
(2511, 'cafe_pianoc', '', 1, 1, 0.01, 'NULL', 'PF', '', ''),
(2512, 'plant_yucca', '', 1, 1, 0.01, 'NULL', 'PF', '', ''),
(2513, 'construction', '', 1, 1, 0.01, 'NULL', 'PF', '', ''),
(2514, 'pub_pineapple_small', '', 1, 1, 0.01, 'NULL', 'PF', '', ''),
(2515, 'fatsblox', '', 1, 1, 0.01, 'NULL', 'PF', '', ''),
(2516, 'fatsofaa', '', 1, 1, 1, 'NULL', 'PFC', '', ''),
(2517, 'pub_sofa2', '', 1, 1, 1, 'NULL', 'PFC', '', ''),
(2518, 'pub_sofa', '', 1, 1, 1, 'NULL', 'PFC', '', ''),
(2519, 'bardesk1', '', 1, 1, 0.01, 'NULL', 'PF', '', ''),
(2520, 'pub_chair', '', 1, 1, 1, 'NULL', 'PFC', '', ''),
(2521, 'pub_fence', '', 1, 1, 0.01, 'NULL', 'PF', '', ''),
(2522, 'pub_chair2', '', 1, 1, 1, 'NULL', 'PFC', '', ''),
(2523, 'pub_chair3', '', 1, 1, 1, 'NULL', 'PFC', '', ''),
(2524, 'pub_table2', '', 1, 1, 0.01, 'NULL', 'PF', '', ''),
(2525, 'pub_table', '', 1, 1, 0.01, 'NULL', 'PF', '', ''),
(2526, 'bar_chair_green', '', 1, 1, 1, 'NULL', 'PFC', '', ''),
(2527, 'bar_table_green', '', 1, 1, 1, 'NULL', 'PFC', '', ''),
(2528, 'bar_bare', '', 1, 1, 0.01, 'NULL', 'PF', '', ''),
(2529, 'bar_bard', '', 1, 1, 0.01, 'NULL', 'PF', '', ''),
(2530, 'bar_bara', '', 1, 1, 0.01, 'NULL', 'PF', '', ''),
(2531, 'bar_barb', '', 1, 1, 0.01, 'NULL', 'PF', '', ''),
(2532, 'bar_barc', '', 1, 1, 0.01, 'NULL', 'PF', '', ''),
(2533, 'bar_chair_blue', '', 1, 1, 1, 'NULL', 'PFC', '', ''),
(2534, 'bar_table_small_blue', '', 1, 1, 0.01, 'NULL', 'PF', '', ''),
(2535, 'bar_table_blue', '', 1, 1, 1, 'NULL', 'PFC', '', ''),
(2536, 'bar_djbooth', '', 1, 1, 0.01, 'NULL', 'PF', '', ''),
(2537, 'goldfish_bar', '', 1, 1, 0.01, 'NULL', 'PF', '', ''),
(2538, 'plant', '', 1, 1, 0.01, 'NULL', 'PF', '', ''),
(2539, 'bed_trad_one', '0,0,0', 3, 1, 0.01, 'NULL', 'SFB', 'Traditional Bed', 'Project Goldfish!'),
(2540, 'bed_trad', '0,0,0', 3, 2, 0.01, '', '', 'Traditional Double Bed', 'Project Goldfish x2!'),
(2610, 'chair_plasty*10', '*ffffff,*CC3399,*ffffff,*CC3399', 1, 1, 1, 'NULL', 'SFC', 'Plastic Pod Chair', 'Hip plastic furniture'),
(2611, 'chair_plasty*11', '*ffffff,*FF97BA,*ffffff,*FF97BA', 1, 1, 1, 'NULL', 'SFC', 'Plastic Pod Chair', 'Hip plastic furniture'),
(2612, 'chair_plasto*9', '*ffffff,*533e10,*ffffff,*533e10', 1, 1, 1, 'NULL', 'SFC', 'Chair', 'Hip plastic furniture'),
(2613, 'table_chess', '', 1, 1, 0.01, '', 'PF', 'Unknown name', 'Unknown description'),
(2614, 'table_chess_king', '', 1, 1, 0.01, '', 'PF', 'Unknown name', 'Unknown description'),
(2615, 'gamehall_chair_green', '', 1, 1, 1, '', 'PFC', 'Unknown name', 'Unknown description'),
(2616, 'chess_king_chair', '', 1, 1, 1, '', 'PFC', 'Unknown name', 'Unknown description'),
(2617, 'plant_ftree', '', 1, 1, 0.01, '', 'PF', 'Unknown name', 'Unknown description'),
(2618, 'cafe_desk5', '', 1, 1, 0.01, '', 'PF', 'Unknown name', 'Unknown description'),
(2619, 'cafe_fence1', '', 1, 1, 0.01, '', 'PF', 'Unknown name', 'Unknown description'),
(2620, 'cafe_fence2', '', 1, 1, 0.01, '', 'PF', 'Unknown name', 'Unknown description'),
(2621, 'cafe_fence3', '', 1, 1, 0.01, '', 'PF', 'Unknown name', 'Unknown description'),
(2622, 'cafe_fence4', '', 1, 1, 0.01, '', 'PF', 'Unknown name', 'Unknown description'),
(2623, 'cafe_barchair', '', 1, 1, 1, '', 'PFC', 'Unknown name', 'Unknown description');

-- --------------------------------------------------------

--
-- Table structure for table `messenger_friendships`
--

CREATE TABLE IF NOT EXISTS `messenger_friendships` (
  `id` int(11) NOT NULL AUTO_INCREMENT,
  `sender` int(11) NOT NULL,
  `receiver` int(11) NOT NULL,
  PRIMARY KEY (`id`)
) ENGINE=InnoDB  DEFAULT CHARSET=latin1 AUTO_INCREMENT=2 ;

--
-- Dumping data for table `messenger_friendships`
--

INSERT INTO `messenger_friendships` (`id`, `sender`, `receiver`) VALUES
(1, 2, 5);

-- --------------------------------------------------------

--
-- Table structure for table `messenger_messages`
--

CREATE TABLE IF NOT EXISTS `messenger_messages` (
  `id` int(11) NOT NULL AUTO_INCREMENT,
  `to_id` int(11) NOT NULL,
  `from_id` int(11) NOT NULL,
  `time_sent` timestamp NOT NULL DEFAULT CURRENT_TIMESTAMP,
  `unread` tinyint(1) NOT NULL,
  `message` varchar(300) NOT NULL,
  PRIMARY KEY (`id`)
) ENGINE=InnoDB DEFAULT CHARSET=utf8 AUTO_INCREMENT=1 ;

-- --------------------------------------------------------

--
-- Table structure for table `messenger_requests`
--

CREATE TABLE IF NOT EXISTS `messenger_requests` (
  `id` int(11) NOT NULL AUTO_INCREMENT,
  `from_id` int(11) NOT NULL,
  `to_id` int(11) NOT NULL,
  PRIMARY KEY (`id`)
) ENGINE=InnoDB DEFAULT CHARSET=latin1 AUTO_INCREMENT=1 ;

-- --------------------------------------------------------

--
-- Table structure for table `rooms`
--

CREATE TABLE IF NOT EXISTS `rooms` (
  `id` int(100) NOT NULL AUTO_INCREMENT,
  `name` varchar(75) NOT NULL,
  `order_id` int(11) NOT NULL DEFAULT '-1',
  `room_type` tinyint(1) NOT NULL DEFAULT '0' COMMENT '0 = private room, 1 = public',
  `enabled` tinyint(1) NOT NULL DEFAULT '1',
  `hidden` tinyint(1) NOT NULL DEFAULT '0',
  `date_created` timestamp NOT NULL DEFAULT CURRENT_TIMESTAMP,
  `owner_id` int(100) NOT NULL DEFAULT '-1',
  `description` varchar(250) DEFAULT NULL,
  `password` varchar(25) NOT NULL DEFAULT '',
  `state` tinyint(1) NOT NULL DEFAULT '0',
  `users_now` int(11) NOT NULL DEFAULT '0',
  `users_max` int(11) NOT NULL DEFAULT '25',
  `cct` varchar(50) NOT NULL DEFAULT 'floor1',
  `model` varchar(15) NOT NULL DEFAULT '',
  `wallpaper` varchar(5) NOT NULL DEFAULT '0',
  `floor` varchar(5) NOT NULL DEFAULT '0',
  PRIMARY KEY (`id`)
) ENGINE=InnoDB  DEFAULT CHARSET=latin1 AUTO_INCREMENT=44 ;

--
-- Dumping data for table `rooms`
--

INSERT INTO `rooms` (`id`, `name`, `order_id`, `room_type`, `enabled`, `hidden`, `date_created`, `owner_id`, `description`, `password`, `state`, `users_now`, `users_max`, `cct`, `model`, `wallpaper`, `floor`) VALUES
(12, 'Main Lobby', 0, 1, 1, 0, '2017-03-30 18:12:13', -1, NULL, '', 0, 0, 40, 'lobby', 'lobby_a', '0', '0'),
(13, 'Habbo Lido', 5, 1, 1, 0, '2017-03-30 18:46:42', -1, NULL, '', 0, 0, 40, 'lido', 'pool_a', '0', '0'),
(14, 'The Dirty Duck Pub', 10, 1, 1, 0, '2017-03-30 20:36:00', -1, NULL, '', 0, 0, 40, 'pub', 'pub_a', '0', '0'),
(16, 'Hotel Kitchen', 11, 1, 1, 0, '2017-03-30 20:58:19', -1, NULL, '', 0, 0, 25, 'kitchen', 'cr_kitchen', '0', '0'),
(17, 'Cafe Ole', 12, 1, 1, 0, '2017-03-30 20:58:19', -1, NULL, '', 0, 0, 40, 'cafe', 'taivas_cafe', '0', '0'),
(19, 'Habburger''s', 9, 1, 1, 0, '2017-03-30 21:04:13', -1, NULL, '', 0, 0, 40, 'habburger', 'habburger', '0', '0'),
(21, 'Habbo Lido II', 6, 1, 1, 0, '2017-03-30 21:14:46', -1, NULL, '', 0, 0, 30, 'lido', 'pool_b', '0', '0'),
(22, 'Club Massiva', 7, 1, 1, 0, '2017-03-31 03:10:05', -1, NULL, '', 0, 0, 40, 'club', 'bar_a', '0', '0'),
(24, 'Theatredrome', 8, 1, 1, 0, '2017-03-31 03:12:18', -1, NULL, '', 0, 0, 25, 'theatredrome', 'theater', '0', '0'),
(25, 'Basement Lobby', 3, 1, 1, 0, '2017-03-31 03:25:13', -1, NULL, '', 0, 0, 35, 'lobby', 'floorlobby_a', '0', '0'),
(26, 'Median Lobby', 1, 1, 1, 0, '2017-03-31 03:28:12', -1, NULL, '', 0, 0, 40, 'lobby', 'floorlobby_b', '0', '0'),
(27, 'Skylight Lobby', 2, 1, 1, 0, '2017-03-31 03:28:12', -1, NULL, '', 0, 0, 40, 'lobby', 'floorlobby_c', '0', '0'),
(29, 'Club Massiva (downstairs)', 4, 1, 0, 1, '2017-03-31 04:40:51', -1, NULL, '', 0, 0, 40, 'club', 'bar_b', '0', '0'),
(30, 'Cunning Fox Gamehall', 13, 1, 1, 0, '2017-04-03 10:39:23', -1, NULL, '', 0, 0, 40, 'gamehall', 'hallC', '0', '0'),
(42, 'room123', -1, 0, 1, 0, '2017-04-07 02:14:38', 5, 'description xd', '', 0, 0, 25, 'floor1', 'model_e', '101', '203'),
(43, 'item placement shit', -1, 0, 1, 0, '2017-04-09 11:40:14', 5, 'who cares about room descriptions amirite guiz', 'wef', 0, 0, 25, 'floor1', 'model_a', '0', '0');

-- --------------------------------------------------------

--
-- Table structure for table `room_models`
--

CREATE TABLE IF NOT EXISTS `room_models` (
  `id` varchar(100) NOT NULL,
  `door_x` int(11) NOT NULL,
  `door_y` int(11) NOT NULL,
  `door_z` double NOT NULL,
  `door_dir` int(4) NOT NULL DEFAULT '2',
  `heightmap` text NOT NULL,
  `has_pool` tinyint(1) NOT NULL DEFAULT '0',
  PRIMARY KEY (`id`)
) ENGINE=MyISAM DEFAULT CHARSET=latin1;

--
-- Dumping data for table `room_models`
--

INSERT INTO `room_models` (`id`, `door_x`, `door_y`, `door_z`, `door_dir`, `heightmap`, `has_pool`) VALUES
('model_a', 3, 5, 0, 2, 'xxxxxxxxxxxx xxxx00000000 xxxx00000000 xxxx00000000 xxxx00000000 xxxx00000000 xxxx00000000 xxxx00000000 xxxx00000000 xxxx00000000 xxxx00000000 xxxx00000000 xxxx00000000 xxxx00000000 xxxxxxxxxxxx xxxxxxxxxxxx', 0),
('model_b', 0, 5, 0, 2, 'xxxxxxxxxxxx xxxxx0000000 xxxxx0000000 xxxxx0000000 xxxxx0000000 x00000000000 x00000000000 x00000000000 x00000000000 x00000000000 x00000000000 xxxxxxxxxxxx xxxxxxxxxxxx xxxxxxxxxxxx xxxxxxxxxxxx xxxxxxxxxxxx', 0),
('model_c', 4, 7, 0, 2, 'xxxxxxxxxxxx xxxxxxxxxxxx xxxxxxxxxxxx xxxxxxxxxxxx xxxxxxxxxxxx xxxxx000000x xxxxx000000x xxxxx000000x xxxxx000000x xxxxx000000x xxxxx000000x xxxxxxxxxxxx xxxxxxxxxxxx xxxxxxxxxxxx xxxxxxxxxxxx xxxxxxxxxxxx', 0),
('model_d', 4, 7, 0, 2, 'xxxxxxxxxxxx xxxxx000000x xxxxx000000x xxxxx000000x xxxxx000000x xxxxx000000x xxxxx000000x xxxxx000000x xxxxx000000x xxxxx000000x xxxxx000000x xxxxx000000x xxxxx000000x xxxxx000000x xxxxx000000x xxxxxxxxxxxx', 0),
('model_e', 1, 5, 0, 2, 'xxxxxxxxxxxx xxxxxxxxxxxx xxxxxxxxxxxx xx0000000000 xx0000000000 xx0000000000 xx0000000000 xx0000000000 xx0000000000 xx0000000000 xx0000000000 xxxxxxxxxxxx xxxxxxxxxxxx xxxxxxxxxxxx xxxxxxxxxxxx xxxxxxxxxxxx', 0),
('model_f', 2, 5, 0, 2, 'xxxxxxxxxxxx xxxxxxx0000x xxxxxxx0000x xxx00000000x xxx00000000x xxx00000000x xxx00000000x x0000000000x x0000000000x x0000000000x x0000000000x xxxxxxxxxxxx xxxxxxxxxxxx xxxxxxxxxxxx xxxxxxxxxxxx xxxxxxxxxxxx', 0),
('floorlobby_b', 9, 21, 0, 2, 'XXXXXXXXXXXXXXXXXXXXXXXXXXX XXXXXXXXXXXXXXXXXXXXXXXXXXX XXX0000000000000000XXXXXXX0 XXX000000000000000000XXXX00 X00000000000000000000000000 X00000000000000000000000000 XXX000000000000000000000000 XXXXXXX00000000000000000000 XXX111100000011111111111111 XXX111100000011111111111111 XXX111100000011111111111111 XXX111100000011111111111111 XXX111100000011111111111111 XXX111100000011111111111111 XXX1XX100000011111111111111 XXX1XX100000011111111111111 XXX111100000011111111111111 XXX111100000011111111111111 XXX111100000011111111111111 XXXXXXXX0000XXXXXXXXXXXXXXX XXXXXXXX0000XXXXXXXXXXXXXXX XXXXXXXX0000XXXXXXXXXXXXXXX', 0),
('floorlobby_a', 9, 21, 0, 2, 'XXXXXXXXXXXXXXXXXXXXXXXXXXX XXXXXXXXXXXXXXXXXXXXXXXXXXX XXX0000000000000000XXXXXXX0 XXX000000000000000000XXXX00 X00000000000000000000000000 X00000000000000000000000000 XXX000000000000000000000000 XXXXXXX00000000000000000000 XXX111100000011111111111111 XXX111100000011111111111111 XXX111100000011111111111111 XXX111100000011111111111111 XXX111100000011111111111111 XXX111100000011111111111111 XXX1XX100000011111111111111 XXX1XX100000011111111111111 XXX111100000011111111111111 XXX111100000011111111111111 XXX111100000011111111111111 XXXXXXXX0000XXXXXXXXXXXXXXX XXXXXXXX0000XXXXXXXXXXXXXXX XXXXXXXX0000XXXXXXXXXXXXXXX', 0),
('theater', 20, 27, 0, 2, 'XXXXXXXXXXXXXXXXXXXXXXX XXXXXXXXXXXXXXXXXXXXXXX XXXXXXXXXXXXXXXXXXXXXXX XXXXXXXXXXXXXXXXXXXXXXX XXXXXXXXXXXXXXXXXXXXXXX XXXXXXXXXXXXXXXXXXXXXXX XXXXXXX111111111XXXXXXX XXXXXXX11111111100000XX XXXX00X11111111100000XX XXXX00x11111111100000XX 4XXX00X11111111100000XX 4440000XXXXXXXXX00000XX 444000000000000000000XX 4XX000000000000000000XX 4XX0000000000000000000X 44400000000000000000000 44400000000000000000000 44X0000000000000000O000 44X11111111111111111000 44X11111111111111111000 33X11111111111111111000 22X11111111111111111000 22X11111111111111111000 22X11111111111111111000 22X11111111111111111000 22X11111111111111111000 22211111111111111111000 22211111111111111111000 XXXXXXXXXXXXXXXXXXXX00X XXXXXXXXXXXXXXXXXXXX00X', 0),
('pool_b', 9, 21, 7, 2, 'xxxxxxxxxxxxxxxxxxxxxxxxxxxxxxxxxxxxxxxxxxxxx xxxxxxxxxxxxxxxxxxxxxxxxxxxxxxxx7xxxxxxxxxxxx xxxxxxxxxxxxxxxxxxxxxxxxxxxxxxx777xxxxxxxxxxx xxxxxxxxxxxxxxxxxx8888888x7xxx77777xxxxxxxxxx xxxxxxxxxxxxxxxxxx8888888x7xxx777777xxxxxxxxx xxxxxxxxxxxxxxxx88xxxxx77x7x777777777xxxxxxxx xxxxxxxxxxxxxxxx88x7777777777777777777xxxxxxx xxxxxxxxxxxxxxxx88x77777777777777777777xxxxxx xxxxxxxxxxxxxx9988x77777777777777777777xxxxxx xxxxxxxxxxxxxx9988x7777777777777777777x00xxxx xxxxxxxxxxxxxx9988x777777777777777777x0000xxx xxxxxxxxxxxxxx9988x7777777x0000000000000000xx xxxxxxxxxxxxxx9988x777777x000000000000000000x 7777777777xxxx9988777777x0x0000000000000000xx x7777777777xxx998877777x000x00000000000000xxx xx7777777777xx99887777x00000x000000000000xxxx xxx7777777777x9988777x0000000x0000000000xxxxx xxxx777777777x777777x00000000x000000000xxxxxx xxxxx777777777777777000000000x00000000xxxxxxx xxxxxx77777777777777000000000x0000000xxxxxxxx xxxxxxx777777x7777770000000000xxxx00xxxxxxxxx xxxxxxxx77777777777xx0000000000000xxxxxxxxxxx xxxxxxxxx777777110000x000000000000xxxxxxxxxxx xxxxxxxxxx7x77x1100000x0000000000xxxxxxxxxxxx xxxxxxxxxxx777x11000000x00000000xxxxxxxxxxxxx xxxxxxxxxxxx771110000000x000000xxxxxxxxxxxxxx xxxxxxxxxxxxx111100000000x0000xxxxxxxxxxxxxxx xxxxxxxxxxxxxx11100000000x000xxxxxxxxxxxxxxxx xxxxxxxxxxxxxxx1100000000x00xxxxxxxxxxxxxxxxx xxxxxxxxxxxxxxxx110000000x0xxxxxxxxxxxxxxxxxx xxxxxxxxxxxxxxxxx110000000xxxxxxxxxxxxxxxxxxx xxxxxxxxxxxxxxxxxx1100000xxxxxxxxxxxxxxxxxxxx xxxxxxxxxxxxxxxxxxx11000xxxxxxxxxxxxxxxxxxxxx xxxxxxxxxxxxxxxxxxxx110xxxxxxxxxxxxxxxxxxxxxx xxxxxxxxxxxxxxxxxxxxx1xxxxxxxxxxxxxxxxxxxxxxx xxxxxxxxxxxxxxxxxxxxxxxxxxxxxxxxxxxxxxxxxxxxx xxxxxxxxxxxxxxxxxxxxxxxxxxxxxxxxxxxxxxxxxxxxx xxxxxxxxxxxxxxxxxxxxxxxxxxxxxxxxxxxxxxxxxxxxx xxxxxxxxxxxxxxxxxxxxxxxxxxxxxxxxxxxxxxxxxxxxx xxxxxxxxxxxxxxxxxxxxxxxxxxxxxxxxxxxxxxxxxxxxx xxxxxxxxxxxxxxxxxxxxxxxxxxxxxxxxxxxxxxxxxxxxx xxxxxxxxxxxxxxxxxxxxxxxxxxxxxxxxxxxxxxxxxxxxx xxxxxxxxxxxxxxxxxxxxxxxxxxxxxxxxxxxxxxxxxxxxx xxxxxxxxxxxxxxxxxxxxxxxxxxxxxxxxxxxxxxxxxxxxx xxxxxxxxxxxxxxxxxxxxxxxxxxxxxxxxxxxxxxxxxxxxx xxxxxxxxxxxxxxxxxxxxxxxxxxxxxxxxxxxxxxxxxxxxx xxxxxxxxxxxxxxxxxxxxxxxxxxxxxxxxxxxxxxxxxxxxx xxxxxxxxxxxxxxxxxxxxxxxxxxxxxxxxxxxxxxxxxxxxx', 1),
('cr_kitchen', 7, 21, 0, 2, 'X0XXXX000XXXX000X0X X000000000000000000 X000000000000000000 X000000000000000XXX X00XXXX00XXXX000XXX X00XXXX00XXXX00XXXX X00000000000000XXXX X00000000000000XXXX X00000000000000XXXX X00XXXXXXXXXX00XXXX X00XXXXXXXXXX00XXXX X00XXXXXXXXXX000XXX 0000000000000000XXX 000000000000000XXXX 000000000000000XXXX 000XXX0000XXX00XXXX 000XXX0000XXX00XXXX 000000000000000XXXX 000000000000000XXXX 000000000000000XXXX XXXXXXX00XXXXXXXXXX XXXXXXX00XXXXXXXXXX XXXXXXX00XXXXXXXXXX', 0),
('taivas_cafe', 14, 29, 0, 2, 'XXXXXXXXXXXXX111111X XXXXXXXXXXXXX1111111 XXXXXXXXXXXXX1111111 XXXXXXXXXXXXX1111111 XXXXXXXXXXXXX1111111 XXX11111111111111111 XXX11111111111111111 XX111111111111111111 XX111111111111111111 XX111111111111111111 XXX11111111111111111 111111111XXXXXXX1111 111111111X0000000000 111111111X0000000000 111111111X0000000000 111111111X0000000000 111111111X0000000000 111111111X0000000000 111111111X0000000000 111111111X0000000000 111111111X0000000000 X11111111X0000000000 XX1111111X0000000000 XXX111111X0000000000 XXXX11111X0000000000 XXXXX111110000000000 XXXXXX11110000000000 XXXXXXX1110000000000 XXXXXXXX11000000000X XXXXXXXXXX00000000XX XXXXXXXXXXXXXX00XXXX XXXXXXXXXXXXXX00XXXX', 0),
('bar_a', 5, 1, 7, 2, 'xxxx8888xxxxxxxxxxx xxxx7777xxxxxxxxxxx xxxx6666xxxxxxxxxxx xxx6666666555555555 xxx6666666555555555 xxx6666666555555555 xxx6666666555555555 xxx6666666555555555 xxx6666666555555555 xxx6666666555555555 xxx6666666555xxxxxx xxx6666666555555555 xxx5555555555555555 xxx5555555555555555 xxx5555555555555555 xxx5555555555555555 xxx5555555555xxxxxx xxx5555555555555555 xxx5555555555555555 xxx5555555555555555 xxx5555555555555555 xxx5555555555555555 xxx5555555555xxxxxx xxxx555555555555555 55xx555555555555555 55xx555555555555555 5555555555555555555 5555555555555555555 xxxxxxxx55555xxxxxx xxxxxxxxx5555xxxxxx xxxxxxxxx5555xxxxxx xxxxxxxxx5555xxxxxx xxxxxxxxx4444xxxxxx xxxxxxxxx3333xxxxxx', 0),
('pub_a', 15, 25, 0, 2, 'xxxxxxxxxxxxxxxxxxxxxxxxx xxxxxxxxx2222222211111xxx xxxxxxxxx2222222211111xxx xxxxxxxxx2222222211111xxx xxxxxxxxx2222222211111xxx xxxxxxxxx2222222222111xxx xxxxxxxxx2222222222111xxx xxxxxxxxx2222222222000xxx xxxxxxxxx2222222222000xxx xxxxxxxxx2222222222000xxx xxxxxxxxx2222222222000xxx x333333332222222222000xxx x333333332222222222000xxx x333333332222222222000xxx x333333332222222222000xxx x333333332222222222000xxx x333332222222222222000xxx x333332222222222222000xxx x333332222222222222000xxx x333332222222222222000xxx x333333332222222222000xxx xxxxx31111112222222000xxx xxxxx31111111000000000xxx xxxxx31111111000000000xxx xxxxx31111111000000000xxx xxxxx31111111000000000xxx xxxxxxxxxxxxxxx00xxxxxxxx xxxxxxxxxxxxxxx00xxxxxxxx xxxxxxxxxxxxxxx00xxxxxxxx xxxxxxxxxxxxxxx00xxxxxxxx xxxxxxxxxxxxxxxxxxxxxxxxx', 0),
('pool_a', 2, 25, 7, 2, 'xxxxxxxxxxxxxxxxxxxxxxxxxxxxxxxxxxxxxxxxxxx xxxxxxxxxxxxxxxxxxxxxxxxxxxxxxxxxxxxxxxxxxx xxxxxxxxxxxxxxxxx7xxxxxxxxxxxxxxxxxxxxxxxxx xxxxxxxxxxxxxxxxx777xxxxxxxxxxxxxxxxxxxxxxx xxxxxxxxxxxxxx7777777xxxxxxxxxxxxxxxxxxxxxx xxxxxxxxxxxxxx77777777xxxxxxxxxxxxxxxxxxxxx xxxxxxxxxxxxxxx77777777xxxxxxxxxxxxxxxxxxxx xxxxxxxxxxxxxxx777777777xxxxxxxxxxxxxxxxxxx xxxxxxxxxxxxxxx7xxx777777xxxxxxxxxxxxxxxxxx xxxxxxxxxxxxxxx7x777777777xxxxxxxxxxxxxxxxx xxxxxxxxxxxxxxx7xxx77777777xxxxxxxxxxxxxxxx xxxxxxxxxxxxxxx7x777777777x7xxxxxxxxxxxxxxx xxxxxxxxxxxxxxx7xxx7777777777xxxxxxxxxxxxxx xxxxxxxxxxxxxxx777777777777xxxxxxxxxxxxxxxx xxxxxxxxxxxxxxx77777777777x2111xxxxxxxxxxxx xxxxxxxxxxxxxxx7777777777x221111xxxxxxxxxxx xxxxxxxxx7777777777777777x2211111xxxxxxxxxx xxxxxxxxx7777777777777777x22211111xxxxxxxxx xxxxxxxxx7777777777777777x222211111xxxxxxxx xxxxxx77777777777777777777x222211111xxxxxxx xxxxxx7777777xx777777777777x222211111xxxxxx xxxxxx7777777xx77777777777772222111111xxxxx xxxxxx777777777777777777777x22221111111xxxx xx7777777777777777777777x322222211111111xxx 77777777777777777777777x33222222111111111xx 7777777777777777777777x333222222211111111xx xx7777777777777777777x333322222222111111xxx xx7777777777777777777333332222222221111xxxx xx777xxx777777777777733333222222222211xxxxx xx777x7x77777777777773333322222222222xxxxxx xx777x7x7777777777777x33332222222222xxxxxxx xxx77x7x7777777777777xx333222222222xxxxxxxx xxxx77777777777777777xxx3222222222xxxxxxxxx xxxxx777777777777777777xx22222222xxxxxxxxxx xxxxxx777777777777777777x2222222xxxxxxxxxxx xxxxxxx777777777777777777222222xxxxxxxxxxxx xxxxxxxx7777777777777777722222xxxxxxxxxxxxx xxxxxxxxx77777777777777772222xxxxxxxxxxxxxx xxxxxxxxxx777777777777777222xxxxxxxxxxxxxxx xxxxxxxxxxx77777777777777x2xxxxxxxxxxxxxxxx xxxxxxxxxxxx77777777777777xxxxxxxxxxxxxxxxx xxxxxxxxxxxxx777777777777xxxxxxxxxxxxxxxxxx xxxxxxxxxxxxxx7777777777xxxxxxxxxxxxxxxxxxx xxxxxxxxxxxxxxx77777777xxxxxxxxxxxxxxxxxxxx xxxxxxxxxxxxxxxx777777xxxxxxxxxxxxxxxxxxxxx xxxxxxxxxxxxxxxxx7777xxxxxxxxxxxxxxxxxxxxxx xxxxxxxxxxxxxxxxxx77xxxxxxxxxxxxxxxxxxxxxxx xxxxxxxxxxxxxxxxxxxxxxxxxxxxxxxxxxxxxxxxxxx', 1),
('lobby_a', 12, 27, 0, 2, 'XXXXXXXXX77777777777XXXXX XXXXXXXXX777777777777XXXX XXXXXXXXX777777777766XXXX XXXXXXXXX777777777755XXXX XX333333333333333334433XX XX333333333333333333333XX XX333333333333333333333XX 33333333333333333333333XX 333333XXXXXXX3333333333XX 333333XXXXXXX2222222222XX 333333XXXXXXX2222222222XX XX3333XXXXXXX2222222222XX XX3333XXXXXXX222222221111 XX3333XXXXXXX111111111111 333333XXXXXXX111111111111 3333333222211111111111111 3333333222211111111111111 3333333222211111111111111 XX33333222211111111111111 XX33333222211111111111111 XX3333322221111111XXXXXXX XXXXXXX22221111111XXXXXXX XXXXXXX22221111111XXXXXXX XXXXXXX22221111111XXXXXXX XXXXXXX22221111111XXXXXXX XXXXXXX222X1111111XXXXXXX XXXXXXX222X1111111XXXXXXX XXXXXXXXXXXX11XXXXXXXXXXX XXXXXXXXXXXX11XXXXXXXXXXX XXXXXXXXXXXX11XXXXXXXXXXX XXXXXXXXXXXX11XXXXXXXXXXX', 0),
('floorlobby_c', 9, 21, 0, 2, 'XXXXXXXXXXXXXXXXXXXXXXXXXXX XXXXXXXXXXXXXXXXXXXXXXXXXXX XXX0000000000000000XXXXXXX0 XXX000000000000000000XXXX00 X00000000000000000000000000 X00000000000000000000000000 XXX000000000000000000000000 XXXXXXX00000000000000000000 XXX111100000011111111111111 XXX111100000011111111111111 XXX111100000011111111111111 XXX111100000011111111111111 XXX111100000011111111111111 XXX111100000011111111111111 XXX1XX100000011111111111111 XXX1XX100000011111111111111 XXX111100000011111111111111 XXX111100000011111111111111 XXX111100000011111111111111 XXXXXXXX0000XXXXXXXXXXXXXXX XXXXXXXX0000XXXXXXXXXXXXXXX XXXXXXXX0000XXXXXXXXXXXXXXX', 0),
('habburger', 22, 10, 0, 2, '22222222222222222222xxx 22222222222222222222xxx 22222222222222222222xxx 22222222222222222222xxx xxxxxxxxxxxxxxxx1111xxx xxxxxxxxxxxxxxxx0000xxx xxx00000000000000000xxx 00000000000000000000xxx 00000000000000000000xxx 00000000000000000000000 00000000000000000000000 00000000000000000000xxx 00000000000000000000xxx 00000000000000000000xxx xxx00000000000000000xxx', 0),
('bar_b', 2, 12, 4, 2, 'xxxxx4xxxxxxxxxxxx xxxx4444444xxxxxxx xxxx4444444xxxxxxx xxx444444444444444 xxx444444444444444 xxx444444444444444 xxx444444444444444 xxx444444444444444 xxx444444444444444 xxx444444444444444 654444444444444444 654444444444444444 654444444444444444 654444444444444444 xxx444444444444444 xxx444444444444444 xxx444444444444444 xxx444444444444444 xxx444444444444444 xxxx44444444444444 xxxx33444444444444 xxxx22444444444444 xxxx2222222222xx44 xxxx2222222222xx44 xxxxx222222222xxxx xxxxxx22222222xxxx xxxxxx22222222xxxx xxxxxx22222222xxxx xxxxxx22222222xxxx xxxxxx22222222xxxx xxxxxx22222222xxxx', 0),
('hallC', 1, 1, 1, 4, '11xxxxxxxxxxxxxxx 11111111111111111 11111111111111111 11111111111111111 11111111111111111 11111111111111111 11111111111111111 11111111111111111 11111111111111111 11111111111111111 11111111111111111 11111111111111111 11111111111111111 11111111111111111 11111111111111111 11111111111111111 11111111111111111 11111111111111111', 0),
('hallA', 0, 0, 1, 2, '11xxxxxxxxxxxxxxx 11111111111111111 11111111111111111 11111111111111111 11111111111111111 11111111111111111 11111111111111111 11111111111111111 11111111111111111 11111111111111111 11111111111111111 11111111111111111 11111111111111111 11111111111111111 11111111111111111 11111111111111111 11111111111111111 11111111111111111', 0),
('hallB', 0, 0, 1, 2, '11xxxxxxxxxxxxxxx 11111111111111111 11111111111111111 11111111111111111 11111111111111111 11111111111111111 11111111111111111 11111111111111111 11111111111111111 11111111111111111 11111111111111111 11111111111111111 11111111111111111 11111111111111111 11111111111111111 11111111111111111 11111111111111111 11111111111111111', 0),
('hallD', 3, 5, 0, 2, 'xxxxx4xxxxxxxxxxxx xxxx4444444xxxxxxx xxxx4444444xxxxxxx xxx444444444444444 xxx444444444444444 xxx444444444444444 xxx444444444444444 xxx444444444444444 xxx444444444444444 xxx444444444444444 654444444444444444 654444444444444444 654444444444444444 654444444444444444 xxx444444444444444 xxx444444444444444 xxx444444444444444 xxx444444444444444 xxx444444444444444 xxxx44444444444444 xxxx33444444444444 xxxx22444444444444 xxxx2222222222xx44 xxxx2222222222xx44 xxxxx222222222xxxx xxxxxx22222222xxxx xxxxxx22222222xxxx xxxxxx22222222xxxx xxxxxx22222222xxxx xxxxxx22222222xxxx xxxxxx22222222xxxx', 0),
('discofloor', 0, 0, 0, 2, '0', 0);

-- --------------------------------------------------------

--
-- Table structure for table `room_public_items`
--

CREATE TABLE IF NOT EXISTS `room_public_items` (
  `id` int(10) NOT NULL AUTO_INCREMENT,
  `definitionid` int(10) NOT NULL,
  `model` varchar(100) NOT NULL,
  `x` smallint(3) NOT NULL,
  `y` smallint(3) NOT NULL,
  `z` float NOT NULL,
  `rotation` tinyint(1) NOT NULL,
  `object` varchar(255) DEFAULT NULL,
  `data` varchar(255) DEFAULT NULL,
  PRIMARY KEY (`id`),
  KEY `uni` (`id`)
) ENGINE=MyISAM  DEFAULT CHARSET=latin1 AUTO_INCREMENT=1442 ;

--
-- Dumping data for table `room_public_items`
--

INSERT INTO `room_public_items` (`id`, `definitionid`, `model`, `x`, `y`, `z`, `rotation`, `object`, `data`) VALUES
(1, 1, 'model_a', 3, 1, 0, 0, NULL, NULL),
(2, 1, 'model_a', 3, 2, 0, 0, NULL, NULL),
(3, 1, 'model_a', 3, 3, 0, 0, NULL, NULL),
(4, 1, 'model_a', 3, 4, 0, 0, NULL, NULL),
(5, 1, 'model_a', 3, 6, 0, 0, NULL, NULL),
(6, 1, 'model_a', 3, 7, 0, 0, NULL, NULL),
(7, 1, 'model_a', 3, 8, 0, 0, NULL, NULL),
(8, 1, 'model_a', 3, 9, 0, 0, NULL, NULL),
(9, 1, 'model_a', 3, 10, 0, 0, NULL, NULL),
(10, 1, 'model_a', 3, 11, 0, 0, NULL, NULL),
(11, 1, 'model_a', 3, 12, 0, 0, NULL, NULL),
(12, 9, 'model_a', 3, 13, 0, 0, NULL, NULL),
(13, 2, 'model_a', 3, 5, 0, 0, NULL, NULL),
(14, 3, 'model_a', 4, 0, 0, 2, NULL, NULL),
(15, 3, 'model_a', 5, 0, 0, 2, NULL, NULL),
(16, 3, 'model_a', 6, 0, 0, 2, NULL, NULL),
(17, 3, 'model_a', 5, 0, 0, 2, NULL, NULL),
(18, 3, 'model_a', 7, 0, 0, 2, NULL, NULL),
(19, 3, 'model_a', 8, 0, 0, 2, NULL, NULL),
(20, 3, 'model_a', 9, 0, 0, 2, NULL, NULL),
(21, 3, 'model_a', 10, 0, 0, 2, NULL, NULL),
(22, 10, 'model_a', 11, 0, 0, 2, NULL, NULL),
(23, 3, 'model_c', 5, 4, 0, 2, NULL, NULL),
(24, 3, 'model_c', 6, 4, 0, 2, NULL, NULL),
(25, 3, 'model_c', 7, 4, 0, 2, NULL, NULL),
(26, 3, 'model_c', 8, 4, 0, 2, NULL, NULL),
(27, 3, 'model_c', 9, 4, 0, 2, NULL, NULL),
(28, 10, 'model_c', 10, 4, 0, 2, NULL, NULL),
(29, 1, 'model_c', 4, 5, 0, 0, NULL, NULL),
(30, 1, 'model_c', 4, 6, 0, 0, NULL, NULL),
(31, 2, 'model_c', 4, 7, 0, 0, NULL, NULL),
(32, 1, 'model_c', 4, 8, 0, 0, NULL, NULL),
(33, 1, 'model_c', 4, 9, 0, 0, NULL, NULL),
(34, 9, 'model_c', 4, 10, 0, 0, NULL, NULL),
(401, 501, 'pool_a', 17, 11, 0, 0, 'curtains1', '19,11'),
(402, 501, 'pool_a', 17, 9, 0, 0, 'curtains2', '19,9'),
(403, 502, 'pool_a', 20, 28, 0, 0, 'Splash0', '21,28 22,28'),
(404, 503, 'pool_a', 21, 28, 0, 0, 'Splash0', '20,28 19,28'),
(405, 502, 'pool_b', 17, 21, 0, 0, 'Splash0', '17,22 17,23'),
(406, 503, 'pool_b', 17, 22, 0, 0, 'Splash0', '17,21 17,20'),
(407, 502, 'pool_b', 31, 10, 0, 0, 'Splash2', '31,11 31,12'),
(408, 503, 'pool_b', 31, 11, 0, 0, 'Splash2', '31,10 31,9'),
(409, 503, 'pool_b', 20, 19, 0, 0, 'Splash1', '19,19 18,19'),
(410, 504, 'pool_b', 26, 4, 0, 0, 'door', '20,19'),
(411, 501, 'md_a', 8, 0, 0, 0, 'curtains1', '8,2'),
(412, 501, 'md_a', 9, 0, 0, 0, 'curtains2', '9,2'),
(413, 502, 'md_a', 11, 11, 0, 0, 'Splash0', '12,11 13,11'),
(414, 503, 'md_a', 12, 11, 0, 0, 'Splash0', '11,11 10,11'),
(415, 502, 'md_a', 11, 12, 0, 0, 'Splash0', '12,12 13,12'),
(416, 503, 'md_a', 12, 12, 0, 0, 'Splash0', '11,12 10,12'),
(430, 510, 'md_a', 21, 15, 8, 0, 'wsQueueTile', '21,14'),
(431, 510, 'md_a', 21, 16, 8, 0, 'wsQueueTile', '21,15'),
(432, 510, 'md_a', 21, 17, 8, 0, 'wsQueueTile', '21,16'),
(433, 510, 'md_a', 21, 18, 8, 0, 'wsQueueTile', '21,17'),
(434, 511, 'md_a', 21, 12, 8, 0, 'wsSetPlayer', '1'),
(435, 511, 'md_a', 21, 13, 8, 0, NULL, NULL),
(436, 511, 'md_a', 21, 14, 8, 0, 'wsSetPlayer', '0'),
(437, 512, 'md_a', 21, 8, 8, 0, 'wsQueueTile', '21,9'),
(438, 512, 'md_a', 21, 9, 8, 0, 'wsQueueTile', '21,10'),
(439, 512, 'md_a', 21, 10, 8, 0, 'wsQueueTile', '21,11'),
(440, 512, 'md_a', 21, 11, 8, 0, 'wsQueueTile', '21,12'),
(441, 513, 'md_a', 21, 19, 0, 0, 'qstart', '21,18'),
(442, 513, 'md_a', 21, 7, 0, 0, 'qstart', '21,8'),
(443, 2415, 'lobby_a', 9, 0, 7, 0, NULL, NULL),
(444, 2416, 'lobby_a', 11, 0, 7, 4, NULL, NULL),
(445, 2417, 'lobby_a', 12, 0, 7, 4, NULL, NULL),
(446, 2418, 'lobby_a', 13, 0, 7, 2, NULL, NULL),
(447, 2416, 'lobby_a', 14, 0, 7, 4, NULL, NULL),
(448, 2417, 'lobby_a', 15, 0, 7, 4, NULL, NULL),
(449, 2419, 'lobby_a', 16, 0, 7, 4, NULL, NULL),
(450, 2420, 'lobby_a', 9, 2, 7, 2, NULL, NULL),
(451, 2415, 'lobby_a', 9, 3, 7, 0, NULL, NULL),
(452, 2421, 'lobby_a', 11, 3, 7, 0, NULL, NULL),
(453, 2417, 'lobby_a', 12, 3, 7, 0, NULL, NULL),
(454, 2418, 'lobby_a', 13, 3, 7, 2, NULL, NULL),
(455, 2421, 'lobby_a', 14, 3, 7, 0, NULL, NULL),
(456, 2417, 'lobby_a', 15, 3, 7, 0, NULL, NULL),
(457, 2415, 'lobby_a', 12, 4, 3, 0, NULL, NULL),
(458, 2415, 'lobby_a', 16, 4, 3, 0, NULL, NULL),
(459, 2416, 'lobby_a', 0, 7, 3, 4, NULL, NULL),
(460, 2417, 'lobby_a', 1, 7, 3, 4, NULL, NULL),
(461, 2421, 'lobby_a', 0, 10, 3, 0, NULL, NULL),
(462, 2417, 'lobby_a', 1, 10, 3, 0, NULL, NULL),
(463, 2422, 'lobby_a', 21, 12, 1, 4, NULL, NULL),
(464, 2422, 'lobby_a', 22, 12, 1, 4, NULL, NULL),
(465, 2422, 'lobby_a', 23, 12, 1, 4, NULL, NULL),
(466, 2422, 'lobby_a', 24, 12, 1, 4, NULL, NULL),
(467, 2416, 'lobby_a', 0, 14, 3, 4, NULL, NULL),
(468, 2417, 'lobby_a', 1, 14, 3, 4, NULL, NULL),
(469, 2419, 'lobby_a', 13, 14, 1, 2, NULL, NULL),
(470, 2419, 'lobby_a', 12, 15, 1, 4, NULL, NULL),
(471, 2423, 'lobby_a', 19, 16, 1, 4, NULL, NULL),
(472, 2424, 'lobby_a', 21, 16, 1, 2, NULL, NULL),
(473, 2423, 'lobby_a', 23, 16, 1, 4, NULL, NULL),
(474, 2421, 'lobby_a', 0, 17, 3, 0, NULL, NULL),
(475, 2417, 'lobby_a', 1, 17, 3, 0, NULL, NULL),
(476, 2425, 'lobby_a', 21, 17, 1, 2, NULL, NULL),
(477, 2423, 'lobby_a', 19, 18, 1, 0, NULL, NULL),
(478, 2426, 'lobby_a', 21, 18, 1, 2, NULL, NULL),
(479, 2423, 'lobby_a', 23, 18, 1, 0, NULL, NULL),
(480, 2416, 'lobby_a', 7, 21, 2, 2, NULL, NULL),
(481, 2427, 'lobby_a', 7, 22, 2, 2, NULL, NULL),
(482, 2427, 'lobby_a', 7, 23, 2, 2, NULL, NULL),
(483, 2427, 'lobby_a', 7, 24, 2, 2, NULL, NULL),
(484, 2417, 'lobby_a', 7, 25, 2, 2, NULL, NULL),
(485, 2418, 'lobby_a', 7, 26, 2, 2, NULL, NULL),
(486, 2428, 'lobby_a', 10, 26, 1, 2, NULL, NULL),
(487, 2429, 'cinema_a', 2, 4, 3, 0, NULL, NULL),
(488, 2430, 'cinema_a', 7, 4, 3, 2, NULL, NULL),
(489, 2431, 'cinema_a', 8, 4, 3, 0, NULL, NULL),
(490, 2430, 'cinema_a', 9, 4, 3, 6, NULL, NULL),
(491, 2430, 'cinema_a', 2, 5, 3, 4, NULL, NULL),
(492, 2430, 'cinema_a', 7, 5, 3, 2, NULL, NULL),
(493, 2432, 'cinema_a', 8, 5, 3, 0, NULL, NULL),
(494, 2430, 'cinema_a', 9, 5, 3, 6, NULL, NULL),
(495, 2433, 'cinema_a', 2, 6, 3, 0, NULL, NULL),
(496, 2430, 'cinema_a', 2, 7, 3, 0, NULL, NULL),
(497, 2434, 'cinema_a', 13, 7, 1, 0, NULL, NULL),
(498, 2434, 'cinema_a', 14, 7, 1, 0, NULL, NULL),
(499, 2434, 'cinema_a', 15, 7, 1, 0, NULL, NULL),
(500, 2434, 'cinema_a', 16, 7, 1, 0, NULL, NULL),
(501, 2434, 'cinema_a', 17, 7, 1, 0, NULL, NULL),
(502, 2434, 'cinema_a', 18, 7, 1, 0, NULL, NULL),
(503, 2435, 'cinema_a', 21, 7, 1, 0, NULL, NULL),
(504, 2436, 'cinema_a', 9, 8, 3, 0, NULL, NULL),
(505, 2437, 'cinema_a', 13, 8, 2, 2, NULL, NULL),
(506, 2437, 'cinema_a', 14, 8, 2, 0, NULL, NULL),
(507, 2437, 'cinema_a', 15, 8, 2, 0, NULL, NULL),
(508, 2437, 'cinema_a', 16, 8, 2, 0, NULL, NULL),
(509, 2437, 'cinema_a', 17, 8, 2, 0, NULL, NULL),
(510, 2437, 'cinema_a', 18, 8, 2, 0, NULL, NULL),
(511, 2437, 'cinema_a', 19, 8, 2, 1, NULL, NULL),
(512, 2435, 'cinema_a', 21, 8, 1, 0, NULL, NULL),
(513, 2429, 'cinema_a', 2, 9, 3, 0, NULL, NULL),
(514, 2434, 'cinema_a', 13, 9, 2, 0, NULL, NULL),
(515, 2434, 'cinema_a', 14, 9, 2, 0, NULL, NULL),
(516, 2434, 'cinema_a', 15, 9, 2, 0, NULL, NULL),
(517, 2434, 'cinema_a', 16, 9, 2, 0, NULL, NULL),
(518, 2434, 'cinema_a', 17, 9, 2, 0, NULL, NULL),
(519, 2434, 'cinema_a', 18, 9, 2, 0, NULL, NULL),
(520, 2434, 'cinema_a', 19, 9, 2, 0, NULL, NULL),
(521, 2434, 'cinema_a', 20, 9, 2, 0, NULL, NULL),
(522, 2435, 'cinema_a', 21, 9, 1, 0, NULL, NULL),
(523, 2430, 'cinema_a', 2, 10, 3, 4, NULL, NULL),
(524, 2430, 'cinema_a', 9, 10, 3, 4, NULL, NULL),
(525, 2433, 'cinema_a', 2, 11, 3, 0, NULL, NULL),
(526, 2433, 'cinema_a', 9, 11, 3, 0, NULL, NULL),
(527, 2430, 'cinema_a', 2, 12, 3, 0, NULL, NULL),
(528, 2430, 'cinema_a', 9, 12, 3, 0, NULL, NULL),
(529, 2438, 'cinema_a', 17, 12, 1, 6, NULL, NULL),
(530, 2439, 'cinema_a', 19, 12, 1, 2, NULL, NULL),
(531, 2438, 'cinema_a', 15, 13, 1, 2, NULL, NULL),
(532, 2436, 'cinema_a', 19, 13, 1, 0, NULL, NULL),
(533, 2438, 'cinema_a', 20, 13, 1, 6, NULL, NULL),
(534, 2436, 'cinema_a', 9, 14, 3, 0, NULL, NULL),
(535, 2430, 'cinema_a', 2, 15, 3, 4, NULL, NULL),
(536, 2438, 'cinema_a', 14, 15, 1, 4, NULL, NULL),
(537, 2439, 'cinema_a', 19, 15, 1, 4, NULL, NULL),
(538, 2433, 'cinema_a', 2, 16, 3, 0, NULL, NULL),
(539, 2430, 'cinema_a', 7, 16, 3, 2, NULL, NULL),
(540, 2433, 'cinema_a', 8, 16, 3, 2, NULL, NULL),
(541, 2430, 'cinema_a', 9, 16, 3, 6, NULL, NULL),
(542, 2438, 'cinema_a', 13, 16, 1, 2, NULL, NULL),
(543, 2438, 'cinema_a', 14, 16, 1, 6, NULL, NULL),
(544, 2429, 'cinema_a', 19, 16, 1, 0, NULL, NULL),
(545, 2430, 'cinema_a', 2, 17, 3, 0, NULL, NULL),
(546, 2430, 'cinema_a', 7, 17, 3, 2, NULL, NULL),
(547, 2433, 'cinema_a', 8, 17, 3, 2, NULL, NULL),
(548, 2430, 'cinema_a', 9, 17, 3, 6, NULL, NULL),
(549, 2438, 'cinema_a', 19, 17, 1, 2, NULL, NULL),
(550, 2429, 'cinema_a', 2, 18, 3, 0, NULL, NULL),
(551, 2438, 'cinema_a', 14, 18, 1, 4, NULL, NULL),
(552, 2440, 'cinema_a', 2, 19, 3, 0, NULL, NULL),
(553, 2440, 'cinema_a', 2, 20, 3, 1, NULL, NULL),
(554, 2441, 'cinema_a', 3, 20, 3, 6, NULL, NULL),
(555, 2436, 'cinema_a', 9, 20, 3, 0, NULL, NULL),
(556, 2438, 'cinema_a', 14, 20, 1, 0, NULL, NULL),
(557, 2438, 'cinema_a', 19, 20, 1, 2, NULL, NULL),
(558, 2439, 'cinema_a', 20, 20, 1, 6, NULL, NULL),
(559, 2440, 'cinema_a', 2, 21, 3, 1, NULL, NULL),
(560, 2441, 'cinema_a', 3, 21, 3, 6, NULL, NULL),
(561, 2438, 'cinema_a', 19, 21, 1, 0, NULL, NULL),
(562, 2440, 'cinema_a', 2, 22, 3, 1, NULL, NULL),
(563, 2441, 'cinema_a', 3, 22, 3, 6, NULL, NULL),
(564, 2436, 'cinema_a', 16, 22, 1, 0, NULL, NULL),
(565, 2439, 'cinema_a', 18, 22, 1, 0, NULL, NULL),
(566, 2440, 'cinema_a', 2, 23, 3, 1, NULL, NULL),
(567, 2441, 'cinema_a', 3, 23, 3, 6, NULL, NULL),
(568, 2440, 'cinema_a', 2, 24, 3, 1, NULL, NULL),
(569, 2441, 'cinema_a', 3, 24, 3, 6, NULL, NULL),
(570, 2440, 'cinema_a', 2, 25, 3, 2, NULL, NULL),
(571, 2442, 'theater', 11, 10, 1, 0, NULL, NULL),
(572, 2443, 'theater', 2, 11, 4, 2, NULL, NULL),
(573, 2443, 'theater', 2, 12, 4, 2, NULL, NULL),
(574, 2443, 'theater', 2, 15, 4, 2, NULL, NULL),
(575, 2444, 'theater', 6, 15, 0, 0, NULL, NULL),
(576, 2444, 'theater', 7, 15, 0, 0, NULL, NULL),
(577, 2444, 'theater', 8, 15, 0, 0, NULL, NULL),
(578, 2444, 'theater', 9, 15, 0, 0, NULL, NULL),
(579, 2444, 'theater', 10, 15, 0, 0, NULL, NULL),
(580, 2444, 'theater', 12, 15, 0, 0, NULL, NULL),
(581, 2444, 'theater', 13, 15, 0, 0, NULL, NULL),
(582, 2444, 'theater', 14, 15, 0, 0, NULL, NULL),
(583, 2444, 'theater', 15, 15, 0, 0, NULL, NULL),
(584, 2444, 'theater', 16, 15, 0, 0, NULL, NULL),
(585, 2443, 'theater', 2, 16, 4, 2, NULL, NULL),
(586, 2444, 'theater', 6, 20, 1, 0, NULL, NULL),
(587, 2444, 'theater', 7, 20, 1, 0, NULL, NULL),
(588, 2444, 'theater', 8, 20, 1, 0, NULL, NULL),
(589, 2444, 'theater', 9, 20, 1, 0, NULL, NULL),
(590, 2444, 'theater', 10, 20, 1, 0, NULL, NULL),
(591, 2444, 'theater', 12, 20, 1, 0, NULL, NULL),
(592, 2444, 'theater', 13, 20, 1, 0, NULL, NULL),
(593, 2444, 'theater', 14, 20, 1, 0, NULL, NULL),
(594, 2444, 'theater', 15, 20, 1, 0, NULL, NULL),
(595, 2444, 'theater', 16, 20, 1, 0, NULL, NULL),
(596, 2444, 'theater', 6, 23, 1, 0, NULL, NULL),
(597, 2444, 'theater', 7, 23, 1, 0, NULL, NULL),
(598, 2444, 'theater', 8, 23, 1, 0, NULL, NULL),
(599, 2444, 'theater', 9, 23, 1, 0, NULL, NULL),
(600, 2444, 'theater', 10, 23, 1, 0, NULL, NULL),
(601, 2444, 'theater', 12, 23, 1, 0, NULL, NULL),
(602, 2444, 'theater', 13, 23, 1, 0, NULL, NULL),
(603, 2444, 'theater', 14, 23, 1, 0, NULL, NULL),
(604, 2444, 'theater', 15, 23, 1, 0, NULL, NULL),
(605, 2444, 'theater', 16, 23, 1, 0, NULL, NULL),
(606, 2444, 'theater', 6, 26, 1, 0, NULL, NULL),
(607, 2444, 'theater', 7, 26, 1, 0, NULL, NULL),
(608, 2444, 'theater', 8, 26, 1, 0, NULL, NULL),
(609, 2444, 'theater', 9, 26, 1, 0, NULL, NULL),
(610, 2444, 'theater', 10, 26, 1, 0, NULL, NULL),
(611, 2444, 'theater', 12, 26, 1, 0, NULL, NULL),
(612, 2444, 'theater', 13, 26, 1, 0, NULL, NULL),
(613, 2444, 'theater', 14, 26, 1, 0, NULL, NULL),
(614, 2444, 'theater', 15, 26, 1, 0, NULL, NULL),
(615, 2444, 'theater', 16, 26, 1, 0, NULL, NULL),
(616, 2446, 'habburger', 0, 0, 2, 2, NULL, NULL),
(617, 2447, 'habburger', 1, 0, 2, 4, NULL, NULL),
(618, 2446, 'habburger', 2, 0, 2, 6, NULL, NULL),
(619, 2446, 'habburger', 6, 0, 2, 2, NULL, NULL),
(620, 2448, 'habburger', 7, 0, 2, 4, NULL, NULL),
(621, 2446, 'habburger', 8, 0, 2, 6, NULL, NULL),
(622, 2446, 'habburger', 12, 0, 2, 2, NULL, NULL),
(623, 2447, 'habburger', 13, 0, 2, 4, NULL, NULL),
(624, 2446, 'habburger', 14, 0, 2, 6, NULL, NULL),
(625, 2449, 'habburger', 15, 0, 2, 0, NULL, NULL),
(626, 2450, 'habburger', 0, 1, 2, 2, NULL, NULL),
(627, 2426, 'habburger', 1, 1, 2, 4, NULL, NULL),
(628, 2450, 'habburger', 2, 1, 2, 6, NULL, NULL),
(629, 2450, 'habburger', 6, 1, 2, 2, NULL, NULL),
(630, 2426, 'habburger', 7, 1, 2, 4, NULL, NULL),
(631, 2450, 'habburger', 8, 1, 2, 6, NULL, NULL),
(632, 2450, 'habburger', 12, 1, 2, 2, NULL, NULL),
(633, 2426, 'habburger', 13, 1, 2, 4, NULL, NULL),
(634, 2450, 'habburger', 14, 1, 2, 6, NULL, NULL),
(635, 2451, 'habburger', 2, 7, 0, 0, NULL, NULL),
(636, 2446, 'habburger', 7, 7, 0, 4, NULL, NULL),
(637, 2450, 'habburger', 8, 7, 0, 4, NULL, NULL),
(638, 2446, 'habburger', 12, 7, 0, 4, NULL, NULL),
(639, 2450, 'habburger', 13, 7, 0, 4, NULL, NULL),
(640, 2452, 'habburger', 2, 8, 0, 0, NULL, NULL),
(641, 2448, 'habburger', 7, 8, 0, 2, NULL, NULL),
(642, 2426, 'habburger', 8, 8, 0, 2, NULL, NULL),
(643, 2447, 'habburger', 12, 8, 0, 2, NULL, NULL),
(644, 2426, 'habburger', 13, 8, 0, 2, NULL, NULL),
(645, 2453, 'habburger', 2, 9, 0, 0, NULL, NULL),
(646, 2446, 'habburger', 7, 9, 0, 0, NULL, NULL),
(647, 2450, 'habburger', 8, 9, 0, 0, NULL, NULL),
(648, 2446, 'habburger', 12, 9, 0, 0, NULL, NULL),
(649, 2450, 'habburger', 13, 9, 0, 0, NULL, NULL),
(650, 2454, 'habburger', 2, 10, 0, 0, NULL, NULL),
(651, 2453, 'habburger', 2, 11, 0, 0, NULL, NULL),
(652, 2453, 'habburger', 2, 12, 0, 0, NULL, NULL),
(653, 2446, 'habburger', 7, 12, 0, 4, NULL, NULL),
(654, 2450, 'habburger', 8, 12, 0, 4, NULL, NULL),
(655, 2446, 'habburger', 12, 12, 0, 4, NULL, NULL),
(656, 2450, 'habburger', 13, 12, 0, 4, NULL, NULL),
(657, 2453, 'habburger', 2, 13, 0, 0, NULL, NULL),
(658, 2447, 'habburger', 7, 13, 0, 2, NULL, NULL),
(659, 2426, 'habburger', 8, 13, 0, 2, NULL, NULL),
(660, 2448, 'habburger', 12, 13, 0, 2, NULL, NULL),
(661, 2426, 'habburger', 13, 13, 0, 2, NULL, NULL),
(662, 2446, 'habburger', 7, 14, 0, 0, NULL, NULL),
(663, 2450, 'habburger', 8, 14, 0, 0, NULL, NULL),
(664, 2446, 'habburger', 12, 14, 0, 0, NULL, NULL),
(665, 2450, 'habburger', 13, 14, 0, 0, NULL, NULL),
(666, 2455, 'pool_a', 2, 28, 7, 0, NULL, NULL),
(667, 2456, 'pool_a', 2, 29, 7, 0, NULL, NULL),
(668, 2455, 'pool_a', 19, 30, 7, 0, NULL, NULL),
(669, 2456, 'pool_a', 19, 31, 7, 0, NULL, NULL),
(670, 2457, 'pool_a', 6, 32, 7, 0, NULL, NULL),
(671, 2415, 'pool_a', 13, 33, 7, 0, NULL, NULL),
(672, 2458, 'pool_a', 10, 34, 7, 4, NULL, NULL),
(673, 2459, 'pool_a', 8, 35, 7, 0, NULL, NULL),
(674, 2458, 'pool_a', 9, 35, 7, 2, NULL, NULL),
(675, 2460, 'pool_a', 10, 35, 7, 0, NULL, NULL),
(676, 2458, 'pool_a', 11, 35, 7, 6, NULL, NULL),
(677, 2461, 'pool_a', 15, 35, 7, 0, NULL, NULL),
(678, 2458, 'pool_a', 10, 36, 7, 0, NULL, NULL),
(679, 2462, 'pool_a', 15, 36, 7, 4, NULL, NULL),
(680, 2463, 'pool_a', 22, 36, 7, 4, NULL, NULL),
(681, 2462, 'pool_a', 14, 37, 7, 2, NULL, NULL),
(682, 2464, 'pool_a', 15, 37, 7, 0, NULL, NULL),
(683, 2462, 'pool_a', 16, 37, 7, 6, NULL, NULL),
(684, 2465, 'pool_a', 20, 37, 7, 0, NULL, NULL),
(685, 2463, 'pool_a', 21, 37, 7, 2, NULL, NULL),
(686, 2466, 'pool_a', 22, 37, 7, 0, NULL, NULL),
(687, 2463, 'pool_a', 22, 38, 7, 0, NULL, NULL),
(688, 2467, 'pool_a', 18, 42, 7, 4, NULL, NULL),
(689, 2468, 'pool_a', 16, 43, 7, 0, NULL, NULL),
(690, 2467, 'pool_a', 17, 43, 7, 2, NULL, NULL),
(691, 2469, 'pool_a', 18, 43, 7, 0, NULL, NULL),
(692, 2467, 'pool_a', 19, 43, 7, 6, NULL, NULL),
(693, 2467, 'pool_a', 18, 44, 7, 0, NULL, NULL),
(694, 2470, 'pool_b', 33, 2, 7, 0, NULL, NULL),
(695, 2471, 'pool_b', 18, 3, 8, 4, NULL, NULL),
(696, 2472, 'pool_b', 19, 3, 8, 4, NULL, NULL),
(697, 2471, 'pool_b', 20, 3, 8, 4, NULL, NULL),
(698, 2472, 'pool_b', 21, 3, 8, 4, NULL, NULL),
(699, 2471, 'pool_b', 22, 3, 8, 4, NULL, NULL),
(700, 2472, 'pool_b', 23, 3, 8, 4, NULL, NULL),
(701, 2473, 'pool_b', 33, 3, 7, 4, NULL, NULL),
(702, 2473, 'pool_b', 32, 4, 7, 2, NULL, NULL),
(703, 2474, 'pool_b', 33, 4, 7, 0, NULL, NULL),
(704, 2473, 'pool_b', 34, 4, 7, 6, NULL, NULL),
(705, 2471, 'pool_b', 16, 5, 8, 2, NULL, NULL),
(706, 2473, 'pool_b', 33, 5, 7, 0, NULL, NULL),
(707, 2472, 'pool_b', 16, 6, 8, 2, NULL, NULL),
(708, 2471, 'pool_b', 16, 7, 8, 2, NULL, NULL),
(709, 2473, 'pool_b', 35, 7, 7, 4, NULL, NULL),
(710, 2415, 'pool_b', 14, 8, 9, 0, NULL, NULL),
(711, 2472, 'pool_b', 16, 8, 8, 2, NULL, NULL),
(712, 2470, 'pool_b', 33, 8, 7, 0, NULL, NULL),
(713, 2473, 'pool_b', 34, 8, 7, 2, NULL, NULL),
(714, 2474, 'pool_b', 35, 8, 7, 0, NULL, NULL),
(715, 2473, 'pool_b', 36, 8, 7, 6, NULL, NULL),
(716, 2471, 'pool_b', 14, 9, 9, 2, NULL, NULL),
(717, 2471, 'pool_b', 16, 9, 8, 2, NULL, NULL),
(718, 2473, 'pool_b', 35, 9, 7, 0, NULL, NULL),
(719, 2472, 'pool_b', 14, 10, 9, 2, NULL, NULL),
(720, 2472, 'pool_b', 16, 10, 8, 2, NULL, NULL),
(721, 2471, 'pool_b', 14, 11, 9, 2, NULL, NULL),
(722, 2471, 'pool_b', 16, 11, 8, 2, NULL, NULL),
(723, 2472, 'pool_b', 14, 12, 9, 2, NULL, NULL),
(724, 2472, 'pool_b', 16, 12, 8, 2, NULL, NULL),
(725, 2455, 'pool_b', 3, 13, 7, 2, NULL, NULL),
(726, 2456, 'pool_b', 4, 13, 7, 2, NULL, NULL),
(727, 2471, 'pool_b', 14, 13, 9, 2, NULL, NULL),
(728, 2471, 'pool_b', 16, 13, 8, 2, NULL, NULL),
(729, 2472, 'pool_b', 14, 14, 9, 2, NULL, NULL),
(730, 2472, 'pool_b', 16, 14, 8, 2, NULL, NULL),
(731, 2475, 'floorlobby_a', 3, 2, 0, 0, NULL, NULL),
(732, 2422, 'floorlobby_a', 5, 2, 0, 4, NULL, NULL),
(733, 2422, 'floorlobby_a', 7, 2, 0, 4, NULL, NULL),
(734, 2422, 'floorlobby_a', 9, 2, 0, 4, NULL, NULL),
(735, 2422, 'floorlobby_a', 11, 2, 0, 4, NULL, NULL),
(736, 2422, 'floorlobby_a', 13, 2, 0, 4, NULL, NULL),
(737, 2419, 'floorlobby_a', 26, 2, 0, 4, NULL, NULL),
(738, 2476, 'floorlobby_a', 3, 8, 1, 0, NULL, NULL),
(739, 2477, 'floorlobby_a', 14, 8, 1, 6, NULL, NULL),
(740, 2477, 'floorlobby_a', 15, 8, 1, 0, NULL, NULL),
(741, 2477, 'floorlobby_a', 16, 8, 1, 0, NULL, NULL),
(742, 2477, 'floorlobby_a', 17, 8, 1, 0, NULL, NULL),
(743, 2477, 'floorlobby_a', 18, 8, 1, 0, NULL, NULL),
(744, 2477, 'floorlobby_a', 19, 8, 1, 0, NULL, NULL),
(745, 2477, 'floorlobby_a', 20, 8, 1, 0, NULL, NULL),
(746, 2477, 'floorlobby_a', 21, 8, 1, 0, NULL, NULL),
(747, 2477, 'floorlobby_a', 22, 8, 1, 0, NULL, NULL),
(748, 2477, 'floorlobby_a', 23, 8, 1, 0, NULL, NULL),
(749, 2477, 'floorlobby_a', 24, 8, 1, 0, NULL, NULL),
(750, 2477, 'floorlobby_a', 25, 8, 1, 0, NULL, NULL),
(751, 2477, 'floorlobby_a', 26, 8, 1, 2, NULL, NULL),
(752, 2423, 'floorlobby_a', 3, 9, 1, 2, NULL, NULL),
(753, 2423, 'floorlobby_a', 5, 9, 1, 6, NULL, NULL),
(754, 2475, 'floorlobby_a', 15, 9, 1, 0, NULL, NULL),
(755, 2416, 'floorlobby_a', 16, 9, 1, 4, NULL, NULL),
(756, 2427, 'floorlobby_a', 17, 9, 1, 4, NULL, NULL),
(757, 2417, 'floorlobby_a', 18, 9, 1, 4, NULL, NULL),
(758, 2475, 'floorlobby_a', 19, 9, 1, 4, NULL, NULL),
(759, 2475, 'floorlobby_a', 21, 9, 1, 0, NULL, NULL),
(760, 2416, 'floorlobby_a', 22, 9, 1, 4, NULL, NULL),
(761, 2427, 'floorlobby_a', 23, 9, 1, 4, NULL, NULL),
(762, 2417, 'floorlobby_a', 24, 9, 1, 4, NULL, NULL),
(763, 2475, 'floorlobby_a', 25, 9, 1, 4, NULL, NULL),
(764, 2423, 'floorlobby_a', 3, 11, 1, 2, NULL, NULL),
(765, 2423, 'floorlobby_a', 5, 11, 1, 6, NULL, NULL),
(766, 2478, 'floorlobby_a', 3, 12, 1, 0, NULL, NULL),
(767, 2423, 'floorlobby_a', 16, 14, 1, 4, NULL, NULL),
(768, 2423, 'floorlobby_a', 18, 14, 1, 4, NULL, NULL),
(769, 2423, 'floorlobby_a', 22, 14, 1, 4, NULL, NULL),
(770, 2423, 'floorlobby_a', 24, 14, 1, 4, NULL, NULL),
(771, 2478, 'floorlobby_a', 17, 15, 1, 0, NULL, NULL),
(772, 2478, 'floorlobby_a', 23, 15, 1, 0, NULL, NULL),
(773, 2478, 'floorlobby_a', 3, 16, 1, 0, NULL, NULL),
(774, 2423, 'floorlobby_a', 16, 16, 1, 0, NULL, NULL),
(775, 2423, 'floorlobby_a', 18, 16, 1, 0, NULL, NULL),
(776, 2423, 'floorlobby_a', 22, 16, 1, 0, NULL, NULL),
(777, 2423, 'floorlobby_a', 24, 16, 1, 0, NULL, NULL),
(778, 2423, 'floorlobby_a', 3, 17, 1, 2, NULL, NULL),
(779, 2423, 'floorlobby_a', 5, 17, 1, 6, NULL, NULL),
(780, 2476, 'floorlobby_a', 3, 18, 1, 0, NULL, NULL),
(781, 2479, 'floorlobby_a', 14, 18, 1, 6, NULL, NULL),
(782, 2479, 'floorlobby_a', 15, 18, 1, 0, NULL, NULL),
(783, 2479, 'floorlobby_a', 16, 18, 1, 0, NULL, NULL),
(784, 2479, 'floorlobby_a', 17, 18, 1, 0, NULL, NULL),
(785, 2479, 'floorlobby_a', 18, 18, 1, 0, NULL, NULL),
(786, 2479, 'floorlobby_a', 19, 18, 1, 0, NULL, NULL),
(787, 2479, 'floorlobby_a', 20, 18, 1, 0, NULL, NULL),
(788, 2479, 'floorlobby_a', 21, 18, 1, 0, NULL, NULL),
(789, 2479, 'floorlobby_a', 22, 18, 1, 0, NULL, NULL),
(790, 2479, 'floorlobby_a', 23, 18, 1, 0, NULL, NULL),
(791, 2479, 'floorlobby_a', 24, 18, 1, 0, NULL, NULL),
(792, 2479, 'floorlobby_a', 25, 18, 1, 0, NULL, NULL),
(793, 2479, 'floorlobby_a', 26, 18, 1, 2, NULL, NULL),
(794, 2475, 'floorlobby_b', 3, 2, 0, 0, NULL, NULL),
(795, 2422, 'floorlobby_b', 5, 2, 0, 4, NULL, NULL),
(796, 2422, 'floorlobby_b', 7, 2, 0, 4, NULL, NULL),
(797, 2422, 'floorlobby_b', 9, 2, 0, 4, NULL, NULL),
(798, 2422, 'floorlobby_b', 11, 2, 0, 4, NULL, NULL),
(799, 2422, 'floorlobby_b', 13, 2, 0, 4, NULL, NULL),
(800, 2419, 'floorlobby_b', 26, 2, 0, 4, NULL, NULL),
(801, 2476, 'floorlobby_b', 3, 8, 1, 0, NULL, NULL),
(802, 2480, 'floorlobby_b', 14, 8, 1, 6, NULL, NULL),
(803, 2480, 'floorlobby_b', 15, 8, 1, 0, NULL, NULL),
(804, 2480, 'floorlobby_b', 16, 8, 1, 0, NULL, NULL),
(805, 2480, 'floorlobby_b', 17, 8, 1, 0, NULL, NULL),
(806, 2480, 'floorlobby_b', 18, 8, 1, 0, NULL, NULL),
(807, 2480, 'floorlobby_b', 19, 8, 1, 0, NULL, NULL),
(808, 2480, 'floorlobby_b', 20, 8, 1, 0, NULL, NULL),
(809, 2480, 'floorlobby_b', 21, 8, 1, 0, NULL, NULL),
(810, 2480, 'floorlobby_b', 22, 8, 1, 0, NULL, NULL),
(811, 2480, 'floorlobby_b', 23, 8, 1, 0, NULL, NULL),
(812, 2480, 'floorlobby_b', 24, 8, 1, 0, NULL, NULL),
(813, 2480, 'floorlobby_b', 25, 8, 1, 0, NULL, NULL),
(814, 2480, 'floorlobby_b', 26, 8, 1, 2, NULL, NULL),
(815, 2416, 'floorlobby_b', 3, 9, 1, 4, NULL, NULL),
(816, 2427, 'floorlobby_b', 4, 9, 1, 4, NULL, NULL),
(817, 2417, 'floorlobby_b', 5, 9, 1, 4, NULL, NULL),
(818, 2475, 'floorlobby_b', 15, 9, 1, 0, NULL, NULL),
(819, 2416, 'floorlobby_b', 16, 9, 1, 4, NULL, NULL),
(820, 2427, 'floorlobby_b', 17, 9, 1, 4, NULL, NULL),
(821, 2417, 'floorlobby_b', 18, 9, 1, 4, NULL, NULL),
(822, 2475, 'floorlobby_b', 19, 9, 1, 4, NULL, NULL),
(823, 2475, 'floorlobby_b', 21, 9, 1, 0, NULL, NULL),
(824, 2416, 'floorlobby_b', 22, 9, 1, 4, NULL, NULL),
(825, 2427, 'floorlobby_b', 23, 9, 1, 4, NULL, NULL),
(826, 2417, 'floorlobby_b', 24, 9, 1, 4, NULL, NULL),
(827, 2475, 'floorlobby_b', 25, 9, 1, 4, NULL, NULL),
(828, 2423, 'floorlobby_b', 3, 11, 1, 0, NULL, NULL),
(829, 2478, 'floorlobby_b', 4, 11, 1, 0, NULL, NULL),
(830, 2423, 'floorlobby_b', 5, 11, 1, 0, NULL, NULL),
(831, 2423, 'floorlobby_b', 16, 14, 1, 2, NULL, NULL),
(832, 2423, 'floorlobby_b', 18, 14, 1, 6, NULL, NULL),
(833, 2423, 'floorlobby_b', 22, 14, 1, 2, NULL, NULL),
(834, 2423, 'floorlobby_b', 24, 14, 1, 6, NULL, NULL),
(835, 2478, 'floorlobby_b', 17, 15, 1, 0, NULL, NULL),
(836, 2478, 'floorlobby_b', 23, 15, 1, 0, NULL, NULL),
(837, 2478, 'floorlobby_b', 3, 16, 1, 0, NULL, NULL),
(838, 2423, 'floorlobby_b', 16, 16, 1, 2, NULL, NULL),
(839, 2423, 'floorlobby_b', 18, 16, 1, 6, NULL, NULL),
(840, 2423, 'floorlobby_b', 22, 16, 1, 2, NULL, NULL),
(841, 2423, 'floorlobby_b', 24, 16, 1, 6, NULL, NULL),
(842, 2423, 'floorlobby_b', 3, 17, 1, 2, NULL, NULL),
(843, 2423, 'floorlobby_b', 5, 17, 1, 6, NULL, NULL),
(844, 2476, 'floorlobby_b', 3, 18, 1, 0, NULL, NULL),
(845, 2481, 'floorlobby_b', 14, 18, 1, 6, NULL, NULL),
(846, 2481, 'floorlobby_b', 15, 18, 1, 0, NULL, NULL),
(847, 2481, 'floorlobby_b', 16, 18, 1, 0, NULL, NULL),
(848, 2481, 'floorlobby_b', 17, 18, 1, 0, NULL, NULL),
(849, 2481, 'floorlobby_b', 18, 18, 1, 0, NULL, NULL),
(850, 2481, 'floorlobby_b', 19, 18, 1, 0, NULL, NULL),
(851, 2481, 'floorlobby_b', 20, 18, 1, 0, NULL, NULL),
(852, 2481, 'floorlobby_b', 21, 18, 1, 0, NULL, NULL),
(853, 2481, 'floorlobby_b', 22, 18, 1, 0, NULL, NULL),
(854, 2481, 'floorlobby_b', 23, 18, 1, 0, NULL, NULL),
(855, 2481, 'floorlobby_b', 24, 18, 1, 0, NULL, NULL),
(856, 2481, 'floorlobby_b', 25, 18, 1, 0, NULL, NULL),
(857, 2481, 'floorlobby_b', 26, 18, 1, 2, NULL, NULL),
(858, 2475, 'floorlobby_c', 3, 2, 0, 0, NULL, NULL),
(859, 2422, 'floorlobby_c', 5, 2, 0, 4, NULL, NULL),
(860, 2422, 'floorlobby_c', 7, 2, 0, 4, NULL, NULL),
(861, 2422, 'floorlobby_c', 9, 2, 0, 4, NULL, NULL),
(862, 2422, 'floorlobby_c', 11, 2, 0, 4, NULL, NULL),
(863, 2422, 'floorlobby_c', 13, 2, 0, 4, NULL, NULL),
(864, 2419, 'floorlobby_c', 26, 2, 0, 4, NULL, NULL),
(865, 2482, 'floorlobby_c', 14, 8, 1, 6, NULL, NULL),
(866, 2482, 'floorlobby_c', 15, 8, 1, 0, NULL, NULL),
(867, 2482, 'floorlobby_c', 16, 8, 1, 0, NULL, NULL),
(868, 2482, 'floorlobby_c', 17, 8, 1, 0, NULL, NULL),
(869, 2482, 'floorlobby_c', 18, 8, 1, 0, NULL, NULL),
(870, 2482, 'floorlobby_c', 19, 8, 1, 0, NULL, NULL),
(871, 2482, 'floorlobby_c', 20, 8, 1, 0, NULL, NULL),
(872, 2482, 'floorlobby_c', 21, 8, 1, 0, NULL, NULL),
(873, 2482, 'floorlobby_c', 22, 8, 1, 0, NULL, NULL),
(874, 2482, 'floorlobby_c', 23, 8, 1, 0, NULL, NULL),
(875, 2482, 'floorlobby_c', 24, 8, 1, 0, NULL, NULL),
(876, 2482, 'floorlobby_c', 25, 8, 1, 0, NULL, NULL),
(877, 2482, 'floorlobby_c', 26, 8, 1, 2, NULL, NULL),
(878, 2483, 'floorlobby_c', 3, 9, 1, 2, NULL, NULL),
(879, 2483, 'floorlobby_c', 5, 9, 1, 6, NULL, NULL),
(880, 2475, 'floorlobby_c', 15, 9, 1, 0, NULL, NULL),
(881, 2484, 'floorlobby_c', 16, 9, 1, 4, NULL, NULL),
(882, 2485, 'floorlobby_c', 17, 9, 1, 4, NULL, NULL),
(883, 2486, 'floorlobby_c', 18, 9, 1, 4, NULL, NULL),
(884, 2475, 'floorlobby_c', 19, 9, 1, 4, NULL, NULL),
(885, 2475, 'floorlobby_c', 21, 9, 1, 0, NULL, NULL),
(886, 2484, 'floorlobby_c', 22, 9, 1, 4, NULL, NULL),
(887, 2485, 'floorlobby_c', 23, 9, 1, 4, NULL, NULL),
(888, 2486, 'floorlobby_c', 24, 9, 1, 4, NULL, NULL),
(889, 2475, 'floorlobby_c', 25, 9, 1, 4, NULL, NULL),
(890, 2483, 'floorlobby_c', 3, 11, 1, 2, NULL, NULL),
(891, 2483, 'floorlobby_c', 5, 11, 1, 6, NULL, NULL),
(892, 2487, 'floorlobby_c', 3, 12, 1, 0, NULL, NULL),
(893, 2483, 'floorlobby_c', 16, 14, 1, 4, NULL, NULL),
(894, 2483, 'floorlobby_c', 18, 14, 1, 4, NULL, NULL),
(895, 2483, 'floorlobby_c', 22, 14, 1, 4, NULL, NULL),
(896, 2483, 'floorlobby_c', 24, 14, 1, 4, NULL, NULL),
(897, 2487, 'floorlobby_c', 17, 15, 1, 0, NULL, NULL),
(898, 2487, 'floorlobby_c', 23, 15, 1, 0, NULL, NULL),
(899, 2487, 'floorlobby_c', 3, 16, 1, 0, NULL, NULL),
(900, 2483, 'floorlobby_c', 16, 16, 1, 0, NULL, NULL),
(901, 2483, 'floorlobby_c', 18, 16, 1, 0, NULL, NULL),
(902, 2483, 'floorlobby_c', 22, 16, 1, 0, NULL, NULL),
(903, 2483, 'floorlobby_c', 24, 16, 1, 0, NULL, NULL),
(904, 2483, 'floorlobby_c', 3, 17, 1, 2, NULL, NULL),
(905, 2483, 'floorlobby_c', 5, 17, 1, 6, NULL, NULL),
(906, 2488, 'floorlobby_c', 14, 18, 1, 6, NULL, NULL),
(907, 2488, 'floorlobby_c', 15, 18, 1, 0, NULL, NULL),
(908, 2488, 'floorlobby_c', 16, 18, 1, 0, NULL, NULL),
(909, 2488, 'floorlobby_c', 17, 18, 1, 0, NULL, NULL),
(910, 2488, 'floorlobby_c', 18, 18, 1, 0, NULL, NULL),
(911, 2488, 'floorlobby_c', 19, 18, 1, 0, NULL, NULL),
(912, 2488, 'floorlobby_c', 20, 18, 1, 0, NULL, NULL),
(913, 2488, 'floorlobby_c', 21, 18, 1, 0, NULL, NULL),
(914, 2488, 'floorlobby_c', 22, 18, 1, 0, NULL, NULL),
(915, 2488, 'floorlobby_c', 23, 18, 1, 0, NULL, NULL),
(916, 2488, 'floorlobby_c', 24, 18, 1, 0, NULL, NULL),
(917, 2488, 'floorlobby_c', 25, 18, 1, 0, NULL, NULL),
(918, 2488, 'floorlobby_c', 26, 18, 1, 2, NULL, NULL),
(919, 2489, 'bar_a', 12, 3, 5, 2, NULL, NULL),
(920, 2490, 'bar_a', 13, 3, 5, 0, NULL, NULL),
(921, 2489, 'bar_a', 14, 3, 5, 6, NULL, NULL),
(922, 2489, 'bar_a', 13, 4, 5, 0, NULL, NULL),
(923, 2489, 'bar_a', 18, 5, 5, 4, NULL, NULL),
(924, 2489, 'bar_a', 17, 6, 5, 2, NULL, NULL),
(925, 2490, 'bar_a', 18, 6, 5, 0, NULL, NULL),
(926, 2489, 'bar_a', 18, 7, 5, 0, NULL, NULL),
(927, 2491, 'bar_a', 13, 11, 5, 3, NULL, NULL),
(928, 2492, 'bar_a', 14, 11, 5, 4, NULL, NULL),
(929, 2492, 'bar_a', 15, 11, 5, 4, NULL, NULL),
(930, 2492, 'bar_a', 16, 11, 5, 4, NULL, NULL),
(931, 2492, 'bar_a', 17, 11, 5, 4, NULL, NULL),
(932, 2491, 'bar_a', 18, 11, 5, 5, NULL, NULL),
(933, 2493, 'bar_a', 18, 12, 5, 6, NULL, NULL),
(934, 2494, 'bar_a', 14, 13, 5, 0, NULL, NULL),
(935, 2495, 'bar_a', 15, 13, 5, 0, NULL, NULL),
(936, 2496, 'bar_a', 16, 13, 5, 0, NULL, NULL),
(937, 2493, 'bar_a', 18, 13, 5, 6, NULL, NULL),
(938, 2493, 'bar_a', 18, 14, 5, 6, NULL, NULL),
(939, 2497, 'bar_a', 13, 15, 5, 1, NULL, NULL),
(940, 2493, 'bar_a', 14, 15, 5, 0, NULL, NULL),
(941, 2493, 'bar_a', 15, 15, 5, 0, NULL, NULL),
(942, 2493, 'bar_a', 16, 15, 5, 0, NULL, NULL),
(943, 2493, 'bar_a', 17, 15, 5, 0, NULL, NULL),
(944, 2497, 'bar_a', 18, 15, 5, 7, NULL, NULL),
(945, 2489, 'bar_a', 3, 16, 5, 4, NULL, NULL),
(946, 2489, 'bar_a', 8, 16, 5, 4, NULL, NULL),
(947, 2490, 'bar_a', 3, 17, 5, 0, NULL, NULL),
(948, 2489, 'bar_a', 4, 17, 5, 6, NULL, NULL),
(949, 2489, 'bar_a', 7, 17, 5, 2, NULL, NULL),
(950, 2490, 'bar_a', 8, 17, 5, 0, NULL, NULL),
(951, 2489, 'bar_a', 9, 17, 5, 6, NULL, NULL),
(952, 2497, 'bar_a', 13, 17, 5, 3, NULL, NULL),
(953, 2493, 'bar_a', 14, 17, 5, 4, NULL, NULL),
(954, 2493, 'bar_a', 15, 17, 5, 4, NULL, NULL),
(955, 2493, 'bar_a', 16, 17, 5, 4, NULL, NULL),
(956, 2493, 'bar_a', 17, 17, 5, 4, NULL, NULL),
(957, 2497, 'bar_a', 18, 17, 5, 5, NULL, NULL),
(958, 2489, 'bar_a', 3, 18, 5, 0, NULL, NULL),
(959, 2489, 'bar_a', 8, 18, 5, 0, NULL, NULL),
(960, 2493, 'bar_a', 18, 18, 5, 6, NULL, NULL),
(961, 2494, 'bar_a', 14, 19, 5, 0, NULL, NULL),
(962, 2495, 'bar_a', 15, 19, 5, 0, NULL, NULL),
(963, 2496, 'bar_a', 16, 19, 5, 0, NULL, NULL),
(964, 2493, 'bar_a', 18, 19, 5, 6, NULL, NULL),
(965, 2493, 'bar_a', 18, 20, 5, 6, NULL, NULL),
(966, 2497, 'bar_a', 13, 21, 5, 1, NULL, NULL),
(967, 2493, 'bar_a', 14, 21, 5, 0, NULL, NULL),
(968, 2493, 'bar_a', 15, 21, 5, 0, NULL, NULL),
(969, 2493, 'bar_a', 16, 21, 5, 0, NULL, NULL),
(970, 2493, 'bar_a', 17, 21, 5, 0, NULL, NULL),
(971, 2497, 'bar_a', 18, 21, 5, 7, NULL, NULL),
(972, 2498, 'bar_a', 4, 23, 5, 6, NULL, NULL),
(973, 2498, 'bar_a', 5, 23, 5, 5, NULL, NULL),
(974, 2498, 'bar_a', 6, 23, 5, 4, NULL, NULL),
(975, 2498, 'bar_a', 7, 23, 5, 3, NULL, NULL),
(976, 2497, 'bar_a', 13, 23, 5, 3, NULL, NULL),
(977, 2493, 'bar_a', 14, 23, 5, 4, NULL, NULL),
(978, 2493, 'bar_a', 15, 23, 5, 4, NULL, NULL),
(979, 2493, 'bar_a', 16, 23, 5, 4, NULL, NULL),
(980, 2493, 'bar_a', 17, 23, 5, 4, NULL, NULL),
(981, 2497, 'bar_a', 18, 23, 5, 5, NULL, NULL),
(982, 2498, 'bar_a', 7, 24, 5, 2, NULL, NULL),
(983, 2493, 'bar_a', 18, 24, 5, 6, NULL, NULL),
(984, 2498, 'bar_a', 7, 25, 5, 2, NULL, NULL),
(985, 2494, 'bar_a', 14, 25, 5, 0, NULL, NULL),
(986, 2495, 'bar_a', 15, 25, 5, 0, NULL, NULL),
(987, 2496, 'bar_a', 16, 25, 5, 0, NULL, NULL),
(988, 2493, 'bar_a', 18, 25, 5, 6, NULL, NULL),
(989, 2498, 'bar_a', 7, 26, 5, 2, NULL, NULL),
(990, 2493, 'bar_a', 18, 26, 5, 6, NULL, NULL),
(991, 2498, 'bar_a', 7, 27, 5, 2, NULL, NULL),
(992, 2497, 'bar_a', 13, 27, 5, 1, NULL, NULL),
(993, 2493, 'bar_a', 14, 27, 5, 0, NULL, NULL),
(994, 2493, 'bar_a', 15, 27, 5, 0, NULL, NULL),
(995, 2493, 'bar_a', 16, 27, 5, 0, NULL, NULL),
(996, 2493, 'bar_a', 17, 27, 5, 0, NULL, NULL),
(997, 2497, 'bar_a', 18, 27, 5, 7, NULL, NULL),
(1214, 2521, 'pub_a', 8, 12, 3, 0, NULL, NULL),
(1213, 2521, 'pub_a', 18, 11, 2, 0, NULL, NULL),
(1212, 2521, 'pub_a', 8, 11, 3, 1, NULL, NULL),
(1211, 2522, 'pub_a', 6, 11, 3, 4, NULL, NULL),
(1210, 2522, 'pub_a', 5, 11, 3, 4, NULL, NULL),
(1209, 2522, 'pub_a', 3, 11, 3, 4, NULL, NULL),
(1208, 2522, 'pub_a', 2, 11, 3, 4, NULL, NULL),
(1207, 2521, 'pub_a', 18, 10, 2, 0, NULL, NULL),
(1206, 2521, 'pub_a', 18, 9, 2, 0, NULL, NULL),
(1205, 2451, 'pub_a', 11, 9, 2, 0, NULL, NULL),
(1204, 2452, 'pub_a', 10, 9, 2, 0, NULL, NULL),
(1203, 2521, 'pub_a', 18, 8, 2, 0, NULL, NULL),
(1202, 2520, 'pub_a', 12, 8, 2, 6, NULL, NULL),
(1201, 2519, 'pub_a', 11, 8, 2, 0, NULL, NULL),
(1200, 2521, 'pub_a', 18, 7, 2, 0, NULL, NULL),
(1199, 2454, 'pub_a', 11, 7, 2, 0, NULL, NULL),
(1198, 2521, 'pub_a', 18, 6, 2, 0, NULL, NULL),
(1197, 2520, 'pub_a', 12, 6, 2, 6, NULL, NULL),
(1196, 2519, 'pub_a', 11, 6, 2, 0, NULL, NULL),
(1195, 2521, 'pub_a', 18, 5, 2, 1, NULL, NULL),
(1194, 2454, 'pub_a', 11, 5, 2, 0, NULL, NULL),
(1193, 2520, 'pub_a', 12, 4, 2, 6, NULL, NULL),
(1192, 2519, 'pub_a', 11, 4, 2, 0, NULL, NULL),
(1191, 2454, 'pub_a', 11, 3, 2, 0, NULL, NULL),
(1190, 2520, 'pub_a', 12, 2, 2, 6, NULL, NULL),
(1189, 2519, 'pub_a', 11, 2, 2, 0, NULL, NULL),
(1188, 2518, 'pub_a', 21, 1, 1, 4, NULL, NULL),
(1187, 2518, 'pub_a', 20, 1, 1, 4, NULL, NULL),
(1186, 2517, 'pub_a', 19, 1, 1, 4, NULL, NULL),
(1185, 2435, 'bar_b', 5, 21, 2, 0, NULL, NULL),
(1184, 2435, 'bar_b', 4, 21, 2, 0, NULL, NULL),
(1183, 2435, 'bar_b', 5, 20, 3, 0, NULL, NULL),
(1182, 2435, 'bar_b', 4, 20, 3, 0, NULL, NULL),
(1181, 2489, 'bar_b', 14, 19, 4, 6, NULL, NULL),
(1180, 2490, 'bar_b', 13, 19, 4, 0, NULL, NULL),
(1179, 2489, 'bar_b', 12, 19, 4, 2, NULL, NULL),
(1178, 2435, 'bar_b', 5, 19, 4, 0, NULL, NULL),
(1177, 2435, 'bar_b', 4, 19, 4, 0, NULL, NULL),
(1176, 2489, 'bar_b', 8, 18, 4, 0, NULL, NULL),
(1175, 2490, 'bar_b', 8, 17, 4, 0, NULL, NULL),
(1174, 2489, 'bar_b', 15, 16, 4, 0, NULL, NULL),
(1173, 2489, 'bar_b', 8, 16, 4, 4, NULL, NULL),
(1172, 2490, 'bar_b', 15, 15, 4, 0, NULL, NULL),
(1171, 2489, 'bar_b', 14, 15, 4, 2, NULL, NULL),
(1170, 2489, 'bar_b', 15, 14, 4, 4, NULL, NULL),
(1169, 2489, 'bar_b', 10, 13, 4, 0, NULL, NULL),
(1168, 2489, 'bar_b', 11, 12, 4, 6, NULL, NULL),
(1167, 2490, 'bar_b', 10, 12, 4, 0, NULL, NULL),
(1166, 2489, 'bar_b', 9, 12, 4, 2, NULL, NULL),
(1165, 2489, 'bar_b', 10, 11, 4, 4, NULL, NULL),
(1164, 2489, 'bar_b', 15, 10, 4, 0, NULL, NULL),
(1163, 2490, 'bar_b', 15, 9, 4, 0, NULL, NULL),
(1162, 2489, 'bar_b', 14, 9, 4, 2, NULL, NULL),
(1161, 2515, 'bar_b', 3, 9, 4, 6, NULL, NULL),
(1160, 2489, 'bar_b', 15, 8, 4, 4, NULL, NULL),
(1159, 2516, 'bar_b', 3, 8, 4, 2, NULL, NULL),
(1158, 2489, 'bar_b', 9, 7, 4, 0, NULL, NULL),
(1157, 2516, 'bar_b', 3, 7, 4, 2, NULL, NULL),
(1156, 2489, 'bar_b', 10, 6, 4, 6, NULL, NULL),
(1155, 2490, 'bar_b', 9, 6, 4, 0, NULL, NULL),
(1154, 2489, 'bar_b', 8, 6, 4, 2, NULL, NULL),
(1153, 2516, 'bar_b', 3, 6, 4, 2, NULL, NULL),
(1152, 2516, 'bar_b', 3, 5, 4, 2, NULL, NULL),
(1151, 2515, 'bar_b', 3, 4, 4, 2, NULL, NULL),
(1150, 2515, 'bar_b', 17, 3, 4, 0, NULL, NULL),
(1149, 2516, 'bar_b', 16, 3, 4, 4, NULL, NULL),
(1148, 2516, 'bar_b', 15, 3, 4, 4, NULL, NULL),
(1147, 2516, 'bar_b', 14, 3, 4, 4, NULL, NULL),
(1146, 2516, 'bar_b', 13, 3, 4, 4, NULL, NULL),
(1145, 2515, 'bar_b', 12, 3, 4, 4, NULL, NULL),
(1144, 2514, 'bar_b', 3, 3, 4, 0, NULL, NULL),
(1143, 2435, 'bar_b', 11, 2, 100000, 2, NULL, NULL),
(1142, 2435, 'bar_b', 10, 2, 4, 2, NULL, NULL),
(1141, 2435, 'bar_b', 9, 2, 4, 2, NULL, NULL),
(1140, 2435, 'bar_b', 8, 2, 4, 2, NULL, NULL),
(1139, 2435, 'bar_b', 7, 2, 4, 2, NULL, NULL),
(1138, 2435, 'bar_b', 6, 2, 4, 2, NULL, NULL),
(1137, 2435, 'bar_b', 5, 2, 4, 2, NULL, NULL),
(1136, 2435, 'bar_b', 4, 2, 4, 2, NULL, NULL),
(1077, 2499, 'cafe_taivas', 15, 0, 0, 4, NULL, NULL),
(1078, 2499, 'cafe_taivas', 16, 0, 0, 4, NULL, NULL),
(1079, 2499, 'cafe_taivas', 17, 0, 0, 4, NULL, NULL),
(1080, 2500, 'cafe_taivas', 3, 1, 1, 2, NULL, NULL),
(1081, 2501, 'cafe_taivas', 5, 1, 1, 0, NULL, NULL),
(1082, 2500, 'cafe_taivas', 6, 1, 1, 6, NULL, NULL),
(1083, 2502, 'cafe_taivas', 11, 1, 0, 4, NULL, NULL),
(1084, 2500, 'cafe_taivas', 3, 2, 1, 2, NULL, NULL),
(1085, 2503, 'cafe_taivas', 4, 2, 1, 2, NULL, NULL),
(1086, 2500, 'cafe_taivas', 6, 2, 1, 6, NULL, NULL),
(1087, 2502, 'cafe_taivas', 10, 2, 0, 2, NULL, NULL),
(1088, 2504, 'cafe_taivas', 12, 2, 0, 0, NULL, NULL),
(1089, 2502, 'cafe_taivas', 13, 2, 0, 6, NULL, NULL),
(1090, 2500, 'cafe_taivas', 3, 3, 1, 2, NULL, NULL),
(1091, 2500, 'cafe_taivas', 6, 3, 1, 6, NULL, NULL),
(1092, 2502, 'cafe_taivas', 10, 3, 0, 2, NULL, NULL),
(1093, 2505, 'cafe_taivas', 11, 3, 0, 2, NULL, NULL),
(1094, 2502, 'cafe_taivas', 13, 3, 0, 6, NULL, NULL),
(1095, 2500, 'cafe_taivas', 5, 4, 1, 0, NULL, NULL),
(1096, 2502, 'cafe_taivas', 10, 4, 0, 2, NULL, NULL),
(1097, 2502, 'cafe_taivas', 13, 4, 0, 6, NULL, NULL),
(1098, 2502, 'cafe_taivas', 12, 5, 0, 0, NULL, NULL),
(1099, 2500, 'cafe_taivas', 4, 7, 1, 4, NULL, NULL),
(1100, 2500, 'cafe_taivas', 3, 8, 1, 2, NULL, NULL),
(1101, 2506, 'cafe_taivas', 4, 8, 1, 2, NULL, NULL),
(1102, 2507, 'cafe_taivas', 1, 9, 1, 0, NULL, NULL),
(1103, 2500, 'cafe_taivas', 6, 9, 1, 6, NULL, NULL),
(1104, 2502, 'cafe_taivas', 15, 9, 0, 4, NULL, NULL),
(1105, 2508, 'cafe_taivas', 1, 10, 1, 0, NULL, NULL),
(1106, 2500, 'cafe_taivas', 5, 10, 1, 0, NULL, NULL),
(1107, 2502, 'cafe_taivas', 14, 10, 0, 2, NULL, NULL),
(1108, 2509, 'cafe_taivas', 15, 10, 0, 2, NULL, NULL),
(1109, 2508, 'cafe_taivas', 1, 11, 1, 0, NULL, NULL),
(1110, 2502, 'cafe_taivas', 17, 11, 0, 6, NULL, NULL),
(1111, 2508, 'cafe_taivas', 1, 12, 1, 0, NULL, NULL),
(1112, 2502, 'cafe_taivas', 15, 12, 0, 0, NULL, NULL),
(1113, 2508, 'cafe_taivas', 1, 13, 1, 0, NULL, NULL),
(1114, 2508, 'cafe_taivas', 1, 14, 1, 0, NULL, NULL),
(1115, 2500, 'cafe_taivas', 5, 14, 1, 4, NULL, NULL),
(1116, 2510, 'cafe_taivas', 1, 15, 1, 0, NULL, NULL),
(1117, 2500, 'cafe_taivas', 3, 15, 1, 2, NULL, NULL),
(1118, 2506, 'cafe_taivas', 4, 15, 1, 2, NULL, NULL),
(1119, 2500, 'cafe_taivas', 6, 16, 1, 6, NULL, NULL),
(1120, 2502, 'cafe_taivas', 15, 16, 0, 4, NULL, NULL),
(1121, 2500, 'cafe_taivas', 5, 17, 1, 0, NULL, NULL),
(1122, 2502, 'cafe_taivas', 14, 17, 0, 2, NULL, NULL),
(1123, 2509, 'cafe_taivas', 15, 17, 0, 2, NULL, NULL),
(1124, 2502, 'cafe_taivas', 17, 17, 0, 6, NULL, NULL),
(1125, 2502, 'cafe_taivas', 11, 18, 0, 4, NULL, NULL),
(1126, 2502, 'cafe_taivas', 10, 19, 0, 2, NULL, NULL),
(1127, 2509, 'cafe_taivas', 11, 19, 0, 2, NULL, NULL),
(1128, 2502, 'cafe_taivas', 16, 19, 0, 0, NULL, NULL),
(1129, 2511, 'cafe_taivas', 2, 20, 1, 2, NULL, NULL),
(1130, 2502, 'cafe_taivas', 13, 20, 0, 6, NULL, NULL),
(1131, 2512, 'cafe_taivas', 2, 21, 1, 2, NULL, NULL),
(1132, 2502, 'cafe_taivas', 11, 21, 0, 0, NULL, NULL),
(1133, 2511, 'cafe_taivas', 2, 22, 1, 2, NULL, NULL),
(1134, 2513, 'cafe_taivas', 8, 22, 0, 0, NULL, NULL),
(1135, 2512, 'cafe_taivas', 2, 23, 1, 2, NULL, NULL),
(1215, 2521, 'pub_a', 18, 12, 2, 0, NULL, NULL),
(1216, 2521, 'pub_a', 8, 13, 3, 0, NULL, NULL),
(1217, 2522, 'pub_a', 9, 13, 2, 2, NULL, NULL),
(1218, 2523, 'pub_a', 14, 13, 2, 2, NULL, NULL),
(1219, 2524, 'pub_a', 15, 13, 2, 1, NULL, NULL),
(1220, 2523, 'pub_a', 16, 13, 2, 6, NULL, NULL),
(1221, 2521, 'pub_a', 18, 13, 2, 0, NULL, NULL),
(1222, 2521, 'pub_a', 8, 14, 3, 2, NULL, NULL),
(1223, 2522, 'pub_a', 9, 14, 2, 2, NULL, NULL),
(1224, 2523, 'pub_a', 14, 14, 2, 2, NULL, NULL),
(1225, 2524, 'pub_a', 15, 14, 2, 2, NULL, NULL),
(1226, 2523, 'pub_a', 16, 14, 2, 6, NULL, NULL),
(1227, 2521, 'pub_a', 18, 14, 2, 0, NULL, NULL),
(1228, 2525, 'pub_a', 1, 15, 3, 0, NULL, NULL),
(1229, 2521, 'pub_a', 5, 15, 3, 1, NULL, NULL),
(1230, 2521, 'pub_a', 18, 15, 2, 0, NULL, NULL),
(1231, 2517, 'pub_a', 1, 16, 3, 2, NULL, NULL),
(1232, 2521, 'pub_a', 5, 16, 3, 0, NULL, NULL),
(1233, 2521, 'pub_a', 18, 16, 2, 0, NULL, NULL),
(1234, 2518, 'pub_a', 1, 17, 3, 2, NULL, NULL),
(1235, 2521, 'pub_a', 5, 17, 3, 0, NULL, NULL),
(1236, 2523, 'pub_a', 13, 17, 2, 4, NULL, NULL),
(1237, 2523, 'pub_a', 14, 17, 2, 4, NULL, NULL),
(1238, 2523, 'pub_a', 15, 17, 2, 4, NULL, NULL),
(1239, 2523, 'pub_a', 16, 17, 2, 4, NULL, NULL),
(1240, 2521, 'pub_a', 18, 17, 2, 0, NULL, NULL),
(1241, 2518, 'pub_a', 1, 18, 3, 2, NULL, NULL),
(1242, 2521, 'pub_a', 5, 18, 3, 0, NULL, NULL),
(1243, 2524, 'pub_a', 13, 18, 2, 5, NULL, NULL),
(1244, 2524, 'pub_a', 14, 18, 2, 6, NULL, NULL),
(1245, 2524, 'pub_a', 15, 18, 2, 6, NULL, NULL),
(1246, 2524, 'pub_a', 16, 18, 2, 4, NULL, NULL),
(1247, 2521, 'pub_a', 18, 18, 2, 0, NULL, NULL),
(1248, 2518, 'pub_a', 2, 19, 3, 0, NULL, NULL),
(1249, 2517, 'pub_a', 3, 19, 3, 0, NULL, NULL),
(1250, 2521, 'pub_a', 5, 19, 3, 0, NULL, NULL),
(1251, 2523, 'pub_a', 13, 19, 2, 0, NULL, NULL),
(1252, 2523, 'pub_a', 14, 19, 2, 0, NULL, NULL),
(1253, 2523, 'pub_a', 15, 19, 2, 0, NULL, NULL),
(1254, 2523, 'pub_a', 16, 19, 2, 0, NULL, NULL),
(1255, 2521, 'pub_a', 18, 19, 2, 0, NULL, NULL),
(1256, 2521, 'pub_a', 1, 20, 3, 5, NULL, NULL),
(1257, 2521, 'pub_a', 2, 20, 3, 6, NULL, NULL),
(1258, 2521, 'pub_a', 3, 20, 3, 6, NULL, NULL),
(1259, 2521, 'pub_a', 4, 20, 3, 6, NULL, NULL),
(1260, 2521, 'pub_a', 5, 20, 3, 3, NULL, NULL),
(1261, 2521, 'pub_a', 18, 20, 2, 0, NULL, NULL),
(1262, 2517, 'pub_a', 7, 21, 1, 4, NULL, NULL),
(1263, 2518, 'pub_a', 8, 21, 1, 4, NULL, NULL),
(1264, 2521, 'pub_a', 12, 21, 2, 5, NULL, NULL),
(1265, 2521, 'pub_a', 13, 21, 2, 6, NULL, NULL),
(1266, 2521, 'pub_a', 14, 21, 2, 6, NULL, NULL),
(1267, 2521, 'pub_a', 15, 21, 2, 6, NULL, NULL),
(1268, 2521, 'pub_a', 16, 21, 2, 6, NULL, NULL),
(1269, 2521, 'pub_a', 17, 21, 2, 6, NULL, NULL),
(1270, 2521, 'pub_a', 18, 21, 2, 3, NULL, NULL),
(1271, 2517, 'pub_a', 6, 22, 1, 2, NULL, NULL),
(1272, 2525, 'pub_a', 15, 22, 0, 0, NULL, NULL),
(1273, 2522, 'pub_a', 16, 22, 0, 4, NULL, NULL),
(1274, 2522, 'pub_a', 17, 22, 0, 4, NULL, NULL),
(1275, 2518, 'pub_a', 6, 23, 1, 2, NULL, NULL),
(1276, 2524, 'pub_a', 8, 23, 1, 1, NULL, NULL),
(1277, 2518, 'pub_a', 6, 24, 1, 2, NULL, NULL),
(1278, 2524, 'pub_a', 8, 24, 1, 0, NULL, NULL),
(1279, 2518, 'pub_a', 6, 25, 1, 2, NULL, NULL),
(1280, 2524, 'pub_a', 8, 25, 1, 2, NULL, NULL),
(1281, 2526, 'malja_bar_a', 13, 1, 4, 4, NULL, NULL),
(1282, 2526, 'malja_bar_a', 7, 2, 4, 4, NULL, NULL),
(1283, 2526, 'malja_bar_a', 5, 3, 4, 2, NULL, NULL),
(1284, 2527, 'malja_bar_a', 6, 3, 4, 2, NULL, NULL),
(1285, 2526, 'malja_bar_a', 8, 4, 4, 6, NULL, NULL),
(1286, 2526, 'malja_bar_a', 7, 5, 4, 0, NULL, NULL),
(1287, 2528, 'malja_bar_a', 10, 7, 1, 0, NULL, NULL),
(1288, 2529, 'malja_bar_a', 10, 8, 1, 0, NULL, NULL),
(1289, 2530, 'malja_bar_a', 0, 9, 1, 0, NULL, NULL),
(1290, 2531, 'malja_bar_a', 1, 9, 1, 0, NULL, NULL),
(1291, 2531, 'malja_bar_a', 2, 9, 1, 0, NULL, NULL),
(1292, 2531, 'malja_bar_a', 3, 9, 1, 0, NULL, NULL),
(1293, 2531, 'malja_bar_a', 4, 9, 1, 0, NULL, NULL),
(1294, 2531, 'malja_bar_a', 5, 9, 1, 0, NULL, NULL),
(1295, 2531, 'malja_bar_a', 6, 9, 1, 0, NULL, NULL),
(1296, 2531, 'malja_bar_a', 7, 9, 1, 0, NULL, NULL),
(1297, 2531, 'malja_bar_a', 8, 9, 1, 0, NULL, NULL),
(1298, 2531, 'malja_bar_a', 9, 9, 1, 0, NULL, NULL),
(1299, 2532, 'malja_bar_a', 10, 9, 1, 0, NULL, NULL),
(1300, 2526, 'malja_bar_a', 7, 13, 1, 4, NULL, NULL),
(1301, 2527, 'malja_bar_a', 7, 14, 1, 2, NULL, NULL),
(1302, 2526, 'malja_bar_a', 13, 14, 1, 4, NULL, NULL),
(1303, 2526, 'malja_bar_a', 1, 15, 1, 4, NULL, NULL),
(1304, 2526, 'malja_bar_a', 6, 15, 1, 2, NULL, NULL),
(1305, 2526, 'malja_bar_a', 9, 15, 1, 6, NULL, NULL),
(1306, 2527, 'malja_bar_a', 13, 15, 1, 2, NULL, NULL),
(1307, 2526, 'malja_bar_a', 0, 16, 1, 2, NULL, NULL),
(1308, 2527, 'malja_bar_a', 1, 16, 1, 2, NULL, NULL),
(1309, 2526, 'malja_bar_a', 7, 16, 1, 0, NULL, NULL),
(1310, 2526, 'malja_bar_a', 12, 16, 1, 2, NULL, NULL),
(1311, 2526, 'malja_bar_a', 15, 16, 1, 6, NULL, NULL),
(1312, 2526, 'malja_bar_a', 3, 17, 1, 6, NULL, NULL),
(1313, 2526, 'malja_bar_a', 14, 17, 1, 0, NULL, NULL),
(1314, 2526, 'malja_bar_a', 2, 18, 1, 0, NULL, NULL),
(1315, 2526, 'malja_bar_a', 0, 21, 1, 2, NULL, NULL),
(1316, 2533, 'malja_bar_b', 4, 0, 3, 4, NULL, NULL),
(1317, 2533, 'malja_bar_b', 8, 0, 3, 2, NULL, NULL),
(1318, 2534, 'malja_bar_b', 9, 0, 3, 0, NULL, NULL),
(1319, 2533, 'malja_bar_b', 10, 0, 3, 6, NULL, NULL),
(1320, 2535, 'malja_bar_b', 4, 1, 3, 2, NULL, NULL),
(1321, 2536, 'malja_bar_b', 13, 1, 3, 1, NULL, NULL),
(1322, 2533, 'malja_bar_b', 6, 2, 3, 6, NULL, NULL),
(1323, 2536, 'malja_bar_b', 13, 2, 3, 2, NULL, NULL),
(1324, 2536, 'malja_bar_b', 14, 2, 3, 3, NULL, NULL),
(1325, 2536, 'malja_bar_b', 15, 2, 3, 4, NULL, NULL),
(1326, 2435, 'malja_bar_b', 1, 3, 7, 0, NULL, NULL),
(1327, 2533, 'malja_bar_b', 4, 3, 3, 0, NULL, NULL),
(1328, 2435, 'malja_bar_b', 1, 4, 7, 0, NULL, NULL),
(1329, 2435, 'malja_bar_b', 2, 4, 5, 0, NULL, NULL),
(1330, 2435, 'malja_bar_b', 3, 4, 5, 0, NULL, NULL),
(1331, 2435, 'malja_bar_b', 12, 5, 2, 0, NULL, NULL),
(1332, 2435, 'malja_bar_b', 13, 5, 2, 0, NULL, NULL),
(1333, 2435, 'malja_bar_b', 14, 5, 2, 0, NULL, NULL),
(1334, 2435, 'malja_bar_b', 3, 6, 4, 0, NULL, NULL),
(1335, 2435, 'malja_bar_b', 12, 6, 1, 0, NULL, NULL),
(1336, 2435, 'malja_bar_b', 13, 6, 1, 0, NULL, NULL),
(1337, 2435, 'malja_bar_b', 14, 6, 1, 0, NULL, NULL),
(1338, 2435, 'malja_bar_b', 3, 7, 4, 0, NULL, NULL),
(1339, 2435, 'malja_bar_b', 2, 8, 3, 0, NULL, NULL),
(1340, 2435, 'malja_bar_b', 3, 8, 3, 0, NULL, NULL),
(1341, 2533, 'malja_bar_b', 7, 8, 3, 4, NULL, NULL),
(1342, 2534, 'malja_bar_b', 7, 9, 3, 0, NULL, NULL),
(1343, 2533, 'malja_bar_b', 7, 10, 3, 0, NULL, NULL),
(1344, 2533, 'malja_bar_b', 2, 11, 3, 4, NULL, NULL),
(1345, 2534, 'malja_bar_b', 2, 12, 3, 0, NULL, NULL),
(1346, 2533, 'malja_bar_b', 2, 13, 3, 0, NULL, NULL),
(1347, 2533, 'malja_bar_b', 0, 14, 9, 2, NULL, NULL),
(1348, 2533, 'malja_bar_b', 0, 15, 9, 2, NULL, NULL),
(1349, 2533, 'malja_bar_b', 0, 16, 9, 2, NULL, NULL),
(1350, 2533, 'malja_bar_b', 2, 16, 3, 4, NULL, NULL),
(1351, 2533, 'malja_bar_b', 3, 16, 3, 4, NULL, NULL),
(1352, 2533, 'malja_bar_b', 0, 17, 9, 2, NULL, NULL),
(1353, 2535, 'malja_bar_b', 2, 17, 3, 2, NULL, NULL),
(1354, 2533, 'malja_bar_b', 4, 17, 3, 6, NULL, NULL),
(1355, 2533, 'malja_bar_b', 0, 18, 9, 2, NULL, NULL),
(1356, 2533, 'malja_bar_b', 4, 18, 3, 6, NULL, NULL),
(1357, 2533, 'malja_bar_b', 0, 19, 9, 2, NULL, NULL),
(1358, 2533, 'malja_bar_b', 2, 19, 3, 0, NULL, NULL),
(1359, 2537, 'malja_bar_b', 0, 22, 3, 0, NULL, NULL),
(1360, 2538, 'cr_kitchen', 31, 0, 2111, 6, NULL, NULL),
(1361, 2, 'model_d', 4, 7, 0, 0, NULL, NULL),
(1362, 1, 'model_d', 4, 8, 0, 0, NULL, NULL),
(1363, 1, 'model_d', 4, 9, 0, 0, NULL, NULL),
(1364, 1, 'model_d', 4, 10, 0, 0, NULL, NULL),
(1365, 1, 'model_d', 4, 11, 0, 0, NULL, NULL),
(1366, 1, 'model_d', 4, 12, 0, 0, NULL, NULL),
(1367, 1, 'model_d', 4, 13, 0, 0, NULL, NULL),
(1368, 9, 'model_d', 4, 14, 0, 0, NULL, NULL),
(1369, 1, 'model_d', 4, 6, 0, 0, NULL, NULL),
(1370, 1, 'model_d', 4, 5, 0, 0, NULL, NULL),
(1371, 1, 'model_d', 4, 4, 0, 0, NULL, NULL),
(1372, 1, 'model_d', 4, 3, 0, 0, NULL, NULL),
(1373, 1, 'model_d', 4, 2, 0, 0, NULL, NULL),
(1374, 1, 'model_d', 4, 1, 0, 0, NULL, NULL),
(1377, 3, 'model_d', 5, 0, 0, 2, NULL, NULL),
(1378, 3, 'model_d', 6, 0, 0, 2, NULL, NULL),
(1379, 3, 'model_d', 7, 0, 0, 2, NULL, NULL),
(1380, 3, 'model_d', 8, 0, 0, 2, NULL, NULL),
(1381, 3, 'model_d', 9, 0, 0, 2, NULL, NULL),
(1382, 10, 'model_d', 10, 0, 0, 2, NULL, NULL),
(1383, 2, 'model_e', 1, 5, 0, 0, NULL, NULL),
(1384, 1, 'model_e', 1, 6, 0, 0, NULL, NULL),
(1385, 1, 'model_e', 1, 7, 0, 0, NULL, NULL),
(1386, 1, 'model_e', 1, 8, 0, 0, NULL, NULL),
(1387, 1, 'model_e', 1, 9, 0, 0, NULL, NULL),
(1388, 9, 'model_e', 1, 10, 0, 0, NULL, NULL),
(1389, 1, 'model_e', 1, 4, 0, 0, NULL, NULL),
(1390, 1, 'model_e', 1, 3, 0, 0, NULL, NULL),
(1391, 3, 'model_e', 2, 2, 0, 2, NULL, NULL),
(1392, 3, 'model_e', 3, 2, 0, 2, NULL, NULL),
(1393, 3, 'model_e', 4, 2, 0, 2, NULL, NULL),
(1394, 3, 'model_e', 5, 2, 0, 2, NULL, NULL),
(1395, 3, 'model_e', 6, 2, 0, 2, NULL, NULL),
(1396, 3, 'model_e', 7, 2, 0, 2, NULL, NULL),
(1397, 3, 'model_e', 8, 2, 0, 2, NULL, NULL),
(1398, 3, 'model_e', 9, 2, 0, 2, NULL, NULL),
(1399, 3, 'model_e', 10, 2, 0, 2, NULL, NULL),
(1400, 10, 'model_e', 11, 2, 0, 2, NULL, NULL),
(1401, 2, 'model_b', 0, 5, 0, 0, NULL, NULL),
(1402, 1, 'model_b', 0, 6, 0, 0, NULL, NULL),
(1403, 1, 'model_b', 0, 7, 0, 0, NULL, NULL),
(1404, 1, 'model_b', 0, 8, 0, 0, NULL, NULL),
(1405, 1, 'model_b', 0, 9, 0, 0, NULL, NULL),
(1406, 9, 'model_b', 0, 10, 0, 0, NULL, NULL),
(1407, 3, 'model_b', 1, 4, 0, 2, NULL, NULL),
(1408, 3, 'model_b', 2, 4, 0, 2, NULL, NULL),
(1409, 3, 'model_b', 3, 4, 0, 2, NULL, NULL),
(1410, 3, 'model_b', 4, 4, 0, 2, NULL, NULL),
(1411, 1, 'model_b', 4, 4, 0, 0, NULL, NULL),
(1412, 1, 'model_b', 4, 3, 0, 0, NULL, NULL),
(1413, 1, 'model_b', 4, 2, 0, 0, NULL, NULL),
(1414, 1, 'model_b', 4, 1, 0, 0, NULL, NULL),
(1415, 3, 'model_b', 5, 0, 0, 2, NULL, NULL),
(1416, 3, 'model_b', 6, 0, 0, 2, NULL, NULL),
(1417, 3, 'model_b', 7, 0, 0, 2, NULL, NULL),
(1418, 3, 'model_b', 8, 0, 0, 2, NULL, NULL),
(1419, 3, 'model_b', 9, 0, 0, 2, NULL, NULL),
(1420, 3, 'model_b', 10, 0, 0, 2, NULL, NULL),
(1421, 10, 'model_b', 11, 0, 0, 2, NULL, NULL),
(1422, 2, 'model_f', 2, 5, 0, 0, NULL, NULL),
(1423, 1, 'model_f', 2, 6, 0, 0, NULL, NULL),
(1424, 3, 'model_f', 2, 6, 0, 2, NULL, NULL),
(1425, 3, 'model_f', 1, 6, 0, 2, NULL, NULL),
(1426, 1, 'model_f', 0, 7, 0, 0, NULL, NULL),
(1427, 1, 'model_f', 0, 8, 0, 0, NULL, NULL),
(1428, 1, 'model_f', 0, 9, 0, 0, NULL, NULL),
(1429, 9, 'model_f', 0, 10, 0, 0, NULL, NULL),
(1430, 1, 'model_f', 2, 3, 0, 0, NULL, NULL),
(1431, 1, 'model_f', 2, 4, 0, 0, NULL, NULL),
(1432, 3, 'model_f', 3, 2, 0, 2, NULL, NULL),
(1433, 3, 'model_f', 4, 2, 0, 2, NULL, NULL),
(1434, 3, 'model_f', 5, 2, 0, 2, NULL, NULL),
(1435, 3, 'model_f', 6, 2, 0, 2, NULL, NULL),
(1436, 1, 'model_f', 6, 2, 0, 0, NULL, NULL),
(1437, 1, 'model_f', 6, 1, 0, 0, NULL, NULL),
(1438, 3, 'model_f', 7, 0, 0, 2, NULL, NULL),
(1439, 3, 'model_f', 8, 0, 0, 2, NULL, NULL),
(1440, 3, 'model_f', 9, 0, 0, 2, NULL, NULL),
(1441, 10, 'model_f', 10, 0, 0, 2, NULL, NULL);

-- --------------------------------------------------------

--
-- Table structure for table `room_rights`
--

CREATE TABLE IF NOT EXISTS `room_rights` (
  `id` int(11) NOT NULL AUTO_INCREMENT,
  `user_id` int(11) NOT NULL,
  `room_id` int(11) NOT NULL,
  PRIMARY KEY (`id`)
) ENGINE=InnoDB DEFAULT CHARSET=latin1 AUTO_INCREMENT=1 ;

-- --------------------------------------------------------

--
-- Table structure for table `users`
--

CREATE TABLE IF NOT EXISTS `users` (
  `id` int(11) NOT NULL AUTO_INCREMENT,
  `username` varchar(50) NOT NULL,
  `password` varchar(50) DEFAULT NULL,
  `rank` tinyint(1) NOT NULL DEFAULT '1',
  `join_date` bigint(20) DEFAULT NULL,
  `last_online` bigint(20) DEFAULT NULL,
  `email` varchar(256) DEFAULT NULL,
  `mission` varchar(50) NOT NULL DEFAULT '',
  `figure` longtext NOT NULL,
  `pool_figure` varchar(50) NOT NULL DEFAULT '',
  `credits` int(11) NOT NULL DEFAULT '0',
  `sex` varchar(10) NOT NULL DEFAULT 'M',
  `country` varchar(10) NOT NULL DEFAULT 'UK',
  `badge` varchar(10) NOT NULL DEFAULT '',
  `birthday` varchar(30) NOT NULL DEFAULT '01/01/1970',
  `has_logged_in` tinyint(1) NOT NULL DEFAULT '0',
  PRIMARY KEY (`id`)
) ENGINE=InnoDB  DEFAULT CHARSET=latin1 AUTO_INCREMENT=6 ;

--
-- Dumping data for table `users`
--

INSERT INTO `users` (`id`, `username`, `password`, `rank`, `join_date`, `last_online`, `email`, `mission`, `figure`, `pool_figure`, `credits`, `sex`, `country`, `badge`, `birthday`, `has_logged_in`) VALUES
(2, 'test', '123', 1, 44324323, 1490046606, 'ereewr@wwwwaaac.com', 'H&ouml;rp&auml;tih&ouml;rp&auml;tih&ouml;rp&auml;t', 'sd=001/0&hr=015/200,210,230&hd=002/226,219,185&ey=003/0&fc=001/226,219,185&bd=001/226,219,185&lh=001/226,219,185&rh=001/226,219,185&ch=009/255,255,255&ls=002/255,255,255&rs=002/255,255,255&lg=004/255,255,255&sh=003/255,255,255', 'ch=s01/255,146,90', 0, 'Female', 'UK', '', '01.01.1997', 1),
(5, 'Alex', '123', 1, 1489384512, 1490799539, 'we3rejfpef3@cefc.com', 'so i herd u liek duckz', 'sd=001/0&hr=005/223,218,190&hd=002/255,204,153&ey=003/0&fc=001/255,204,153&bd=001/255,204,153&lh=001/255,204,153&rh=001/255,204,153&ch=008/255,237,179&ls=001/255,237,179&rs=001/255,237,179&lg=006/215,193,135&sh=003/121,94,83', 'ch=s02/250,56,49', 5000, 'Male', 'UK', '', '01.01.1997', 1);

/*!40101 SET CHARACTER_SET_CLIENT=@OLD_CHARACTER_SET_CLIENT */;
/*!40101 SET CHARACTER_SET_RESULTS=@OLD_CHARACTER_SET_RESULTS */;
/*!40101 SET COLLATION_CONNECTION=@OLD_COLLATION_CONNECTION */;
