-- phpMyAdmin SQL Dump
-- version 4.5.4.1deb2ubuntu2
-- http://www.phpmyadmin.net
--
-- Host: localhost
-- Generation Time: Apr 30, 2017 at 03:51 PM
-- Server version: 10.1.22-MariaDB-1~xenial
-- PHP Version: 7.0.15-0ubuntu0.16.04.4

SET SQL_MODE = "NO_AUTO_VALUE_ON_ZERO";
SET time_zone = "+00:00";


/*!40101 SET @OLD_CHARACTER_SET_CLIENT=@@CHARACTER_SET_CLIENT */;
/*!40101 SET @OLD_CHARACTER_SET_RESULTS=@@CHARACTER_SET_RESULTS */;
/*!40101 SET @OLD_COLLATION_CONNECTION=@@COLLATION_CONNECTION */;
/*!40101 SET NAMES utf8mb4 */;

--
-- Database: `roseau`
--

-- --------------------------------------------------------

--
-- Table structure for table `catalogue`
--

CREATE TABLE `catalogue` (
  `id` bigint(20) NOT NULL,
  `definition_id` int(11) NOT NULL,
  `call_id` varchar(20) NOT NULL DEFAULT '',
  `credits` bigint(20) NOT NULL DEFAULT '0',
  `category` char(3) NOT NULL DEFAULT ''
) ENGINE=MyISAM DEFAULT CHARSET=latin1;

--
-- Dumping data for table `catalogue`
--

INSERT INTO `catalogue` (`id`, `definition_id`, `call_id`, `credits`, `category`) VALUES
(1, 2544, 'EHP', 2, 'A1'),
(2, 2556, 'BHP', 2, 'A1'),
(3, 2581, 'DHP', 2, 'A1'),
(4, 1179, 'ovi', 5, 'a2'),
(5, 1180, 'ovi2', 3, 'a2'),
(6, 1181, 'ovi3', 4, 'a2'),
(8, 1105, 'PIZ', 2, 'A1'),
(9, 1106, 'DRK', 2, 'A1'),
(10, 1112, 'PUL', 1, 'A2'),
(11, 1126, 'RTV', 3, 'A2'),
(12, 1127, 'WTV', 4, 'A2'),
(13, 1155, 'DIGITV', 6, 'A2'),
(14, 1157, 'LAVUAARI', 3, 'A1'),
(15, 1158, 'PYTTYSIN', 2, 'A2'),
(16, 1161, 'PYTTYPUN', 2, 'A2'),
(17, 1162, 'PYTTYKELT', 2, 'A2'),
(18, 1156, 'AMME', 6, 'A2'),
(19, 1160, 'KAAKELISIN', 2, 'A2'),
(20, 1163, 'KAAKELIPUN', 2, 'A2'),
(21, 1164, 'KAAKELIKELT', 2, 'A2'),
(22, 1136, 'GIRLSTP', 3, 'A1'),
(23, 1137, 'GIRLS1P', 3, 'A1'),
(24, 1138, 'GIRLS2P', 4, 'A2'),
(25, 1139, 'GIRLSHP', 4, 'A2'),
(26, 1045, 'MURLOVE', 4, 'A2'),
(27, 1019, 'STP', 3, 'A1'),
(28, 2556, 'B9P', 2, 'A1'),
(29, 1159, 'KUMIANKKA', 1, 'A1'),
(30, 1044, 'RMA', 2, 'A1'),
(31, 1118, 'BJA', 1, 'A1'),
(32, 1116, 'BAA', 4, 'A2'),
(33, 1041, 'JLA', 2, 'A1'),
(34, 1039, 'JAA', 1, 'A1'),
(35, 1038, 'PPA', 2, 'A1'),
(36, 1042, 'S1A', 2, 'A1'),
(37, 1032, 'S2A', 3, 'A2'),
(38, 1040, 'TAA', 4, 'A2'),
(39, 1035, 'KHA', 3, 'A1'),
(40, 1177, 'KYA', 2, 'A2'),
(41, 1174, 'STN', 3, 'A2'),
(42, 1015, 'TUN', 2, 'A1'),
(43, 1014, 'PEN', 2, 'A1'),
(44, 2410, 'PYN', 2, 'A1'),
(45, 1001, 'HYN', 3, 'A1'),
(46, 1175, 'PSN', 4, 'A2'),
(48, 1029, 'S1S', 3, 'A1'),
(49, 1030, 'S2S', 3, 'A1'),
(50, 1003, 'KHS', 3, 'A1'),
(51, 1007, 'PYS', 2, 'A1'),
(52, 1013, 'SHS', 3, 'A1'),
(53, 1021, 'STS', 2, 'A1'),
(54, -1, 'TLP', 20, 'A2'),
(55, 1012, 'TUS', 2, 'A1'),
(56, 1031, 'PPS', 1, 'A1'),
(57, 2573, 'CHP', 2, 'A1'),
(58, 2592, 'AHP', 0, 'A1'),
(59, 2600, 'PL1', 2, 'A2'),
(60, 1037, 'PIA', 3, 'A2'),
(61, 1036, 'PEA', 2, 'A1'),
(62, 1117, 'BTA', 3, 'A1'),
(63, 1140, 'S1BVALKO', 2, 'A1'),
(64, 1141, 'S2BVALKO', 3, 'A1'),
(65, 1033, 'S1B', 2, 'A1'),
(66, 1034, 'S2B', 3, 'A1'),
(67, 1172, 'BABA', 4, 'A2'),
(68, 1178, 'FDG', 6, 'A2'),
(69, 1176, 'BLMP', 3, 'A1'),
(70, 1026, 'S1P', 3, 'A1'),
(71, 1004, 'PPP', 1, 'A1'),
(72, 1005, 'TUP', 2, 'A1'),
(73, -1, 'SHP', 4, 'A2'),
(74, 1025, 'S2P', 3, 'A2'),
(75, 1016, 'PMP', 3, 'A1'),
(76, 1011, 'LTP', 1, 'A1'),
(77, 1113, 'BTP', 2, 'A1'),
(78, 1114, 'BKP', 2, 'A1'),
(79, 1110, 'BAP', 5, 'A2'),
(80, 1002, 'KHP', 4, 'A2'),
(81, 1017, 'OSB', 1, 'A1'),
(82, 1142, 'ANANAS', 2, 'A1'),
(83, 1144, 'PIKKUKAKTUS', 1, 'A1'),
(84, 1143, 'PUU', 2, 'A1'),
(85, 1145, 'BONSAI', 3, 'A2'),
(86, 1147, 'JUKKA', 3, 'A2'),
(87, 1146, 'ISOKAKTUS', 2, 'A2'),
(88, 1154, 'RUUSU', 3, 'A2'),
(89, 1153, 'AURINKO', 3, 'A2'),
(90, 2409, 'juliste', 5, ''),
(91, 2407, 'L', 2, ''),
(92, 2408, 'T', 2, ''),
(93, 1043, 'BM7', 2, ''),
(94, 1152, 'BMC', 2, ''),
(95, 1151, 'BMB', 2, ''),
(96, 1066, 'BMA', 2, ''),
(97, 1060, 'BM5', 2, ''),
(98, 1149, 'BM9', 2, ''),
(99, 1148, 'BM8', 2, ''),
(100, 1052, 'BM2', 2, ''),
(101, 1103, 'BM1', 2, ''),
(102, 2601, 'PL2', 2, ''),
(103, 2602, 'PL3', 2, ''),
(104, 2603, 'PL4', 2, ''),
(105, 2611, 'PL5', 2, ''),
(106, 1018, 'BV7', 1, ''),
(107, 1075, 'BV1', 1, ''),
(108, 1053, 'BV2', 1, ''),
(109, 2411, 'BV3', 1, ''),
(110, 2412, 'BV5', 1, ''),
(111, 2413, 'BV6', 1, ''),
(112, 2414, 'BV4', 1, ''),
(113, 1045, 'MUR', 4, ''),
(114, 2360, 'TLP 20', 3, 'A2');

-- --------------------------------------------------------

--
-- Table structure for table `catalogue_deals`
--

CREATE TABLE `catalogue_deals` (
  `id` int(11) NOT NULL,
  `call_id` varchar(100) NOT NULL,
  `products` varchar(100) NOT NULL,
  `cost` int(11) NOT NULL DEFAULT '5'
) ENGINE=InnoDB DEFAULT CHARSET=latin1;

--
-- Dumping data for table `catalogue_deals`
--

INSERT INTO `catalogue_deals` (`id`, `call_id`, `products`, `cost`) VALUES
(1, 'OSLO', 'TUS,TUS,TUS,PYS', 5),
(2, 'OLYMPIA', 'OSB,PYN,TUN,TUN', 5),
(3, 'VOIMA', 'TUP,TUP,PMP,BV7', 5),
(4, 'KIIHTELYS', 'PL4,LTP,RTV', 5),
(5, 'deal 6', 'juliste|18,PUU,PUU,ANANAS', 5),
(6, 'deal 7', 'juliste|7,PUU,PUU,ANANAS', 5);

-- --------------------------------------------------------

--
-- Table structure for table `items`
--

CREATE TABLE `items` (
  `id` int(11) NOT NULL,
  `user_id` int(11) NOT NULL,
  `item_id` int(11) NOT NULL,
  `room_id` int(11) NOT NULL DEFAULT '0',
  `x` varchar(50) NOT NULL DEFAULT '0',
  `y` varchar(5) NOT NULL DEFAULT '0',
  `z` varchar(5) NOT NULL DEFAULT '0',
  `rotation` float NOT NULL DEFAULT '0',
  `extra_data` longtext
) ENGINE=InnoDB DEFAULT CHARSET=latin1;

--
-- Dumping data for table `items`
--

INSERT INTO `items` (`id`, `user_id`, `item_id`, `room_id`, `x`, `y`, `z`, `rotation`, `extra_data`) VALUES
(17, 5, 1003, 37, '2', '3', '0.01', 2, ''),
(18, 5, 1013, 37, '4', '7', '0.01', 4, ''),
(19, 5, 1007, 37, '4', '9', '0.01', 0, ''),
(20, 5, 1143, 37, '2', '7', '0.01', 0, ''),
(21, 5, 1013, 37, '2', '8', '0.01', 2, ''),
(22, 5, 1176, 37, '6', '7', '0.01', 6, 'OFF'),
(23, 5, 1172, 37, '5', '3', '0.01', 4, ''),
(24, 5, 1142, 37, '7', '3', '0.01', 0, ''),
(25, 5, 1142, 37, '11', '3', '0.01', 0, ''),
(26, 5, 1044, 37, '8', '4', '0.01', 2, ''),
(27, 5, 1178, 37, '2', '10', '0.01', 2, ''),
(29, 5, 1155, 37, '8', '3', '0.01', 2, 'OFF'),
(32, 5, 1105, 37, '5', '9', '1.0', 0, ''),
(33, 5, 1106, 37, '6', '3', '0.01', 0, ''),
(41, 5, 1152, 40, '4', '8', '0.01', 0, ''),
(65, 5, 1030, 40, '7', '1', '0.01', 0, ''),
(66, 5, 1013, 40, '4', '11', '0.01', 2, ''),
(67, 5, 1003, 40, '4', '9', '0.01', 2, ''),
(70, 5, 1112, 37, '8', '9', '0.01', 3, '3'),
(74, 11, 1037, 39, '9', '8', '0.01', 0, ''),
(75, 11, 1036, 39, '9', '7', '0.01', 4, ''),
(76, 11, 1036, 39, '9', '10', '0.01', 0, ''),
(78, 5, 1180, 37, '4', '3', '0.0', 4, '79'),
(79, 5, 1180, 40, '4', '1', '0.01', 2, '78'),
(87, 5, 1180, 0, '-1', '-1', '0.01', 4, '88'),
(88, 5, 1180, 0, '-1', '-1', '0.01', 2, '87'),
(89, 15, 1180, 46, '4', '13', '0.01', 2, '90'),
(90, 15, 1180, 40, '4', '2', '0.0', 2, '89'),
(91, 8, 1159, 47, '5', '1', '0.01', 4, ''),
(94, 8, 2409, 47, 'frontwall 0.5000,-2.6667,500', '-1', '0.01', 0, '8'),
(104, 8, 2409, 47, 'leftwall -2.2188,-4.7778,2219/1', '-1', '0.01', 0, '1'),
(105, 5, 2409, 40, 'leftwall 7.5313,-3.2778,7563', '-1', '0.01', 0, '6'),
(106, 5, 2409, 40, 'frontwall -10.8438,-16.2778,10844', '-1', '0.01', 0, '10'),
(107, 5, 2409, 43, 'frontwall -3.3750,-9.6667,3375', '-1', '0.01', 0, '17'),
(114, 19, 1044, 48, '2', '7', '0.01', 0, ''),
(115, 19, 1013, 48, '5', '2', '0.01', 2, ''),
(116, 19, 1021, 48, '7', '1', '0.01', 4, ''),
(117, 19, 1007, 48, '6', '2', '0.01', 2, ''),
(118, 19, 1178, 48, '11', '1', '0.01', 4, 'TRUE'),
(119, 19, 1155, 48, '1', '7', '0.01', 0, 'OFF'),
(120, 19, 1153, 48, '1', '10', '0.01', 2, ''),
(121, 19, 2409, 48, 'leftwall 4.5625,1.5000,7001', '-1', '0.01', 0, '13'),
(122, 19, 2409, 48, 'frontwall 1.0625,-1.1111,1063', '-1', '0.01', 0, '21'),
(123, 19, 2409, 48, 'leftwall -3.0000,-5.0000,3000', '-1', '0.01', 0, '22'),
(124, 5, 1013, 37, '9', '6', '0.0', 0, ''),
(130, 22, 2573, 50, '8', '8', '0.01', 2, ''),
(131, 22, 2600, 50, '7', '9', '0.01', 2, ''),
(132, 22, 2600, 50, '9', '7', '0.01', 4, ''),
(133, 22, 1176, 50, '5', '5', '0.01', 2, 'OFF'),
(134, 5, 1178, 40, '4', '7', '0.01', 2, 'TRUE'),
(135, 22, 1044, 50, '5', '6', '0.01', 0, ''),
(136, 22, 2409, 50, 'frontwall -2.2500,-7.7778,2250', '-1', '0.01', 0, '13'),
(137, 22, 2409, 50, 'leftwall 0.0625,-6.0000,63', '-1', '0.01', 0, '14'),
(138, 22, 2409, 50, 'frontwall -3.5938,-10.1111,3594', '-1', '0.01', 0, '15'),
(139, 22, 1112, 50, '10', '10', '0.01', 0, '3'),
(140, 22, 1154, 50, '6', '5', '0.01', 2, ''),
(141, 22, 1154, 50, '5', '6', '0.01', 2, ''),
(142, 22, 1172, 50, '5', '9', '0.01', 2, ''),
(143, 22, 1172, 50, '9', '5', '0.01', 4, ''),
(144, 22, 1179, 50, '10', '5', '0.01', 4, '145'),
(145, 22, 1179, 50, '5', '10', '0.01', 2, '144'),
(148, 22, 2409, 50, 'leftwall 2.9375,-6.3889,13001', '-1', '0.01', 0, '8'),
(149, 8, 1155, 47, '9', '1', '0.01', 2, 'ON'),
(150, 8, 1147, 47, '8', '1', '0.01', 2, ''),
(151, 8, 1013, 47, '10', '4', '0.01', 0, ''),
(152, 8, 1012, 47, '8', '6', '0.01', 4, ''),
(153, 8, 1012, 47, '10', '7', '0.01', 6, ''),
(154, 8, 1012, 47, '7', '8', '0.01', 2, ''),
(155, 8, 1012, 47, '9', '9', '0.01', 0, ''),
(156, 8, 1007, 47, '8', '7', '0.01', 0, ''),
(157, 8, 1021, 47, '5', '4', '0.01', 2, ''),
(158, 8, 1021, 47, '5', '3', '0.01', 2, ''),
(159, 8, 1031, 47, '7', '1', '0.01', 2, ''),
(160, 8, 1021, 47, '7', '2', '0.01', 0, ''),
(161, 23, 1026, 54, '5', '1', '0.01', 0, ''),
(170, 15, 1013, 46, '6', '1', '0.01', 4, ''),
(172, 15, 2409, 46, 'leftwall -2.4375,-3.7222,2438/16', '-1', '0.01', 0, '16'),
(174, 19, 1003, 48, '9', '1', '0.01', 0, ''),
(177, 26, 2409, 53, 'leftwall -2.4688,-4.5556,2469/12', '-1', '0.01', 0, '12'),
(180, 23, 1003, 54, '9', '1', '0.01', 0, ''),
(181, 23, 1176, 54, '4', '1', '0.01', 2, ''),
(182, 23, 1178, 54, '4', '13', '0.01', 2, ''),
(183, 23, 1155, 54, '4', '9', '0.01', 0, 'ON'),
(184, 23, 1106, 54, '7', '6', '0.01', 2, ''),
(185, 23, 1147, 54, '11', '1', '0.01', 2, ''),
(186, 23, 1142, 54, '8', '5', '0.01', 2, ''),
(187, 23, 1145, 54, '11', '13', '0.01', 2, ''),
(188, 23, 1103, 54, '6', '9', '0.01', 2, ''),
(189, 23, 1110, 54, '4', '7', '0.01', 2, ''),
(191, 27, 2409, 55, 'frontwall -10.8750,-16.2778,10875/2', '-1', '0.01', 0, '2'),
(192, 27, 1040, 55, '4', '12', '0.01', 2, 'ON'),
(193, 27, 1177, 55, '4', '4', '0.01', 2, 'ON'),
(194, 27, 1178, 55, '4', '11', '0.01', 2, ''),
(196, 27, 1103, 55, '4', '3', '0.01', 0, ''),
(197, 27, 1155, 55, '4', '1', '0.01', 0, 'ON'),
(198, 27, 1153, 55, '4', '6', '0.01', 2, ''),
(199, 28, 2409, 56, 'frontwall -10.7813,-16.2222,10781/19', '-1', '0.01', 0, '19'),
(207, 30, 1037, 57, '7', '2', '0.01', 2, ''),
(209, 30, 1038, 57, '1', '6', '0.01', 2, ''),
(211, 30, 1038, 57, '1', '10', '0.01', 2, ''),
(213, 30, 1039, 57, '9', '3', '0.01', 6, ''),
(214, 30, 1039, 57, '9', '2', '0.01', 6, ''),
(215, 30, 1039, 57, '6', '3', '0.01', 2, ''),
(216, 30, 1039, 57, '6', '2', '0.01', 2, ''),
(219, 30, 1017, 57, '1', '5', '0.01', 2, ''),
(220, 30, 2409, 57, 'leftwall -3.0000,-5.7778,3000', '-1', '0.01', 0, '7'),
(221, 30, 2409, 57, 'frontwall 0.9688,-2.2778,969', '-1', '0.01', 0, '10'),
(222, 30, 1155, 57, '1', '7', '0.01', 0, 'ON'),
(223, 30, 1106, 57, '1', '10', '2.0', 2, ''),
(224, 30, 1105, 57, '1', '6', '2.0', 0, ''),
(225, 5, 1180, 43, '5', '10', '0.01', 2, '226'),
(226, 5, 1180, 57, '11', '1', '0.01', 4, '225'),
(229, 25, 1179, 58, '10', '1', '0.01', 4, '230'),
(230, 25, 1179, 58, '8', '9', '0.01', 2, '229'),
(231, 25, 2602, 58, '8', '2', '0.01', 2, ''),
(232, 25, 2602, 58, '10', '2', '0.01', 6, ''),
(233, 25, 2602, 58, '9', '3', '0.01', 0, ''),
(234, 25, 2602, 58, '9', '1', '0.01', 4, ''),
(235, 25, 1003, 58, '3', '3', '0.01', 2, ''),
(236, 25, 1034, 58, '1', '8', '0.01', 2, ''),
(237, 25, 1178, 58, '7', '1', '0.01', 4, ''),
(238, 25, 1176, 58, '8', '1', '0.01', 0, 'ON'),
(239, 25, 1017, 58, '3', '5', '0.01', 0, ''),
(240, 25, 2409, 58, 'leftwall 7.0000,1.9444,7000', '-1', '0.01', 0, '10'),
(241, 25, 1154, 58, '6', '3', '0.01', 0, ''),
(242, 25, 2603, 58, '10', '10', '0.01', 6, ''),
(243, 25, 1011, 58, '8', '10', '0.01', 2, ''),
(244, 25, 1126, 58, '8', '10', '0.01', 2, 'ON'),
(248, 32, 2409, 59, 'frontwall -10.6875,-15.8333,10688', '-1', '0.01', 0, '7'),
(249, 32, 2409, 59, 'leftwall -2.4688,-4.4444,2469', '-1', '0.01', 0, '6'),
(250, 32, 1179, 59, '4', '5', '0.04', 2, '251'),
(252, 32, 1160, 59, '8', '1', '0.01', 0, ''),
(258, 32, 1017, 59, '4', '5', '0.01', 0, ''),
(265, 32, 1007, 59, '9', '6', '0.01', 0, ''),
(269, 32, 1018, 59, '5', '5', '0.01', 0, ''),
(273, 32, 1160, 59, '8', '5', '0.01', 0, ''),
(274, 32, 1160, 59, '8', '9', '0.01', 0, ''),
(275, 32, 1160, 59, '4', '5', '0.01', 0, ''),
(276, 32, 1160, 59, '4', '1', '0.01', 0, ''),
(279, 32, 1160, 59, '8', '10', '0.01', 0, ''),
(280, 32, 1160, 59, '5', '8', '0.01', 0, ''),
(281, 32, 1160, 59, '6', '6', '0.01', 0, ''),
(284, 5, 2360, 37, 'leftwall 5.6250,0.3889,5625', '-1', '0.0', 0, 'FFFF31 Testing sticky, does it work?\r\rIT DOES WORK?! :O ?\r'),
(285, 33, 1034, 60, '1', '8', '0.01', 2, ''),
(286, 33, 1179, 60, '7', '1', '0.01', 4, '287'),
(287, 33, 1179, 60, '3', '3', '0.01', 4, '286'),
(290, 8, 1030, 47, '1', '8', '0.01', 0, ''),
(291, 8, 2360, 0, '0', '-1', '0.01', 0, '19'),
(292, 5, 1014, 40, '4', '3', '0.01', 2, ''),
(293, 5, 2360, 0, '0', '-1', '0.0', 0, '14'),
(294, 5, 1032, 0, '0', '0', '0.01', 0, ''),
(295, 8, 1116, 47, '4', '9', '0.01', 0, ''),
(296, 8, 2360, 47, 'frontwall -0.7500,-2.7778,750', '-1', '0.01', 0, 'FFFF31 '),
(299, 36, 2603, 62, '5', '7', '0.01', 2, ''),
(300, 36, 1011, 62, '5', '6', '0.01', 2, ''),
(301, 36, 1126, 62, '5', '6', '0.01', 4, ''),
(302, 36, 1017, 62, '1', '5', '0.01', 0, ''),
(303, 36, 2410, 62, '3', '5', '0.01', 0, ''),
(304, 36, 1015, 62, '4', '7', '0.01', 0, ''),
(305, 36, 1015, 62, '3', '7', '0.01', 0, ''),
(306, 36, 2360, 0, '0', '-1', '0.01', 0, '19'),
(307, 36, 2360, 62, 'leftwall 4.4375,2.6111,7001', '-1', '0.01', 0, 'FF9CFF jonty was here'),
(310, 35, 1029, 0, '-1', '-1', '6.0', 0, ''),
(311, 35, 1013, 63, '5', '2', '0.01', 2, ''),
(312, 35, 1040, 0, '-1', '-1', '0.01', 0, 'OFF'),
(313, 35, 1116, 0, '-1', '-1', '0.01', 0, 'TRUE'),
(314, 35, 1172, 63, '11', '7', '0.01', 4, ''),
(315, 35, 1179, 64, '6', '4', '0.01', 4, '316'),
(316, 35, 1179, 0, '-1', '-1', '0.01', 2, '315'),
(317, 35, 1036, 0, '-1', '-1', '0.01', 0, ''),
(318, 35, 2409, 63, 'leftwall -1.5313,-4.2222,1500', '-1', '0.01', 0, '6'),
(319, 35, 2409, 63, 'leftwall 2.8750,-4.1111,10001', '-1', '0.01', 0, '3'),
(321, 35, 1013, 63, '8', '1', '0.01', 4, ''),
(322, 35, 1013, 63, '10', '2', '0.01', 6, ''),
(323, 35, 1013, 63, '6', '1', '0.01', 4, ''),
(324, 35, 1044, 63, '6', '2', '0.01', 2, ''),
(325, 35, 1007, 63, '8', '2', '0.01', 0, ''),
(326, 35, 1007, 63, '6', '2', '0.01', 0, ''),
(327, 35, 1031, 63, '5', '1', '0.01', 0, ''),
(328, 35, 1031, 63, '10', '1', '0.01', 0, ''),
(329, 35, 1003, 63, '6', '13', '0.01', 0, ''),
(330, 35, 1176, 63, '4', '1', '0.01', 6, 'ON'),
(331, 35, 1176, 63, '4', '4', '0.01', 0, 'ON'),
(332, 35, 1021, 0, '0', '0', '0.01', 0, ''),
(333, 35, 1007, 0, '0', '0', '0.01', 0, ''),
(334, 35, 1005, 63, '7', '10', '0.01', 0, ''),
(335, 35, 1005, 63, '8', '10', '0.01', 0, ''),
(336, 35, 1016, 63, '7', '8', '0.01', 0, ''),
(337, 35, 1018, 0, '-1', '-1', '0.01', 0, ''),
(338, 35, 1003, 63, '8', '13', '0.01', 0, ''),
(339, 35, 1103, 63, '5', '6', '0.01', 0, ''),
(340, 35, 1103, 63, '8', '6', '0.01', 0, ''),
(341, 35, 1053, 63, '4', '5', '0.01', 0, ''),
(342, 35, 1113, 0, '-1', '-1', '2.0', 0, ''),
(343, 35, 1113, 0, '0', '0', '0.01', 0, ''),
(344, 35, 1113, 63, '10', '6', '0.01', 0, ''),
(345, 35, 1113, 63, '4', '6', '0.01', 0, ''),
(346, 35, 1114, 0, '-1', '-1', '0.01', 0, ''),
(347, 35, 1114, 63, '6', '6', '0.01', 0, ''),
(348, 35, 1003, 0, '0', '0', '0.01', 0, ''),
(349, 35, 1012, 63, '4', '9', '0.01', 2, ''),
(350, 35, 1031, 63, '4', '8', '0.01', 0, ''),
(351, 35, 1177, 0, '-1', '-1', '4.0', 0, ''),
(352, 35, 1041, 63, '4', '7', '0.01', 0, 'ON'),
(353, 35, 2409, 63, 'frontwall -10.7500,-16.1667,10750', '-1', '0.01', 0, '7'),
(354, 35, 2409, 63, 'leftwall 6.1250,-3.6667,6125', '-1', '0.01', 0, '2'),
(355, 35, 1127, 63, '7', '6', '0.01', 2, 'OFF'),
(356, 35, 2360, 0, '0', '-1', '0.01', 0, '19'),
(357, 35, 1105, 63, '8', '8', '1.0', 0, ''),
(358, 35, 1153, 63, '10', '13', '0.01', 0, ''),
(359, 35, 1145, 63, '6', '6', '2.0', 0, ''),
(360, 35, 2360, 63, 'leftwall 4.8750,-3.0556,4875', '-1', '0.0', 0, 'FFFF31 hello\r'),
(361, 35, 1005, 63, '9', '9', '0.01', 6, ''),
(362, 35, 1005, 63, '6', '9', '0.01', 2, ''),
(363, 37, 1017, 0, '0', '0', '0.01', 0, ''),
(364, 37, 2410, 0, '0', '0', '0.01', 0, ''),
(365, 37, 1015, 0, '0', '0', '0.01', 0, ''),
(366, 37, 1015, 0, '0', '0', '0.01', 0, ''),
(367, 35, 1180, 63, '4', '13', '0.01', 2, '368'),
(368, 35, 1180, 63, '11', '1', '0.01', 4, '367'),
(369, 35, 1114, 63, '9', '6', '0.01', 4, ''),
(370, 35, 1114, 0, '-1', '-1', '2.0', 0, ''),
(371, 38, 1003, 65, '5', '5', '0.01', 2, ''),
(372, 38, 1017, 65, '5', '7', '0.01', 0, ''),
(373, 38, 2410, 0, '-1', '-1', '0.01', 2, ''),
(374, 38, 1015, 65, '5', '10', '0.01', 2, ''),
(375, 38, 1015, 0, '-1', '-1', '0.01', 2, ''),
(376, 38, 1172, 65, '5', '8', '0.01', 2, ''),
(377, 38, 1176, 65, '8', '5', '0.01', 0, ''),
(380, 5, 1180, 65, '9', '5', '0.01', 4, '381'),
(381, 5, 1180, 0, '-1', '-1', '0.01', 2, '380'),
(382, 38, 1180, 0, '0', '0', '0.01', 0, '383'),
(383, 38, 1180, 0, '-1', '-1', '0.01', 4, '382'),
(384, 19, 1160, 51, '4', '10', '0.01', 0, ''),
(385, 19, 1160, 51, '8', '9', '0.01', 0, ''),
(386, 19, 1161, 0, '0', '0', '0.01', 0, ''),
(387, 19, 1160, 51, '4', '1', '0.01', 0, ''),
(388, 19, 1160, 51, '8', '1', '0.01', 0, ''),
(389, 19, 1160, 51, '4', '5', '0.01', 0, ''),
(390, 19, 1160, 51, '8', '5', '0.01', 0, ''),
(391, 19, 1160, 51, '4', '9', '0.01', 0, ''),
(392, 19, 1160, 51, '8', '10', '0.01', 0, ''),
(393, 19, 1158, 51, '4', '1', '0.01', 0, ''),
(394, 19, 1156, 51, '11', '1', '0.01', 4, ''),
(395, 19, 1157, 51, '4', '9', '0.01', 0, ''),
(396, 19, 1161, 0, '0', '0', '0.01', 0, ''),
(397, 19, 1159, 51, '8', '4', '0.01', 0, ''),
(398, 34, 1005, 61, '2', '10', '0.01', 2, ''),
(399, 34, 1005, 61, '5', '9', '0.01', 6, ''),
(400, 34, 1016, 61, '3', '9', '0.01', 2, ''),
(401, 34, 1018, 61, '7', '9', '0.01', 0, ''),
(402, 34, 2603, 61, '5', '3', '0.01', 0, ''),
(403, 34, 1011, 61, '5', '1', '0.01', 0, ''),
(404, 34, 1126, 61, '5', '1', '0.01', 4, 'ON'),
(405, 34, 1017, 61, '1', '5', '0.01', 0, ''),
(406, 34, 2410, 61, '10', '4', '0.01', 0, ''),
(407, 34, 1015, 61, '11', '3', '0.01', 4, ''),
(408, 34, 1015, 61, '11', '6', '0.01', 0, ''),
(411, 40, 2603, 66, '7', '1', '0.01', 4, ''),
(412, 40, 1042, 66, '10', '1', '0.01', 0, ''),
(413, 40, 1037, 66, '5', '11', '0.01', 0, ''),
(414, 40, 1039, 66, '5', '13', '0.01', 0, ''),
(417, 41, 1037, 67, '8', '1', '0.01', 2, ''),
(418, 41, 1036, 67, '10', '1', '0.01', 6, ''),
(419, 41, 1036, 67, '7', '1', '0.01', 2, ''),
(420, 41, 1106, 67, '9', '1', '1.0', 0, ''),
(421, 41, 2360, 0, '0', '-1', '0.01', 0, '19'),
(422, 41, 2360, 67, 'frontwall -10.4063,-15.1667,10406', '-1', '0.01', 0, 'FFFF31 love'),
(423, 41, 1053, 67, '3', '5', '0.01', 0, ''),
(424, 41, 1040, 67, '1', '8', '0.01', 2, 'ON'),
(425, 41, 1013, 67, '3', '8', '0.01', 6, ''),
(428, 42, 1142, 68, '10', '3', '0.01', 0, ''),
(429, 42, 2360, 0, '0', '-1', '0.01', 0, '19'),
(430, 42, 2360, 68, 'frontwall -10.6875,-16.5556,10688', '-1', '0.01', 0, '9CCEFF ffff'),
(431, 5, 2360, 43, 'leftwall 0.0625,-4.8889,63', '-1', '0.01', 0, 'FFFF31 The teleporter room, don\'t ask me why it\'s called this.'),
(432, 5, 1017, 43, '5', '7', '0.01', 0, ''),
(433, 5, 2410, 43, '8', '6', '0.01', 0, ''),
(434, 5, 1015, 43, '7', '6', '0.01', 2, ''),
(435, 5, 1015, 43, '9', '5', '0.01', 4, ''),
(438, 5, 1172, 43, '5', '5', '0.01', 0, ''),
(439, 15, 1178, 46, '4', '8', '0.01', 2, ''),
(440, 15, 1176, 46, '11', '1', '0.01', 0, ''),
(441, 15, 1017, 46, '4', '5', '0.01', 0, ''),
(443, 15, 1176, 46, '4', '1', '0.02', 0, ''),
(453, 15, 1148, 46, '4', '1', '0.02', 2, ''),
(454, 15, 1148, 46, '7', '1', '0.01', 2, ''),
(455, 15, 1013, 46, '8', '10', '0.04', 0, ''),
(456, 15, 1003, 46, '4', '10', '0.02', 2, ''),
(457, 15, 1037, 69, '8', '7', '0.01', 0, ''),
(459, 15, 1013, 69, '7', '7', '0.01', 2, ''),
(460, 15, 1013, 69, '10', '7', '0.02', 6, ''),
(461, 15, 1013, 46, '8', '1', '0.02', 4, ''),
(466, 15, 1160, 69, '4', '10', '0.01', 6, ''),
(467, 15, 1156, 69, '8', '13', '0.01', 6, 'OFF'),
(468, 15, 1159, 69, '7', '13', '2.0', 2, ''),
(469, 15, 1157, 69, '4', '12', '0.01', 0, ''),
(470, 15, 1158, 69, '11', '12', '0.01', 6, 'ON'),
(471, 15, 1155, 69, '4', '4', '0.02', 0, ''),
(474, 15, 1160, 69, '8', '10', '0.01', 0, ''),
(475, 15, 1031, 69, '7', '13', '0.01', 0, ''),
(481, 15, 1060, 69, '4', '4', '0.01', 2, ''),
(482, 15, 1060, 69, '9', '5', '0.01', 0, ''),
(483, 15, 1060, 69, '4', '7', '0.01', 2, ''),
(490, 15, 1060, 69, '4', '1', '0.0', 2, ''),
(491, 15, 1060, 69, '7', '4', '0.02', 2, ''),
(492, 15, 2409, 69, 'frontwall -10.7813,-15.4444,10781', '-1', '0.01', 0, '23'),
(493, 15, 1145, 69, '4', '1', '0.02', 0, ''),
(494, 34, 2409, 61, 'frontwall 1.1563,-1.8333,1156', '-1', '0.01', 0, '7'),
(495, 34, 1143, 61, '11', '10', '0.01', 0, ''),
(496, 34, 1143, 61, '1', '10', '0.01', 0, ''),
(497, 34, 1142, 61, '6', '1', '0.01', 0, ''),
(498, 34, 1178, 61, '10', '1', '0.01', 4, ''),
(501, 15, 1041, 69, '6', '1', '0.01', 0, 'OFF'),
(503, 15, 1177, 69, '7', '12', '0.01', 0, 'OFF'),
(504, 15, 1116, 69, '4', '2', '0.01', 2, ''),
(505, 15, 2409, 69, 'frontwall -5.2188,-5.8889,5219', '-1', '0.01', 0, '23'),
(506, 15, 1177, 69, '9', '12', '0.01', 0, 'OFF'),
(507, 15, 1038, 69, '4', '8', '0.01', 0, ''),
(508, 15, 1041, 69, '9', '1', '0.02', 0, 'OFF'),
(510, 15, 1105, 69, '4', '8', '2.0', 0, ''),
(511, 15, 1112, 69, '11', '1', '0.01', 0, '0'),
(513, 32, 2360, 0, '0', '-1', '0.0', 0, '12'),
(514, 32, 2360, 59, 'frontwall -11.5938,-15.2778,11594', '-1', '0.01', 0, 'FF9CFF aaa'),
(516, 15, 1060, 69, '9', '4', '0.01', 0, ''),
(517, 15, 1060, 69, '9', '1', '0.0', 0, ''),
(518, 15, 1013, 46, '7', '8', '0.02', 2, ''),
(520, 5, 2603, 40, '8', '9', '0.0', 4, ''),
(521, 5, 1011, 0, '-1', '-1', '0.01', 2, ''),
(522, 5, 1126, 0, '-1', '-1', '0.01', 2, ''),
(523, 5, 1112, 40, '7', '6', '0.01', 1, '1'),
(524, 32, 1153, 59, '9', '2', '0.01', 0, ''),
(525, 32, 1025, 59, '8', '3', '0.01', 0, ''),
(527, 32, 1178, 59, '4', '10', '0.01', 0, ''),
(528, 32, 1176, 59, '10', '7', '1.0', 0, 'OFF'),
(529, 32, 1112, 59, '8', '9', '0.01', 0, '0'),
(530, 32, 1127, 59, '10', '1', '0.01', 2, 'OFF'),
(531, 32, 1155, 59, '4', '7', '0.01', 0, 'ON'),
(532, 32, 2592, 59, '10', '4', '0.01', 0, ''),
(533, 32, 1105, 59, '11', '4', '1.0', 0, ''),
(534, 32, 1147, 59, '4', '4', '0.01', 0, ''),
(535, 32, 1012, 59, '10', '10', '0.01', 2, ''),
(536, 32, 1013, 59, '7', '11', '0.01', 2, ''),
(537, 32, 1017, 59, '6', '5', '0.01', 0, ''),
(538, 32, 2410, 59, '5', '2', '0.01', 0, ''),
(539, 32, 1015, 59, '6', '1', '0.01', 4, ''),
(540, 32, 1015, 59, '6', '4', '0.01', 0, ''),
(541, 32, 2360, 59, 'frontwall -11.6563,-18.2778,11656', '-1', '0.01', 0, 'FFFF31 '),
(542, 32, 2360, 59, 'frontwall -11.6563,-17.0556,11656', '-1', '0.01', 0, 'FFFF31 '),
(543, 32, 2360, 59, 'leftwall 7.8438,-3.2222,7844', '-1', '0.01', 0, 'FFFF31 '),
(544, 32, 2360, 59, 'leftwall 6.9375,-2.6111,6938', '-1', '0.01', 0, 'FFFF31 '),
(545, 32, 2360, 59, 'leftwall 6.9375,-2.6111,6938', '-1', '0.01', 0, 'FFFF31 '),
(546, 32, 1179, 59, '4', '12', '0.01', 2, '547'),
(547, 32, 1179, 59, '4', '13', '0.01', 2, '546'),
(550, 5, 1110, 0, '-1', '-1', '0.0', 0, ''),
(552, 5, 2360, 40, 'leftwall -0.8750,-2.8333,875', '-1', '0.0', 0, 'FFFF31 hi\n'),
(553, 5, 1026, 0, '-1', '-1', '0.0', 0, ''),
(554, 32, 2409, 59, 'leftwall 2.2188,-2.5000,10001', '-1', '0.0', 0, '13'),
(555, 32, 2409, 59, 'frontwall -4.9375,-5.7778,4938', '-1', '0.0', 0, '20'),
(556, 27, 2601, 55, '7', '10', '0.0', 4, ''),
(557, 27, 1021, 55, '8', '13', '0.0', 0, ''),
(558, 27, 1021, 55, '7', '13', '0.0', 0, ''),
(559, 27, 1176, 55, '6', '10', '0.0', 0, ''),
(560, 27, 2409, 55, 'leftwall 3.5313,-4.1111,3531', '-1', '0.0', 0, '9'),
(561, 27, 2360, 0, '0', '-1', '0.0', 0, '18'),
(562, 27, 2360, 55, 'leftwall 0.5625,-1.5556,10001', '-1', '0.0', 0, 'FFFF31 Hello\r'),
(563, 27, 2360, 55, 'leftwall -1.8438,-1.3333,1844', '-1', '0.0', 0, 'FFFF31 \r'),
(564, 27, 2360, 0, '0', '-1', '0.0', 0, '19'),
(565, 27, 2360, 55, 'leftwall 2.4063,-2.0000,2406', '-1', '0.0', 0, 'FFFF31 \r'),
(566, 27, 1032, 55, '10', '1', '0.0', 0, ''),
(567, 27, 1037, 55, '7', '11', '0.0', 0, ''),
(568, 27, 2410, 55, '10', '12', '0.0', 0, ''),
(569, 27, 1116, 55, '4', '7', '0.01', 0, ''),
(570, 27, 1144, 55, '4', '8', '0.0', 0, ''),
(571, 27, 1144, 55, '4', '10', '0.0', 0, ''),
(572, 27, 1144, 55, '4', '9', '0.0', 0, ''),
(573, 27, 2409, 55, 'leftwall -0.7813,-3.7222,781', '-1', '0.0', 0, '5'),
(574, 19, 2360, 0, '0', '-1', '0.0', 0, '19'),
(575, 19, 2360, 48, 'leftwall -1.4688,-4.2778,1469', '-1', '0.0', 0, '9CCEFF Hello!\rJasonDev was here playing alex\'s beatiful creation\rSome things that I want to be here\r-Rares\r-Working Badges\rThe topkek can do it right? Go Alex | Ily\r'),
(576, 19, 1112, 48, '8', '7', '0.0', 0, '0'),
(577, 19, 1180, 0, '0', '0', '0.0', 0, '578'),
(578, 19, 1180, 0, '0', '0', '0.0', 0, '577'),
(579, 15, 1030, 69, '7', '1', '0.01', 0, ''),
(580, 32, 2360, 44, 'frontwall -11.0313,-16.1111,11000', '-1', '0.0', 0, 'FFFF31 '),
(581, 32, 2544, 44, '9', '4', '0.0', 0, ''),
(582, 15, 1148, 46, '8', '6', '0.01', 0, ''),
(583, 15, 1148, 46, '6', '6', '0.0', 0, ''),
(584, 15, 1148, 46, '6', '7', '0.0', 0, ''),
(585, 15, 1148, 46, '8', '7', '0.03', 0, ''),
(586, 15, 1013, 46, '10', '8', '0.02', 6, ''),
(587, 15, 1013, 46, '8', '7', '0.05', 4, ''),
(588, 15, 1037, 46, '8', '8', '0.04', 0, ''),
(589, 15, 1181, 46, '4', '9', '0.0', 2, '590'),
(590, 15, 1181, 69, '4', '11', '0.01', 2, '589');

-- --------------------------------------------------------

--
-- Table structure for table `item_definitions`
--

CREATE TABLE `item_definitions` (
  `id` int(10) NOT NULL,
  `sprite` varchar(100) COLLATE latin1_general_ci NOT NULL,
  `color` varchar(100) CHARACTER SET latin1 NOT NULL,
  `length` tinyint(2) NOT NULL,
  `width` tinyint(2) NOT NULL,
  `height` float NOT NULL,
  `dataclass` varchar(50) CHARACTER SET latin1 NOT NULL,
  `behaviour` varchar(25) CHARACTER SET latin1 NOT NULL,
  `name` varchar(100) COLLATE latin1_general_ci NOT NULL DEFAULT 'Unknown name',
  `description` varchar(150) COLLATE latin1_general_ci NOT NULL DEFAULT 'Unknown description'
) ENGINE=MyISAM DEFAULT CHARSET=latin1 COLLATE=latin1_general_ci;

--
-- Dumping data for table `item_definitions`
--

INSERT INTO `item_definitions` (`id`, `sprite`, `color`, `length`, `width`, `height`, `dataclass`, `behaviour`, `name`, `description`) VALUES
(5, 'left_wallmask_1', '', 0, 0, 0.01, 'NULL', 'PF', 'Unknown name', 'Unknown description'),
(1, 'left_wallpart_0', '', 0, 0, 0.01, 'NULL', 'PF', 'Unknown name', 'Unknown description'),
(2, 'left_wallmask_0', '', 0, 0, 0.01, 'NULL', 'PF', 'Unknown name', 'Unknown description'),
(3, 'right_wallpart_0', '', 0, 0, 0.01, 'NULL', 'PF', 'Unknown name', 'Unknown description'),
(4, 'left_wallpart_1', '', 0, 0, 0.01, 'NULL', 'PF', 'Unknown name', 'Unknown description'),
(8, 'right_wallpart_1', '', 0, 0, 0.01, 'NULL', 'PF', 'Unknown name', 'Unknown description'),
(9, 'left_wallend_0', '', 0, 0, 0.01, 'NULL', 'PF', 'Unknown name', 'Unknown description'),
(10, 'right_wallend_0', '', 0, 0, 0.01, 'NULL', 'PF', 'Unknown name', 'Unknown description'),
(11, 'left_wallpart2_0', '', 0, 0, 0.01, 'NULL', 'PF', 'Unknown name', 'Unknown description'),
(12, 'right_wallpart2_0', '', 0, 0, 0.01, 'NULL', 'PF', 'Unknown name', 'Unknown description'),
(13, 'left_wallpart2_1', '', 0, 0, 0.01, 'NULL', 'PF', 'Unknown name', 'Unknown description'),
(14, 'right_wallpart2_1', '', 0, 0, 0.01, 'NULL', 'PF', 'Unknown name', 'Unknown description'),
(15, 'left_wallend2_0', '', 0, 0, 0.01, 'NULL', 'PF', 'Unknown name', 'Unknown description'),
(16, 'right_wallend2_0', '', 0, 0, 0.01, 'NULL', 'PF', 'Unknown name', 'Unknown description'),
(17, 'right_stairs1_0', '', 0, 0, 0.01, 'NULL', 'PF', 'Unknown name', 'Unknown description'),
(18, 'right_stairs1_1', '', 0, 0, 0.01, 'NULL', 'PF', 'Unknown name', 'Unknown description'),
(19, 'right_stairs2_0', '', 0, 0, 0.01, 'NULL', 'PF', 'Unknown name', 'Unknown description'),
(20, 'right_stairs2_1', '', 0, 0, 0.01, 'NULL', 'PF', 'Unknown name', 'Unknown description'),
(21, 'left_stairs1_0', '', 0, 0, 0.01, 'NULL', 'PF', 'Unknown name', 'Unknown description'),
(22, 'left_stairs1_1', '', 0, 0, 0.01, 'NULL', 'PF', 'Unknown name', 'Unknown description'),
(23, 'left_stairs2_0', '', 0, 0, 0.01, 'NULL', 'PF', 'Unknown name', 'Unknown description'),
(24, 'left_stairs2_1', '', 0, 0, 0.01, 'NULL', 'PF', 'Unknown name', 'Unknown description'),
(1001, 'shelves_norja', '*ffffff,*F7EBBC', 1, 1, 2, 'NULL', 'SF', 'Bookcase', 'For nic naks and art deco books'),
(1002, 'shelves_polyfon', '0,0,0', 2, 1, 1, 'NULL', 'SF', 'Bookcase', 'For the arty pad'),
(1003, 'shelves_silo', '0,0,0', 2, 1, 0.01, 'NULL', 'SF', 'Bookcase', 'For nic naks and art deco books'),
(1005, 'chair_polyfon', '0,0,0', 1, 1, 1, 'NULL', 'SFC', 'Dining Chair', 'Metallic seating experience'),
(1011, 'stand_polyfon_z', '0,0,0', 1, 1, 0.5, 'NULL', 'SFH', 'Shelf', 'Tidy up'),
(1012, 'chair_silo', '*ffffff,*ffffff,*ABD0D2,*ABD0D2', 1, 1, 1, 'NULL', 'SFC', 'Dining Chair', 'Keep it simple'),
(1013, 'sofa_silo', '*ffffff,*ffffff,*ffffff,*ffffff,*ABD0D2,*ABD0D2,*ABD0D2,*ABD0D2', 2, 1, 1, 'NULL', 'SFC', 'Two-Seater Sofa', 'Cushioned, understated comfort'),
(1014, 'couch_norja', '*ffffff,*ffffff,*ffffff,*ffffff,*F7EBBC,*F7EBBC,*F7EBBC,*F7EBBC', 2, 1, 1, 'NULL', 'SFC', 'Bench', 'Two can perch comfortably'),
(1017, 'doormat_love', '0,0,0', 1, 1, 0.01, 'NULL', 'SFKH', 'Doormat', 'Welcome Habbos in style'),
(1018, 'doormat_plain', '0,0,0', 1, 1, 0.01, 'NULL', 'SFKH', 'Doormat', 'Available in a variety of colours'),
(1025, 'bed_polyfon', '*ffffff,*ffffff,*ABD0D2,*ABD0D2', 2, 3, 1, 'NULL', 'SFB', 'Double Bed', 'Give yourself space to stretch out'),
(1026, 'bed_polyfon_one', '*ffffff,*ffffff,*ffffff,*ABD0D2,*ABD0D2', 1, 3, 1, 'NULL', 'SFB', 'Single Bed', 'Cot of the artistic'),
(1029, 'bed_silo_one', '0,0,0', 1, 3, 1, 'NULL', 'SFB', 'Single Bed', 'Plain and simple'),
(1030, 'bed_silo_two', '0,0,0', 2, 3, 1, 'NULL', 'SFB', 'Double Bed', 'Plain and simple x2'),
(1032, 'bed_armas_two', '0,0,0', 2, 3, 1, 'NULL', 'SFB', 'Double Bed', 'King-sized pine comfort'),
(1033, 'bed_budget_one', '*FFFFFF,*FFFFFF,*FFFFFF,*ABD0D2,*ABD0D2,*ABD0D2', 1, 3, 1, 'NULL', 'SFB', 'bed_budget_one', 'aquamarine'),
(1034, 'bed_budget', '*FFFFFF,*FFFFFF,*FFFFFF,*ABD0D2,*ABD0D2,*ABD0D2', 2, 3, 1, 'NULL', 'SFB', 'Pura Bed', 'Comfortable, affordable!'),
(1035, 'shelves_armas', '0,0,0', 2, 1, 2, 'NULL', 'SF', 'Bookcase', 'For all those fire-side stories'),
(1036, 'bench_armas', '0,0,0', 2, 1, 1, 'NULL', 'SFC', 'Bench', 'To complete the dining set'),
(1040, 'fireplace_armas', '0,0,0', 2, 1, 2, 'FIREON', 'SFM', 'Fireplace', 'Authentic, real flame fire'),
(1041, 'lamp_armas', '0,0,0', 1, 1, 2, 'SWITCHON', 'SFM', 'Table Lamp', 'Ambient lighting is essential'),
(1042, 'bed_armas_one', '0,0,0', 1, 3, 1, 'NULL', 'SFB', 'Single Bed', 'Rustic charm for one'),
(1044, 'carpet_armas', '0,0,0', 2, 4, 0.01, 'NULL', 'SFKH', 'Hand-Woven Rug', 'Adds instant warmth'),
(1045, 'carpet_polar', '*ffffff,*ffffff,*ffffff', 2, 3, 0.01, 'NULL', 'SFKH', 'Faux-Fur Bear Rug', 'For cuddling up on'),
(1046, 'fireplace_polyfon', '0,0,0', 2, 1, 2, 'FIREON', 'SFM', 'Fireplace', 'Comfort in stainless steel'),
(2590, 'table_plasto_4leg*3', '*ffffff,*ffee00', 2, 2, 1, 'NULL', 'SFH', 'Round Dining Table', 'Hip plastic furniture'),
(2583, 'table_plasto_bigsquare*5', '*ffffff,*54ca00', 2, 2, 1, 'NULL', 'SFH', 'Square Dining Table', 'Hip plastic furniture'),
(2576, 'table_plasto_bigsquare*15', '*ffffff,*FF97BA', 2, 2, 1, 'NULL', 'SFH', 'Occasional Table', 'Hip plastic furniture'),
(2577, 'table_plasto_bigsquare*14', '*ffffff,*CC3399', 2, 2, 1, 'NULL', 'SFH', 'Occasional Table', 'Hip plastic furniture'),
(1053, 'doormat_plain*1', '*ff1f08', 1, 1, 0.01, 'NULL', 'SFKH', 'Doormat', 'Available in a variety of colours'),
(2594, 'table_plasto_4leg*2', '*ffffff,*99DCCC', 2, 2, 1, 'NULL', 'SFH', 'Occasional Table', 'Hip plastic furniture'),
(2587, 'table_plasto_bigsquare*4', '*ffffff,*ccddff', 2, 2, 1, 'NULL', 'SFH', 'Square Dining Table', 'Hip plastic furniture'),
(2581, 'table_plasto_bigsquare', '0,0,0', 2, 2, 1, 'NULL', 'SFH', 'Square Dining Table', 'Hip plastic furniture'),
(2565, 'table_plasto_round*14', '*ffffff,*CC3399', 2, 2, 1, 'NULL', 'SFH', 'Occasional Table', 'Hip plastic furniture'),
(2566, 'table_plasto_round*7', '*ffffff,*ff6d00', 2, 2, 1, 'NULL', 'SFH', 'Round Dining Table', 'Hip plastic furniture'),
(1238, 'bardeskcorner_polyfon*13', '*ffffff,*ffffff,*ffffff', 1, 1, 1, 'NULL', 'SFH', 'Corner Cabinet-Desk', 'Tuck it away'),
(2586, 'table_plasto_bigsquare*6', '*ffffff,*3444ff', 2, 2, 1, 'NULL', 'SFH', 'Square Dining Table', 'Hip plastic furniture'),
(2580, 'table_plasto_bigsquare*2', '*ffffff,*99DCCC', 2, 2, 1, 'NULL', 'SFH', 'Square Dining Table', 'Hip plastic furniture'),
(2564, 'table_plasto_round*15', '*ffffff,*FF97BA', 2, 2, 1, 'NULL', 'SFH', 'Occasional Table', 'Hip plastic furniture'),
(1623, 'bardeskcorner_polyfon*2', '*ffffff,*525252', 1, 1, 1, 'NULL', 'SFH', 'Black Mode Bardesk Corner', 'Black Mode Bardesk Corner'),
(2593, 'table_plasto_4leg*5', '*ffffff,*54ca00', 2, 2, 1, 'NULL', 'SFH', 'Occasional Table', 'Hip plastic furniture'),
(2585, 'table_plasto_bigsquare*3', '*ffffff,*ffee00', 2, 2, 1, 'NULL', 'SFH', 'Square Dining Table', 'Hip plastic furniture'),
(2579, 'table_plasto_bigsquare*1', '*ffffff,*ff1f08', 2, 2, 1, 'NULL', 'SFH', 'Square Dining Table', 'Hip plastic furniture'),
(2562, 'table_plasto_square*5', '*ffffff,*54ca00', 1, 1, 1, 'NULL', 'SFH', 'Square Dining Table', 'Hip plastic furniture'),
(2563, 'table_plasto_square*8', '*ffffff,*c38d1a', 1, 1, 1, 'NULL', 'SFH', 'Square Dining Table', 'Hip plastic furniture'),
(1624, 'bardeskcorner_polyfon*3', '*ffffff,*ffffff', 1, 1, 1, 'NULL', 'SFH', 'White Corner Desk', 'Tuck it away'),
(1075, 'doormat_plain*6', '*777777', 1, 1, 0.01, 'NULL', 'SFKH', 'Doormat', 'Available in a variety of colours'),
(1625, 'bardeskcorner_polyfon*4', '*ffffff,*F7EBBC', 1, 1, 1, 'NULL', 'SFH', 'Beige Mode Bardesk Corner', 'Beige Mode Bardesk Corner'),
(2592, 'table_plasto_4leg', '0,0,0', 2, 2, 1, 'NULL', 'SFH', 'Occasional Table', 'Hip plastic furniture'),
(2584, 'table_plasto_bigsquare*9', '*ffffff,*533e10', 2, 2, 1, 'NULL', 'SFH', 'Square Dining Table', 'Hip plastic furniture'),
(2558, 'table_plasto_square*4', '*ffffff,*ccddff', 1, 1, 1, 'NULL', 'SFH', 'Square Dining Table', 'Hip plastic furniture'),
(2559, 'table_plasto_square*6', '*ffffff,*3444ff', 1, 1, 1, 'NULL', 'SFH', 'Square Dining Table', 'Hip plastic furniture'),
(2560, 'table_plasto_square*3', '*ffffff,*ffee00', 1, 1, 1, 'NULL', 'SFH', 'Square Dining Table', 'Hip plastic furniture'),
(2561, 'table_plasto_square*9', '*ffffff,*533e10', 1, 1, 1, 'NULL', 'SFH', 'Square Dining Table', 'Hip plastic furniture'),
(2553, 'table_plasto_square*14', '*ffffff,*CC3399', 1, 1, 1, 'NULL', 'SFH', 'Occasional Table', 'Hip plastic furniture'),
(2554, 'table_plasto_square*1', '*ffffff,*ff1f08', 1, 1, 1, 'NULL', 'SFH', 'Occasional Table', 'Hip plastic furniture'),
(2555, 'table_plasto_square*7', '*ffffff,*ff6d00', 1, 1, 1, 'NULL', 'SFH', 'Square Dining Table', 'Hip plastic furniture'),
(2556, 'table_plasto_square', '0,0,0', 1, 1, 1, 'NULL', 'SFH', 'Occasional Table', 'Hip plastic furniture'),
(2557, 'table_plasto_square*2', '*ffffff,*99DCCC', 1, 1, 1, 'NULL', 'SFH', 'Round Dining Table', 'Hip plastic furniture'),
(2549, 'chair_plasto*6', '*ffffff,*3444ff,*ffffff,*3444ff', 1, 1, 1, 'NULL', 'SFC', 'Chair', 'Hip plastic furniture'),
(2550, 'chair_plasto*3', '*ffffff,*ffee00,*ffffff,*ffee00', 1, 1, 1, 'NULL', 'SFC', 'Chair', 'Hip plastic furniture'),
(2551, 'chair_plasto*2', '*ffffff,*99DCCC,*ffffff,*99DCCc', 1, 1, 1, 'NULL', 'SFC', 'Chair', 'Hip plastic furniture'),
(2552, 'table_plasto_square*15', '*ffffff,*FF97BA', 1, 1, 1, 'NULL', 'SFH', 'Occasional Table', 'Hip plastic furniture'),
(2544, 'chair_plasto', '0,0,0', 1, 1, 1, 'NULL', 'SFC', 'Chair', 'Hip plastic furniture'),
(2545, 'chair_plasto*8', '*ffffff,*c38d1a,*ffffff,*c38d1a', 1, 1, 1, 'NULL', 'SFC', 'Chair', 'Hip plastic furniture'),
(2546, 'chair_plasto*7', '*ffffff,*ff6d00,*ffffff,*ff6d00', 1, 1, 1, 'NULL', 'SFC', 'Chair', 'Hip plastic furniture'),
(2547, 'chair_plasto*1', '*ffffff,*ff1f08,*ffffff,*ff1f08', 1, 1, 1, 'NULL', 'SFC', 'Chair', 'Hip plastic furniture'),
(2548, 'chair_plasto*4', '*ffffff,*ccddff,*ffffff,*ccddff', 1, 1, 1, 'NULL', 'SFC', 'Chair', 'Hip plastic furniture'),
(2541, 'chair_plasto*16', '*ffffff,*CC3399,*ffffff,*CC3399', 1, 1, 1, 'NULL', 'SFC', 'Chair', 'Hip plastic furniture'),
(2542, 'chair_plasto*15', '*ffffff,*FF97BA,*ffffff,*FF97BA', 1, 1, 1, 'NULL', 'SFC', 'Chair', 'Hip plastic furniture'),
(2543, 'chair_plasto*5', '*ffffff,*54ca00,*ffffff,*54ca00', 1, 1, 1, 'NULL', 'SFC', 'Chair', 'Hip plastic furniture'),
(1105, 'pizza', '0,0,0', 1, 1, 0.1, 'NULL', 'SFH', 'Pizza Box', 'You dirty Habbo'),
(1106, 'drinks', '0,0,0', 1, 1, 0.2, 'NULL', 'SF', 'Empty Cans', 'Are you a slob too?'),
(2602, 'chair_plasty*2', '*ffffff,*ff9900,*ffffff,*ff9900', 1, 1, 1, 'NULL', 'SFC', 'Plastic Pod Chair', 'Hip plastic furniture'),
(2601, 'chair_plasty*1', '*ffffff,*8EB5D1,*ffffff,*8EB5D1', 1, 1, 1, 'NULL', 'SFC', 'Plastic Pod Chair', 'Hip plastic furniture'),
(1111, 'plant_cruddy', '0,0,0', 1, 1, 1, 'NULL', 'SF', 'Aloe Vera', 'Goodbye Bert...'),
(1112, 'bottle', '0,0,0', 1, 1, 0.1, 'DIR', 'SFTL', 'Empty Spinning Bottle', 'For interesting games!'),
(1113, 'bardesk_polyfon', '*ffffff,*ffffff,*ABD0D2,*ABD0D2', 2, 1, 1, 'NULL', 'SFH', 'Bar-desk', 'Perfect for work or play'),
(1114, 'bardeskcorner_polyfon', '*ffffff,*ABD0D2', 1, 1, 1, 'NULL', 'SFH', 'Corner Cabinet-Desk', 'Tuck it away'),
(1116, 'bar_armas', '0,0,0', 1, 1, 1, 'DOOROPEN', 'SFT', 'Barrel Minibar', 'It\'s a barrel of laughs and a great talking point'),
(1119, 'carpet_soft', '0,0,0', 2, 4, 0.01, 'NULL', 'SFKH', 'Soft Wool Rug', 'Soft Wool Rug'),
(1127, 'wood_tv', '0,0,0', 1, 2, 2, 'FIREON', 'SF', 'Large TV', 'HNN weatherman Kiazie'),
(1128, 'carpet_polar*1', '*ffbbcf,*ffbbcf,*ffddef', 2, 3, 0.01, 'NULL', 'SFKH', 'Pink Faux-Fur Bear Rug', 'Cute'),
(2600, 'chair_plasty', '0,0,0', 1, 1, 1, 'NULL', 'SFC', 'Plastic Pod Chair', 'Hip plastic furniture'),
(1130, 'carpet_polar*2', '*ccddff,*ccddff,*ffffff', 2, 3, 0.01, 'NULL', 'SFKH', 'Blue Bear Rug', 'Snuggle up on a Funky bear rug...'),
(1131, 'carpet_polar*3', '*ffee99,*ffee99,*ffffff', 2, 3, 0.01, 'NULL', 'SFKH', 'Yellow Bear Rug', 'Snuggle up on a Funky bear rug...'),
(1132, 'carpet_polar*4', '*ddffaa,*ddffaa,*ffffff', 2, 3, 0.01, 'NULL', 'SFKH', 'Green Bear Rug', 'Snuggle up on a Funky bear rug...'),
(2599, 'table_plasto_4leg*16', '*ffffff,*CC3399', 2, 2, 1, 'NULL', 'SFH', 'Occasional Table', 'Hip plastic furniture'),
(1137, 'bed_polyfon_girl_one', '*ffffff,*ffffff,*ffffff,*EE7EA4,*EE7EA4', 1, 3, 1, 'NULL', 'SFB', 'Single Bed', 'Snuggle down in princess pink'),
(1138, 'bed_polyfon_girl', '*ffffff,*ffffff,*EE7EA4,*EE7EA4', 2, 3, 1, 'NULL', 'SFB', 'Double Bed', 'Snuggle down in princess pink'),
(1139, 'sofa_polyfon_girl', '*ffffff,*ffffff,*ffffff,*ffffff,*EE7EA4,*EE7EA4,*EE7EA4,*EE7EA4', 2, 1, 1, 'NULL', 'SFC', 'Two-seater Sofa', 'Romantic pink for two'),
(1142, 'plant_pineapple', '0,0,0', 1, 1, 1, 'NULL', 'SF', 'Pineapple Plant', 'Needs loving glances'),
(1143, 'plant_fruittree', '0,0,0', 1, 1, 1, 'NULL', 'SF', 'Fruit Tree', 'Great yield and sweet fruit'),
(1144, 'plant_small_cactus', '0,0,0', 1, 1, 1, 'NULL', 'SF', 'Small Cactus', 'Even less watering than the real world'),
(1145, 'plant_bonsai', '0,0,0', 1, 1, 1, 'NULL', 'SF', 'Bonsai Tree', 'You can be sure it lives'),
(1146, 'plant_big_cactus', '0,0,0', 1, 1, 1, 'NULL', 'SF', 'Mature Cactus', 'Habbo Dreams monster in hiding!  Shhhh'),
(1147, 'plant_yukka', '0,0,0', 1, 1, 1, 'NULL', 'SF', 'Yukka Plant', 'Easy to care for'),
(1153, 'plant_sunflower', '0,0,0', 1, 1, 1, 'NULL', 'SF', 'Cut Sunflower', 'For happy Habbos'),
(1154, 'plant_rose', '0,0,0', 1, 1, 1, 'NULL', 'SF', 'Cut Roses', 'Sleek and chic'),
(1155, 'tv_luxus', '0,0,0', 1, 3, 1, 'FIREON', 'SF', 'Digital TV', 'Bang up to date'),
(1156, 'bath', '0,0,0', 1, 2, 1, 'SWITCHON', 'SFCM', 'Bubble Bath', 'The ultimate in pampering'),
(1157, 'sink', '0,0,0', 1, 1, 1, 'DOOROPEN', 'SFT', 'Sink', 'Hot and cold thrown in for no charge'),
(1158, 'toilet', '0,0,0', 1, 1, 1.1, 'SWITCHON', 'SFC', 'Loo Seat', 'Loo Seat'),
(1160, 'tile', '0,0,0', 4, 4, 0.01, 'NULL', 'SFKH', 'Floor Tiles', 'In a choice of colours'),
(1161, 'toilet_red', '0,0,0', 1, 1, 1.1, 'SWITCHON', 'SFC', 'Loo Seat', 'Loo Seat'),
(1162, 'toilet_yell', '0,0,0', 1, 1, 1.1, 'SWITCHON', 'SFC', 'Loo Seat', 'Loo Seat'),
(1163, 'tile_red', '0,0,0', 4, 4, 0.01, 'NULL', 'SFKH', 'Floor Tiles', 'In a choice of colours'),
(1168, 'present_gen3', '0,0,0', 1, 1, 1, 'CUSTOM_VARIABLE', 'SFH', 'Gift', 'What\'s inside?'),
(1169, 'present_gen4', '0,0,0', 1, 1, 1, 'CUSTOM_VARIABLE', 'SFH', 'Gift', 'What\'s inside?'),
(1170, 'present_gen5', '0,0,0', 1, 1, 1, 'CUSTOM_VARIABLE', 'SFH', 'Gift', 'What\'s inside?'),
(1171, 'present_gen6', '0,0,0', 1, 1, 1, 'CUSTOM_VARIABLE', 'SFH', 'Gift', 'What\'s inside?'),
(1173, 'shelves_basic', '0,0,0', 2, 1, 2, 'NULL', 'SF', 'Pura Shelves', 'Pura series 404 shelves'),
(1175, 'soft_sofa_norja', '*ffffff,*F7EBBC,*ffffff,*F7EBBC,*F7EBBC,*F7EBBC', 2, 1, 1, 'NULL', 'SFC', 'iced sofa', 'A soft iced sofa'),
(1176, 'lamp_basic', '0,0,0', 1, 1, 2, 'SWITCHON', 'SFM', 'Pura Lamp', 'Switch on the atmosphere with this sophisticated light'),
(1177, 'lamp2_armas', '0,0,0', 1, 1, 2, 'SWITCHON', 'SFM', 'Lodge Candle', 'Wax lyrical with some old-world charm'),
(1178, 'fridge', '0,0,0', 1, 1, 2, 'DOOROPEN', 'SFT', 'Pura Refridgerator', 'Keep cool with a chilled snack or drink'),
(1179, 'door', '0,0,0', 1, 1, 2, 'DOOROPEN', 'SFX', 'Telephone Box', 'Dr Who?'),
(1182, 'pumpkin', '0,0,0', 1, 1, 1, 'SWITCHON', 'SFMH', 'Pumpkin Lamp', 'Cast a spooky glow'),
(1183, 'skullcandle', '0,0,0', 1, 1, 1, 'SWITCHON', 'SFM', 'Skull Candle Holder', 'Alas poor Yorrick...'),
(1184, 'deadduck', '0,0,0', 1, 1, 0.01, 'NULL', 'SF', 'Dead Duck', 'Blood, but no guts'),
(1187, 'menorah', '0,0,0', 1, 1, 1, 'FIREON', 'SF', 'Menorah', 'Light up your room'),
(1188, 'pudding', '0,0,0', 1, 1, 1, 'NULL', 'SF', 'Christmas Pudding', 'Will you get the lucky sixpence?'),
(1189, 'ham', '0,0,0', 1, 1, 0.1, 'NULL', 'SF', 'Joint of Ham', 'Tuck in'),
(1190, 'turkey', '0,0,0', 1, 1, 1, 'NULL', 'SF', 'Roast Turkey', 'Where\'s the cranberry sauce?'),
(1192, 'house', '0,0,0', 1, 1, 1, 'NULL', 'SF', 'Gingerbread House', 'Good enough to eat'),
(1193, 'triplecandle', '0,0,0', 1, 1, 0.5, 'SWITCHON', 'SFM', 'Electric Candles', 'No need to worry about wax drips'),
(1194, 'tree3', '0,0,0', 1, 1, 2, 'SWITCHON', 'SFM', 'Christmas Tree 1', 'Any presents under it yet?'),
(1195, 'tree4', '0,0,0', 1, 1, 2, 'SWITCHON', 'SFM', 'Christmas Tree 2', 'Any presents under it yet?'),
(1196, 'tree5', '0,0,0', 1, 1, 2, 'SWITCHON', 'SFM', 'Christmas Tree 3', 'Any presents under it yet?'),
(1197, 'ham2', '0,0,0', 1, 1, 0.1, 'NULL', 'SF', 'Eaten Ham', 'Looks like you\'re too late!'),
(1198, 'wcandleset', '0,0,0', 1, 1, 0.2, 'SWITCHON', 'SFM', 'White Candle Plate', 'Simple but stylish'),
(1199, 'rcandleset', '0,0,0', 1, 1, 0.2, 'SWITCHON', 'SFM', 'Red Candle Plate', 'Simple but stylish'),
(1200, 'statue', '0,0,0', 1, 1, 1, 'NULL', 'SF', 'Cupid Statue', 'Watch out for those arrows!'),
(1201, 'heart', '0,0,0', 2, 1, 1, 'NULL', 'SF', 'Giant Heart', 'Full of love'),
(1203, 'heartsofa', '0,0,0', 2, 1, 1, 'NULL', 'SFC', 'Heart Sofa', 'Perfect for snuggling up on'),
(1204, 'throne', '0,0,0', 1, 1, 1, 'NULL', 'SFC', 'Throne', 'Important Habbos only'),
(1206, 'giftflowers', '0,0,0', 1, 1, 1, 'NULL', 'SF', 'Vase of Flowers', 'Guaranteed to stay fresh'),
(1207, 'habbocake', '0,0,0', 1, 1, 2, 'SWITCHON', 'SFM', 'Cake', 'Save me a slice!'),
(1210, 'bunny', '0,0,0', 1, 1, 1, 'NULL', 'SF', 'Squidgy Bunny', 'Yours to cuddle up to'),
(1211, 'basket', '0,0,0', 1, 1, 1, 'NULL', 'SF', 'Basket Of Eggs', 'Eggs-actly what you want for Easter'),
(1212, 'birdie', '0,0,0', 1, 1, 1, 'SWITCHON', 'SF', 'Pop-up Egg', 'Cheep (!) and cheerful'),
(1213, 'edice', '0,0,0', 1, 1, 1, 'VALUE', 'SFTL', 'Holo-dice', 'What\'s your lucky number?'),
(1214, 'club_sofa', '0,0,0', 2, 1, 1, 'NULL', 'SFC', 'Club sofa', 'Club sofa'),
(1215, 'prize1', '0,0,0', 1, 1, 0.5, 'NULL', 'SF', 'Gold Trophy', 'Gorgeously glittery'),
(1216, 'prize2', '0,0,0', 1, 1, 0.5, 'NULL', 'SF', 'Silver Trophy', 'Nice and shiny'),
(1217, 'prize3', '0,0,0', 1, 1, 0.5, 'NULL', 'SF', 'Bronze Trophy', 'A weighty award'),
(1218, 'divider_poly3', '*ffffff,*ffffff,*ffffff,*ABD0D2,*ABD0D2', 1, 1, 1, 'STATUS', 'SFGDQ', 'Hatch (Lockable)', 'All bars should have one'),
(1219, 'divider_arm1', '0,0,0', 1, 1, 1.3, 'NULL', 'SFH', 'Corner plinth', 'Good solid wood'),
(1220, 'divider_arm2', '0,0,0', 2, 1, 1.3, 'NULL', 'SFH', 'Room divider', 'I wooden go there'),
(1221, 'divider_arm3', '0,0,0', 1, 1, 1, 'STATUS', 'SFGDQ', 'Gate (lockable)', 'Knock, knock...'),
(1222, 'divider_nor1', '*ffffff,*F7EBBC', 1, 1, 1, 'NULL', 'SF', 'Ice Corner', 'Looks squishy, but isn\'t'),
(1223, 'divider_silo1', '*ffffff,*ABD0D2', 1, 1, 1, 'NULL', 'SFH', 'Corner Shelf', 'Neat and natty'),
(1224, 'divider_nor2', '*ffffff,*ffffff,*F7EBBC,*F7EBBC', 2, 1, 1, 'NULL', 'SF', 'Ice Bar-Desk', 'Strong, yet soft looking'),
(1226, 'divider_nor3', '*ffffff,*ffffff,*F7EBBC,*F7EBBC', 1, 1, 1, 'STATUS', 'SFGDQ', 'Door (Lockable)', 'Do go through...'),
(1227, 'divider_silo3', '*ffffff,*ffffff,*ffffff,*ABD0D2', 1, 1, 1, 'STATUS', 'SFGDQ', 'Gate (lockable)', 'Form following function'),
(1228, 'typingmachine', '0,0,0', 1, 1, 0.3, 'NULL', 'SF', 'Typewriter', 'Write that bestseller'),
(1229, 'spyro', '0,0,0', 1, 1, 1, 'NULL', 'SF', 'Dragon Egg', 'The stuff of legend'),
(1233, 'hyacinth1', '0,0,0', 1, 1, 1, 'NULL', 'SF', 'Pink Hyacinth', 'Beautiful bulb'),
(1234, 'hyacinth2', '0,0,0', 1, 1, 1, 'NULL', 'SF', 'Blue Hyacinth', 'Beautiful bulb'),
(2608, 'chair_plasty*8', '*ffffff,*c38d1a,*ffffff,*c38d1a', 1, 1, 1, 'NULL', 'SFC', 'Plastic Pod Chair', 'Hip plastic furniture'),
(2607, 'chair_plasty*7', '*ffffff,*99DCCc,*ffffff,*99DCCc', 1, 1, 1, 'NULL', 'SFC', 'Plastic Pod Chair', 'Hip plastic furniture'),
(2606, 'chair_plasty*4', '*ffffff,*333333,*ffffff,*333333', 1, 1, 1, 'NULL', 'SFC', 'Plastic Pod Chair', 'Hip plastic furniture'),
(2596, 'table_plasto_4leg*7', '*ffffff,*ff6d00', 2, 2, 1, 'NULL', 'SFH', 'Occasional table', 'Hip plastic furniture'),
(1243, 'mocchamaster', '0,0,0', 1, 1, 0.01, 'SWITCHON', 'SFT', 'Mochamaster', 'Wake up and smell it!'),
(1244, 'carpet_legocourt', '0,0,0', 3, 3, 0.01, 'NULL', 'SFKH', 'Basketball Court', 'Line up your slam dunk'),
(1245, 'bench_lego', '0,0,0', 4, 1, 1, 'NULL', 'SFC', 'Team Bench', 'For your reserve players'),
(1246, 'legotrophy', '0,0,0', 1, 1, 1, 'SWITCHON', 'SFM', 'Basketball Trophy', 'For the winning team'),
(1247, 'valentinescreen', '0,0,0', 2, 1, 1, 'NULL', 'SF', 'Holiday Romance', 'Peep through and smile!'),
(1248, 'edicehc', '0,0,0', 1, 1, 1, 'VALUE', 'SFTL', 'Dicemaster', 'Click and roll!'),
(1249, 'rare_daffodil_rug', '0,0,0', 2, 2, 0.01, 'NULL', 'SFKH', 'Petal Patch', 'A little bit of outdoors indoors..'),
(1250, 'rare_beehive_bulb', '*ffffff,*ffffff,*ffffff,*ffffff,*55c4de,*ffffff', 1, 1, 1, 'SWITCHON', 'SFMH', 'Blue Amber Lamp', 'A honey-hued glow'),
(1251, 'hcsohva', '0,0,0', 2, 1, 1, 'NULL', 'SFC', 'Throne Sofa', 'For royal bottoms...'),
(1252, 'hcamme', '0,0,0', 1, 2, 0.9, 'SWITCHON', 'SFCM', 'Tubmaster', 'Time for a soak'),
(1253, 'rare_elephant_statue', '*ffffff,*ffcf1c', 1, 1, 1, 'NULL', 'SFH', 'Golden Elephant', 'Say hello to Nelly'),
(1254, 'rare_fountain', '*ffffff,*ffffff,*ff6666', 1, 1, 1, 'FIREON', 'SFMH', 'Bird Bath (red)', 'For our feathered friends'),
(1255, 'rare_stand', '0,0,0', 1, 1, 1.9, 'NULL', 'SFC', 'Speaker\'s Corner', 'Stand and Deliver!'),
(1257, 'rare_hammock', '0,0,0', 1, 3, 1.5, 'NULL', 'SFB', 'Hammock', 'Eco bed'),
(1258, 'rare_elephant_statue*1', '*ffffff,*bfbfbf', 1, 1, 1, 'NULL', 'SFH', 'Silver Elephant', 'Say hello to Nelly'),
(1259, 'rare_elephant_statue*2', '*ffffff,*d46b00', 1, 1, 1, 'NULL', 'SFH', 'Bronze Elephant', 'Say hello to Nelly'),
(1260, 'rare_fountain*1', '*ffffff,*ffffff,*ffffff', 1, 1, 1, 'FIREON', 'SFMH', 'Bird Bath (grey)', 'For our feathered friends'),
(1261, 'rare_fountain*2', '*ffffff,*ffffff,*b8cf00', 1, 1, 1, 'FIREON', 'SFMH', 'Bird Bath (green)', 'For our feathered friends'),
(1262, 'rare_fountain*3', '*ffffff,*ffffff,*59cccc', 1, 1, 1, 'FIREON', 'SFMH', 'Bird Bath (blue)', 'For our feathered friends'),
(1263, 'rare_beehive_bulb*1', '*ffffff,*ffffff,*ffffff,*ffffff,*ff4c47,*ffffff', 1, 1, 1, 'SWITCHON', 'SFMH', 'Red Amber Lamp', 'A honey-hued glow'),
(1264, 'rare_beehive_bulb*2', '*ffffff,*ffffff,*ffffff,*ffffff,*ffc307,*ffffff', 1, 1, 1, 'SWITCHON', 'SFMH', 'Yellow Amber Lamp', 'A honey-hued glow'),
(1265, 'rare_xmas_screen', '0,0,0', 2, 1, 1, 'NULL', 'SF', 'Lappland Greetings', 'Ho Ho Ho!'),
(1266, 'rare_parasol*1', '*ffffff,*ffffff,*ffffff,*ffff11', 1, 1, 1, 'SWITCHON', 'SFM', 'Yellow Parasol', 'Block those rays!'),
(1267, 'rare_parasol*2', '*ffffff,*ffffff,*ffffff,*ff8f61', 1, 1, 1, 'SWITCHON', 'SFM', 'Orange Parasol', 'Block those rays!'),
(1268, 'rare_parasol*3', '*ffffff,*ffffff,*ffffff,*d47fff', 1, 1, 1, 'SWITCHON', 'SFM', 'Violet Parasol', 'Block those rays!'),
(1269, 'tree1', '0,0,0', 1, 1, 2, 'SWITCHON', 'SFM', 'Dead tree', 'Dead christmas tree'),
(1270, 'tree2', '0,0,0', 1, 1, 2, 'SWITCHON', 'SFM', 'Old Christmas Tree', 'Old Christmas Tree'),
(1271, 'wcandle', '0,0,0', 1, 1, 0.3, 'SWITCHON', 'SFM', 'White Candle', 'Xmas tea light'),
(1272, 'rcandle', '0,0,0', 1, 1, 0.3, 'SWITCHON', 'SFM', 'Red Candle', 'Xmas tea light'),
(1274, 'house2', '0,0,0', 1, 1, 1, 'NULL', 'SF', 'Gingerbread House', 'Good enough to eat'),
(1276, 'md_sofa', '0,0,0', 2, 1, 1, 'NULL', 'SFC', 'MD Sofa', 'A decent recliner'),
(2597, 'table_plasto_4leg*10', '*ffffff,*ccddff', 2, 2, 1, 'NULL', 'SFH', 'Occasional Table', 'Hip plastic furniture'),
(2595, 'table_plasto_4leg*8', '*ffffff,*c38d1a', 2, 2, 1, 'NULL', 'SFH', 'Occasional Table', 'Hip plastic furniture'),
(2589, 'table_plasto_4leg*1', '*ffffff,*ff1f08', 2, 2, 1, 'NULL', 'SFH', 'Square Dining Table', 'Hip plastic furniture'),
(2588, 'table_plasto_4leg*6', '*ffffff,*3444ff', 2, 2, 1, 'NULL', 'SFH', 'Occasional table Table', 'Hip plastic furniture'),
(2582, 'table_plasto_bigsquare*8', '*ffffff,*c38d1a', 2, 2, 1, 'NULL', 'SFH', 'Square Dining Table', 'Hip plastic furniture'),
(2575, 'table_plasto_round*8', '*ffffff,*c38d1a', 2, 2, 1, 'NULL', 'SFH', 'Round Dining Table', 'Hip plastic furniture'),
(2567, 'table_plasto_round*1', '*ffffff,*ff1f08', 2, 2, 1, 'NULL', 'SFH', 'Round Dining Table', 'Hip plastic furniture'),
(2568, 'table_plasto_round*2', '*ffffff,*99DCCC', 2, 2, 1, 'NULL', 'SFH', 'Round Dining Table', 'Hip plastic furniture'),
(2569, 'table_plasto_round*4', '*ffffff,*ccddff', 2, 2, 1, 'NULL', 'SFH', 'Square Dining Table', 'Hip plastic furniture'),
(2570, 'table_plasto_round*6', '*ffffff,*3444ff', 2, 2, 1, 'NULL', 'SFH', 'Round Dining Table', 'Hip plastic furniture'),
(2571, 'table_plasto_round*3', '*ffffff,*ffee00', 2, 2, 1, 'NULL', 'SFH', 'Round Dining Table', 'Hip plastic furniture?'),
(2572, 'table_plasto_round*9', '*ffffff,*533e10', 2, 2, 1, 'NULL', 'SFH', 'Round Dining Table', 'Hip plastic furniture'),
(2573, 'table_plasto_round', '0,0,0', 2, 2, 1, 'NULL', 'SFH', 'Round Dining Table', 'Hip plastic furniture'),
(2574, 'table_plasto_round*5', '*ffffff,*54ca00', 2, 2, 1, 'NULL', 'SFH', 'Round Dining Table', 'Hip plastic furniture'),
(1294, 'hockey_score', '0,0,0', 1, 1, 2, 'SCORE', 'SFT', 'Scoreboard', '...for keeping your score'),
(1297, 'prizetrophy2*3', '*ffffff,*ffffff,*996600', 1, 1, 2, 'NULL', 'SFY', 'Duck trophy', 'Breathtaking bronze'),
(1298, 'prizetrophy3*3', '*ffffff,*ffffff,*996600', 1, 1, 2, 'NULL', 'SFY', 'Globe trophy', 'Breathtaking bronze'),
(1299, 'prizetrophy4*3', '*ffffff,*ffffff,*996600', 1, 1, 2, 'NULL', 'SFY', 'Fish trophy', 'Breathtaking bronze'),
(1300, 'prizetrophy5*3', '*ffffff,*ffffff,*996600', 1, 1, 2, 'NULL', 'SFY', 'Duo trophy', 'Breathtaking bronze'),
(1301, 'prizetrophy6*3', '*ffffff,*ffffff,*996600', 1, 1, 2, 'NULL', 'SFY', 'Champion trophy', 'Breathtaking bronze'),
(1302, 'prizetrophy*1', '*ffffff,*ffffff,*FFDD3F', 1, 1, 2, 'NULL', 'SFY', 'Classic trophy', 'Glittery gold'),
(1303, 'prizetrophy2*1', '*ffffff,*ffffff,*FFDD3F', 1, 1, 2, 'NULL', 'SFY', 'Duck trophy', 'Glittery gold'),
(1304, 'prizetrophy3*1', '*ffffff,*ffffff,*FFDD3F', 1, 1, 2, 'NULL', 'SFY', 'Globe trophy', 'Glittery gold'),
(1305, 'prizetrophy4*1', '*ffffff,*ffffff,*FFDD3F', 1, 1, 2, 'NULL', 'SFY', 'Fish trophy', 'Glittery gold'),
(1306, 'prizetrophy5*1', '*ffffff,*ffffff,*FFDD3F', 1, 1, 2, 'NULL', 'SFY', 'Duo trophy', 'Glittery gold'),
(1307, 'prizetrophy6*1', '*ffffff,*ffffff,*FFDD3F', 1, 1, 2, 'NULL', 'SFY', 'Champion trophy', 'Glittery gold'),
(1308, 'prizetrophy*2', '*ffffff,*ffffff,*ffffff', 1, 1, 2, 'NULL', 'SFY', 'Classic trophy', 'Shiny silver'),
(1309, 'prizetrophy2*2', '*ffffff,*ffffff,*ffffff', 1, 1, 2, 'NULL', 'SFY', 'Duck trophy', 'Shiny silver'),
(1310, 'prizetrophy3*2', '*ffffff,*ffffff,*ffffff', 1, 1, 2, 'NULL', 'SFY', 'Globe trophy', 'Shiny silver'),
(1311, 'prizetrophy4*2', '*ffffff,*ffffff,*ffffff', 1, 1, 2, 'NULL', 'SFY', 'Fish trophy', 'Shiny silver'),
(1312, 'prizetrophy5*2', '*ffffff,*ffffff,*ffffff', 1, 1, 2, 'NULL', 'SFY', 'Duo trophy', 'Shiny silver'),
(1313, 'prizetrophy6*2', '*ffffff,*ffffff,*ffffff', 1, 1, 2, 'NULL', 'SFY', 'Champion trophy', 'Shiny silver'),
(1314, 'prizetrophy*3', '*ffffff,*ffffff,*996600', 1, 1, 2, 'NULL', 'SFY', 'Classic trophy', 'Breathtaking bronze'),
(1315, 'rare_parasol*0', '*ffffff,*ffffff,*ffffff,*9eff1c', 1, 1, 1, 'SWITCHON', 'SFM', 'Green Parasol', 'Block those rays!'),
(1316, 'hc_lmp', '0,0,0', 1, 1, 1, 'SWITCHON', 'SFM', 'Oil Lamp', 'Be enlightened'),
(1317, 'hc_tbl', '0,0,0', 1, 3, 1, 'NULL', 'SFH', 'Nordic Table', 'Perfect for banquets'),
(1318, 'hc_chr', '0,0,0', 1, 1, 1, 'NULL', 'SFC', 'Majestic Chair', 'Royal comfort'),
(1319, 'hc_dsk', '0,0,0', 1, 2, 1.5, 'SWITCHON', 'SFM', 'Study Desk', 'For Habbo scholars'),
(1320, 'nest', '0,0,0', 1, 1, 0.1, 'NULL', 'SFK', 'Basket', 'Night, night'),
(1338, 'prizetrophy7*3', '*ffffff,*ffffff,*996600', 1, 1, 2, 'NULL', 'SFY', 'Bronze Habbo trophy', 'Bronze Habbo trophy'),
(1339, 'prizetrophy7*1', '*ffffff,*ffffff,*FFDD3F', 1, 1, 2, 'NULL', 'SFY', 'Gold Habbo trophy', 'Gold Habbo trophy'),
(1340, 'prizetrophy7*2', '*ffffff,*ffffff,*ffffff', 1, 1, 2, 'NULL', 'SFY', 'Silver Habbo trophy', 'Silver Habbo trophy'),
(1341, 'scifiport*0', '*ffffff,*dd2d22,*ffffff,*ffffff,*ffffff,*dd2d22', 1, 1, 1, 'STATUS', 'SFGDQ', 'Red Laser Door', 'Energy beams. No trespassers!'),
(1342, 'scifiport*9', '*ffffff,*7733ff,*ffffff,*ffffff,*ffffff,*7733ff', 1, 1, 1, 'STATUS', 'SFGDQ', 'Violet Sci-Fi Port', 'Energy beams. No trespassers!'),
(1343, 'scifiport*8', '*ffffff,*bb55cc,*ffffff,*ffffff,*ffffff,*bb55cc', 1, 1, 1, 'STATUS', 'SFGDQ', 'Purple Sci-Fi Port', 'Energy beams. No trespassers!'),
(1344, 'scifiport*7', '*ffffff,*00cccc,*ffffff,*ffffff,*ffffff,*00cccc', 1, 1, 1, 'STATUS', 'SFGDQ', 'Turquoise Sci-Fi Port', 'Energy beams. No trespassers!'),
(1345, 'scifiport*6', '*ffffff,*ffffff,*ffffff,*ffffff,*ffffff,*ffffff', 1, 1, 1, 'STATUS', 'SFGDQ', 'White Sci-Fi Port', 'Energy beams. No trespassers!'),
(1346, 'scifiport*5', '*ffffff,*555555,*ffffff,*ffffff,*ffffff,*555555', 1, 1, 1, 'STATUS', 'SFGDQ', 'Security Fence', 'Recovered from Roswell'),
(1347, 'scifiport*4', '*ffffff,*ff5577,*ffffff,*ffffff,*ffffff,*ff5577', 1, 1, 1, 'STATUS', 'SFGDQ', 'Pink Sci-Fi Port', 'Energy beams. No trespassers!'),
(1348, 'scifiport*3', '*ffffff,*02bb70,*ffffff,*ffffff,*ffffff,*02bb70', 1, 1, 1, 'STATUS', 'SFGDQ', 'Jade Sci-Fi Port', 'Energy beams. No trespassers!'),
(1349, 'scifiport*2', '*ffffff,*5599ff,*ffffff,*ffffff,*ffffff,*5599ff', 1, 1, 1, 'STATUS', 'SFGDQ', 'Blue Laser Gate', 'Get in the ring!'),
(1350, 'scifiport*1', '*ffffff,*ffbc00,*ffffff,*ffffff,*ffffff,*ffbc00', 1, 1, 1, 'STATUS', 'SFGDQ', 'Gold Laser Gate', 'Energy beams. No trespassers!'),
(1351, 'scifirocket*9', '*ffffff,*ffffff,*7733ff,*ffffff', 1, 1, 1, 'SWITCHON', 'SF', 'Neptune Smoke Machine', 'Something fishy is going on...'),
(1352, 'scifirocket*8', '*ffffff,*ffffff,*bb55cc,*ffffff', 1, 1, 1, 'SWITCHON', 'SF', 'Pluto Smoke Machine', 'From a space far, far away!'),
(1353, 'scifirocket*7', '*ffffff,*ffffff,*00cccc,*ffffff', 1, 1, 1, 'SWITCHON', 'SF', 'Jupiter Smoke Machine', 'Larger than life!'),
(1354, 'scifirocket*6', '*ffffff,*ffffff,*ffffff,*ffffff', 1, 1, 1, 'SWITCHON', 'SF', 'Mercury Smoke Machine', 'Too hot to handle!'),
(1355, 'scifirocket*5', '*ffffff,*ffffff,*555555,*ffffff', 1, 1, 1, 'SWITCHON', 'SF', 'Uranus Smoke Machine', 'From the unknown depths of space'),
(1356, 'scifirocket*4', '*ffffff,*ffffff,*ff5577,*ffffff', 1, 1, 1, 'SWITCHON', 'SF', 'Venus Smoke Machine', 'Welcome... to planet love'),
(1357, 'scifirocket*3', '*ffffff,*ffffff,*02bb70,*ffffff', 1, 1, 1, 'SWITCHON', 'SF', 'Endor Smoke Machine', 'Caution! Unknown Location!'),
(1358, 'scifirocket*2', '*ffffff,*ffffff,*5599ff,*ffffff', 1, 1, 1, 'SWITCHON', 'SF', 'Earth Smoke Machine', 'A little closer to home!'),
(1359, 'scifirocket*1', '*ffffff,*ffffff,*ffbc00,*ffffff', 1, 1, 1, 'SWITCHON', 'SF', 'Saturn Smoke Machine', 'There is always space for this!'),
(1360, 'scifirocket*0', '*ffffff,*ffffff,*dd2d22,*ffffff', 1, 1, 1, 'SWITCHON', 'SF', 'Mars Smoke Machine', 'See in 2007 with a bang!'),
(1371, 'pillow*5', '*494D29,*494D29,*ffffff,*ffffff', 1, 1, 1, 'NULL', 'SFC', 'Black Leather Pillow', 'Puffy, soft and huge'),
(1372, 'pillow*8', '*214E68,*214E68,*ffffff,*ffffff', 1, 1, 1, 'NULL', 'SFC', 'Navy Cord Pillow', 'Puffy, soft and huge'),
(1373, 'pillow*0', '*ffffff,*ffffff,*ffffff,*ffffff', 1, 1, 1, 'NULL', 'SFC', 'White Lace Pillow', 'Minimalist comfort!'),
(1374, 'pillow*1', '*FF8888,*FF8888,*ffffff,*ffffff', 1, 1, 1, 'NULL', 'SFC', 'Pink Fluffy Pillow', 'Puffy, soft and huge'),
(1375, 'pillow*2', '*F00000,*F00000,*ffffff,*ffffff', 1, 1, 1, 'NULL', 'SFC', 'Red Silk Pillow', 'Puffy, soft and huge'),
(1376, 'pillow*7', '*E532CA,*E532CA,*ffffff,*ffffff', 1, 1, 1, 'NULL', 'SFC', 'Purple Velvet Pillow', 'Bonnie\'s pillow of choice!'),
(1377, 'pillow*9', '*B9FF4B,*B9FF4B,*ffffff,*ffffff', 1, 1, 1, 'NULL', 'SFC', 'Green Wooly Pillow', 'Puffy, soft and VERY fluffy!'),
(1378, 'pillow*4', '*FFBD18,*FFBD18,*ffffff,*ffffff', 1, 1, 1, 'NULL', 'SFC', 'Gold Feather Pillow', 'Puffy, soft and huge'),
(1379, 'pillow*6', '*5DAAC9,*5DAAC9,*ffffff,*ffffff', 1, 1, 1, 'NULL', 'SFC', 'Blue Cotton Pillow', 'Puffy, soft and huge'),
(1380, 'pillow*3', '*63C9A0,*63C9A0,*ffffff,*ffffff', 1, 1, 1, 'NULL', 'SFC', 'Turquoise Satin Pillow', 'Puffy, soft and huge'),
(1381, 'marquee*1', '*ffffff,*ffffff,*ffffff,*FF798F', 1, 1, 0.7, 'STATUS', 'SFGDQ', 'Pink marquee', 'It\'s both door and a shade!'),
(1382, 'marquee*2', '*ffffff,*ffffff,*ffffff,*C60000', 1, 1, 0.7, 'STATUS', 'SFGDQ', 'Red Dragon Marquee', 'Dragons out and Davids in!'),
(1383, 'marquee*7', '*ffffff,*ffffff,*ffffff,*D600E2', 1, 1, 0.7, 'STATUS', 'SFGDQ', 'Purple Marquee', 'It\'s both door and a shade!'),
(1384, 'marquee*a', '*ffffff,*ffffff,*ffffff,*ffffff', 1, 1, 0.7, 'STATUS', 'SFGDQ', 'White Marquee', 'It\'s both door and a shade!'),
(1385, 'marquee*8', '*ffffff,*ffffff,*ffffff,*004AA0', 1, 1, 0.7, 'STATUS', 'SFGDQ', 'Ultramarine Marquee', 'It\'s both door and a shade!'),
(1386, 'marquee*9', '*ffffff,*ffffff,*ffffff,*8FD94A', 1, 1, 0.7, 'STATUS', 'SFGDQ', 'Green Marquee', 'It\'s both door and a shade!'),
(1387, 'marquee*5', '*ffffff,*ffffff,*ffffff,*707070', 1, 1, 0.7, 'STATUS', 'SFGDQ', 'Graphite Marquee', 'It\'s both door and a shade!'),
(1388, 'marquee*4', '*ffffff,*ffffff,*ffffff,*F8CD00', 1, 1, 0.7, 'STATUS', 'SFGDQ', 'Yellow Marquee', 'It\'s both door and a shade!'),
(1389, 'marquee*6', '*ffffff,*ffffff,*ffffff,*719EFD', 1, 1, 0.7, 'STATUS', 'SFGDQ', 'Blue Marquee', 'It\'s both door and a shade!'),
(1390, 'marquee*3', '*ffffff,*ffffff,*ffffff,*68DADA', 1, 1, 0.7, 'STATUS', 'SFGDQ', 'Aqua Marquee', 'It\'s both door and a shade!'),
(1391, 'wooden_screen*1', '*ffffff,*ffffff,*FFA795,*FFA795,*ffffff,*ffffff', 1, 2, 1, 'NULL', 'SF', 'Pink Oriental screen', 'Add an exotic touch to your room'),
(1392, 'wooden_screen*2', '*ffffff,*ffffff,*BD0000,*BD0000,*ffffff,*ffffff', 1, 2, 1, 'NULL', 'SF', 'RosewoodScreen', 'Add an exotic touch to your room'),
(1393, 'wooden_screen*7', '*ffffff,*ffffff,*DA2591,*DA2591,*ffffff,*ffffff', 1, 2, 1, 'NULL', 'SF', 'Purple Oriental Screen', 'Add an exotic touch to your room'),
(1394, 'wooden_screen*0', '*ffffff,*ffffff,*ffffff,*ffffff,*ffffff,*ffffff', 1, 2, 1, 'NULL', 'SF', 'White Oriental Screen', 'Add an exotic touch to your room'),
(1395, 'wooden_screen*8', '*ffffff,*ffffff,*004B5E,*004B5E,*ffffff,*ffffff', 1, 2, 1, 'NULL', 'SF', 'Night Blue Oriental Screen', 'Add an exotic touch to your room'),
(1396, 'wooden_screen*5', '*ffffff,*ffffff,*778B61,*778B61,*ffffff,*ffffff', 1, 2, 1, 'NULL', 'SF', 'Gray Oriental Screen', 'Add an exotic touch to your room'),
(1397, 'wooden_screen*9', '*ffffff,*ffffff,*A0BE1F,*A0BE1F,*ffffff,*ffffff', 1, 2, 1, 'NULL', 'SF', 'Green Oriental Screen', 'Add an exotic touch to your room'),
(1398, 'wooden_screen*4', '*ffffff,*ffffff,*F7B800,*F7B800,*ffffff,*ffffff', 1, 2, 1, 'NULL', 'SF', 'Golden Oriental Screen', 'Add an exotic touch to your room'),
(1399, 'wooden_screen*6', '*ffffff,*ffffff,*72B6D1,*72B6D1,*ffffff,*ffffff', 1, 2, 1, 'NULL', 'SF', 'Blue Oriental Screen', 'Add an exotic touch to your room'),
(1400, 'wooden_screen*3', '*ffffff,*ffffff,*79E4B3,*79E4B3,*ffffff,*ffffff', 1, 2, 1, 'NULL', 'SF', 'Aqua Oriental Screen', 'Add an exotic touch to your room'),
(1401, 'pillar*6', '*ffffff,*962725,*962725', 1, 1, 3.5, 'NULL', 'SFH', 'Terracotta Pillar', 'Ancient and stately'),
(1402, 'pillar*1', '*ffffff,*FFD0D2,*FFD0D2', 1, 1, 3.5, 'NULL', 'SFH', 'Pink Marble Pillar', 'Ancient and stately'),
(1403, 'pillar*9', '*ffffff,*B2A69D,*B2A69D', 1, 1, 3.5, 'NULL', 'SFH', 'Rock Pillar', 'Ancient and stately'),
(1404, 'pillar*0', '*ffffff,*ffffff,*ffffff', 1, 1, 3.5, 'NULL', 'SFH', 'Greek Pillar', 'Classy architect, for holding up ceilings!'),
(1405, 'pillar*8', '*ffffff,*9A924B,*9A924B', 1, 1, 3.5, 'NULL', 'SFH', 'Roman Pillar', 'All roads lead to Rome'),
(1406, 'pillar*2', '*ffffff,*7B5922,*7B5922', 1, 1, 3.5, 'NULL', 'SFH', 'Nordic Pillar', 'Ancient and stately'),
(1407, 'pillar*5', '*ffffff,*CEDD65,*CEDD65', 1, 1, 3.5, 'NULL', 'SFH', 'Pagan Pillar', 'Find your natural roots'),
(1408, 'pillar*4', '*ffffff,*71797C,*71797C', 1, 1, 3.5, 'NULL', 'SFH', 'Dark Ages Pillar', 'From the time of the Kick Warz'),
(1409, 'pillar*7', '*ffffff,*E6D000,*E6D000', 1, 1, 3.5, 'NULL', 'SFH', 'Atlantean Pillar', 'Recovered from Habblantis'),
(1410, 'pillar*3', '*ffffff,*BDCDEA,*BDCDEA', 1, 1, 3.5, 'NULL', 'SFH', 'blue pillar', 'Ancient and stately'),
(1411, 'rare_dragonlamp*4', '*ffffff,*3e3d40,*3e3d40,0,0,0,0', 1, 1, 1, 'SWITCHON', 'SFM', 'Serpent of Doom', 'Scary and scorching!'),
(1412, 'rare_dragonlamp*0', '*ffffff,*fa2d00,*fa2d00,0,0,0,0', 1, 1, 1, 'SWITCHON', 'SFM', 'Fire Dragon Lamp', 'George and the...'),
(1413, 'rare_dragonlamp*5', '*ffffff,*589a03,*589a03,0,0,0,0', 1, 1, 1, 'SWITCHON', 'SFM', 'Elf Green Dragon Lamp', 'Roast your chestnuts here!'),
(1414, 'rare_dragonlamp*2', '*ffffff,*02bb70,*02bb70,0,0,0,0', 1, 1, 1, 'SWITCHON', 'SFM', 'Jade Dragon Lamp', 'Oriental beast of legends'),
(1415, 'rare_dragonlamp*8', '*ffffff,*ff5f01,*ff5f01,0,0,0,0', 1, 1, 1, 'SWITCHON', 'SFM', 'Bronze Dragon Lamp', 'Scary and scorching!'),
(1416, 'rare_dragonlamp*9', '*FFFFFF,*B357FF,*B357FF,0,0,0,0', 1, 1, 1, 'SWITCHON', 'SFM', 'Purple Dragon Lamp', 'Scary and scorching!'),
(1417, 'rare_dragonlamp*7', '*ffffff,*83aeff,*83aeff,0,0,0,0', 1, 1, 1, 'SWITCHON', 'SFM', 'Sky Dragon Lamp', 'Scary and scorching!'),
(1418, 'rare_dragonlamp*6', '*ffffff,*ffbc00,*ffbc00,0,0,0,0', 1, 1, 1, 'SWITCHON', 'SFM', 'Gold Dragon Lamp', 'Scary and scorching!'),
(1419, 'rare_dragonlamp*1', '*ffffff,*3470ff,*3470ff,0,0,0,0', 1, 1, 1, 'SWITCHON', 'SFM', 'Sea Dragon Lamp', 'Out of the deep blue!'),
(1420, 'rare_dragonlamp*3', '*ffffff,*ffffff,*ffffff,0,0,0,0', 1, 1, 1, 'SWITCHON', 'SFM', 'Silver Dragon Lamp', 'Scary and scorching!'),
(1421, 'rare_icecream*1', '*FFFFFF,*3C75FF,0,0,0', 1, 1, 1, 'DOOROPEN', 'SFT', 'Blueberry Ice Cream Machine', 'Virtual blueberry rocks!'),
(1422, 'rare_icecream*7', '*FFFFFF,*97420C,0,0,0', 1, 1, 1, 'DOOROPEN', 'SFT', 'Chocolate Ice Cream Machine', 'Virtual chocolate rocks!'),
(1423, 'rare_icecream*8', '*FFFFFF,*00E5E2,0,0,0', 1, 1, 1, 'DOOROPEN', 'SFT', 'Peppermint Ice Cream Machine', 'Virtual peppermint rocks!'),
(1424, 'rare_icecream*2', '*FFFFFF,*55CD01,0,0,0', 1, 1, 1, 'DOOROPEN', 'SFT', 'Pistachio Ice Cream Machine', 'Virtual pistachio rocks!'),
(1425, 'rare_icecream*6', '*FFFFFF,*FF8000,0,0,0', 1, 1, 1, 'DOOROPEN', 'SFT', 'Toffee Ice Cream Machine', 'Virtual toffee rocks!'),
(1426, 'rare_icecream*9', '*FFFFFF,*FF60B0,0,0,0', 1, 1, 1, 'DOOROPEN', 'SFT', 'Bubblegum Ice Cream Machine', 'Virtual bubblegum rocks!'),
(1427, 'rare_icecream*3', '*FFFFFF,*C05DFF,0,0,0', 1, 1, 1, 'DOOROPEN', 'SFT', 'Blackcurrant Ice Cream Machine', 'Virtual blackcurrant rocks!'),
(1428, 'rare_icecream*0', '*FFFFFF,*F43100,0,0,0', 1, 1, 1, 'DOOROPEN', 'SFT', 'Cherry Ice Cream Machine', 'Virtual cherry rocks!'),
(1429, 'rare_icecream*4', '*FFFFFF,*FF9898,0,0,0', 1, 1, 1, 'DOOROPEN', 'SFT', 'Strawberry Ice Cream Machine', 'Virtual strawberry rocks!'),
(1430, 'rare_icecream*5', '*FFFFFF,*E1CC00,0,0,0', 1, 1, 1, 'DOOROPEN', 'SFT', 'Vanilla Ice Cream Machine', 'Virtual vanilla rocks!'),
(1431, 'rare_fan*7', '*97420C,0,0,0', 1, 1, 1, 'SWITCHON', 'SFM', 'Brown Powered Fan', '...it\'s really hit the fan!'),
(1432, 'rare_fan*6', '*FF8000,0,0,0', 1, 1, 1, 'SWITCHON', 'SFM', 'Ochre Powered Fan', 'It\'ll blow you away!'),
(1433, 'rare_fan*9', '*FF60B0,0,0,0', 1, 1, 1, 'SWITCHON', 'SFM', 'Fucsia Powered Fan', 'It\'ll blow you away!'),
(1434, 'rare_fan*3', '*C05DFF,0,0,0', 1, 1, 1, 'SWITCHON', 'SFM', 'Purple Dragon Skin Fan', 'Keeps the heat off St George!'),
(1435, 'rare_fan*0', '*F43100,0,0,0', 1, 1, 1, 'SWITCHON', 'SFM', 'Festive Fan', 'As red as Rudolph\'s nose'),
(1436, 'rare_fan*4', '*FF9898,0,0,0', 1, 1, 1, 'SWITCHON', 'SFM', 'SUPERLOVE Fan', 'Fanning the fires of SUPERLOVE...'),
(1437, 'rare_fan*5', '*E1CC00,0,0,0', 1, 1, 1, 'SWITCHON', 'SFM', 'Yellow Powered Fan', 'It\'ll blow you away!'),
(1438, 'rare_fan*1', '*3C75FF,0,0,0', 1, 1, 1, 'SWITCHON', 'SFM', 'Blue Powered Fan', 'It\'ll blow you away!'),
(1439, 'rare_fan*8', '*00E5E2,0,0,0', 1, 1, 1, 'SWITCHON', 'SFM', 'Habbo Wind Turbine', 'Stylish, Eco-Energy!'),
(1440, 'rare_fan*2', '*55CD01,0,0,0', 1, 1, 1, 'SWITCHON', 'SFM', 'Green Powered Fan', 'It\'ll blow you away!'),
(1451, 'ticket', '0,0,0', 1, 1, 0.01, 'NULL', 'SF', 'Small Ticket Bundle', 'A bundle of 5 gaming tickets'),
(1453, 'cn_lamp', '0,0,0', 1, 1, 1, 'SWITCHON', 'SFM', 'Lantern', 'Light of the East'),
(1454, 'cn_sofa', '0,0,0', 3, 1, 1, 'NULL', 'SFC', 'Chinese Sofa', 'Seating,Oriental style!'),
(1455, 'sporttrack1*1', '*ffffff,*e4592d,*ffffff', 2, 2, 0.01, 'NULL', 'SFKH', 'Sport track straight', 'null'),
(1456, 'sporttrack1*3', '*ffffff,*5cb800,*ffffff', 2, 2, 0.01, 'NULL', 'SFKH', 'Sport track straight grass', 'null'),
(1457, 'sporttrack1*2', '*ffffff,*62818b,*ffffff', 2, 2, 0.01, 'NULL', 'SFKH', 'Sport track straight asphalt', 'null'),
(1458, 'sporttrack2*1', '*ffffff,*e4592d,*ffffff', 2, 2, 0.01, 'NULL', 'SFKH', 'Sport corner tartan', 'null'),
(1459, 'sporttrack2*2', '*ffffff,*62818b,*ffffff', 2, 2, 0.01, 'NULL', 'SFKH', 'Sport corner asphalt', 'null'),
(1460, 'sporttrack2*3', '*ffffff,*5cb800,*ffffff', 2, 2, 0.01, 'NULL', 'SFKH', 'Sport corner grass', 'null'),
(1461, 'sporttrack3*1', '*ffffff,*e4592d,*ffffff', 2, 2, 0.01, 'NULL', 'SFKH', 'Sport goal tartan', 'null'),
(1462, 'sporttrack3*2', '*ffffff,*62818b,*ffffff', 2, 2, 0.01, 'NULL', 'SFKH', 'Sport goal asphalt', 'null'),
(1463, 'sporttrack3*3', '*ffffff,*5cb800,*ffffff', 2, 2, 0.01, 'NULL', 'SFKH', 'Sport goal grass', 'null'),
(1464, 'footylamp', '0,0,0', 1, 1, 1, 'SWITCHON', 'SFM', 'Football Lamp', 'Can you kick it?'),
(1466, 'divider_nor4*4', '*ffffff,*ffffff,*ABD0D2,*ABD0D2,*ABD0D2,*ABD0D2', 2, 1, 2, 'STATUS', 'SFGDQ', 'Urban Iced Shutter', 'Habbos, roll out!'),
(1467, 'traffic_light*1', '*ffffff,*47738B,*ffffff', 1, 1, 1.5, 'NULL', 'SFT', 'Classic Traffic Light', 'Chill and wait your turn!'),
(1468, 'traffic_light*2', '*ffffff,*2B95E5,*ffffff', 1, 1, 1.5, 'NULL', 'SFT', 'Blue Traffic Light', 'Chill and wait your turn!'),
(1469, 'traffic_light*3', '*ffffff,*E0337A,*ffffff', 1, 1, 1.5, 'NULL', 'SFT', 'Purple Traffic Light', 'Chill and wait your turn!'),
(1470, 'traffic_light*4', '*ffffff,*FFDD24,*ffffff', 1, 1, 1.5, 'NULL', 'SFT', 'Yellow Traffic Light', 'Chill and wait your turn!'),
(1471, 'traffic_light*6', '*ffffff,*EF1D1D,*ffffff', 1, 1, 1.5, 'NULL', 'SFT', 'Red Traffic Light', 'Chill and wait your turn!'),
(1472, 'rubberchair*1', '*4193D6,*ffffff,*ffffff,*ffffff,*ffffff', 1, 1, 1, 'NULL', 'SFC', 'Blue Inflatable Chair', 'Soft and stylish HC chair'),
(1473, 'rubberchair*2', '*F24570,*ffffff,*ffffff,*ffffff,*ffffff', 1, 1, 1, 'NULL', 'SFC', 'Pink Inflatable Chair', 'Soft and tearproof!'),
(1474, 'rubberchair*3', '*F06E3B,*ffffff,*ffffff,*ffffff,*ffffff', 1, 1, 1, 'NULL', 'SFC', 'Orange Inflatable Chair', 'Soft and tearproof!'),
(1475, 'rubberchair*4', '*53C7D5,*ffffff,*ffffff,*ffffff,*ffffff', 1, 1, 1, 'NULL', 'SFC', 'Ocean Inflatable Chair', 'Soft and tearproof!'),
(1476, 'rubberchair*5', '*CBE42D,*ffffff,*ffffff,*ffffff,*ffffff', 1, 1, 1, 'NULL', 'SFC', 'Lime Inflatable Chair', 'Soft and tearproof!'),
(1477, 'rubberchair*6', '*DE4FAE,*ffffff,*ffffff,*ffffff,*ffffff', 1, 1, 1, 'NULL', 'SFC', 'Violet Inflatable Chair', 'Soft and tearproof!'),
(1481, 'rubberchair*7', '*FFFFFF,*ffffff,*ffffff,*ffffff,*ffffff', 1, 1, 1, 'NULL', 'SFC', 'White Inflatable Chair', 'Soft and tearproof!'),
(1482, 'rubberchair*8', '*444444,*ffffff,*ffffff,*ffffff,*ffffff', 1, 1, 1, 'NULL', 'SFC', 'Black Inflatable Chair', 'Soft and tearproof for HC!'),
(1483, 'table_norja_med*2', '*ffffff,*525252', 2, 2, 1, 'NULL', 'SFH', 'Large Coffee Table Black', 'For larger gatherings'),
(1484, 'table_norja_med*3', '*ffffff,*FFFFFF', 2, 2, 1, 'NULL', 'SFH', 'White Iced Table', 'For larger gatherings'),
(1485, 'table_norja_med*4', '*ffffff,*ABD0D2', 2, 2, 1, 'NULL', 'SFH', 'Urban Iced Coffee Table', 'For larger gatherings'),
(1486, 'table_norja_med*5', '*ffffff,*EE7EA4', 2, 2, 1, 'NULL', 'SFH', 'Large Coffee Table Pink', 'For larger gatherings'),
(1487, 'table_norja_med*6', '*ffffff,*5EAAF8', 2, 2, 1, 'NULL', 'SFH', 'Large Coffee Table Blue', 'For larger gatherings'),
(1488, 'table_norja_med*7', '*ffffff,*7CB135', 2, 2, 1, 'NULL', 'SFH', 'Rural Iced Coffee Table', 'For larger gatherings'),
(1489, 'table_norja_med*8', '*ffffff,*FFD837', 2, 2, 1, 'NULL', 'SFH', 'Large Coffee Table Yellow', 'For larger gatherings'),
(1490, 'table_norja_med*9', '*ffffff,*E14218', 2, 2, 1, 'NULL', 'SFH', 'Large Coffee Table Red', 'For larger gatherings'),
(1491, 'couch_norja*2', '*ffffff,*ffffff,*ffffff,*ffffff,*525252,*525252,*525252,*525252', 2, 1, 1, 'NULL', 'SFC', 'Black Bench', 'Two can perch comfortably'),
(1492, 'couch_norja*3', '*ffffff,*ffffff,*ffffff,*ffffff,*ffffff,*ffffff,*ffffff,*ffffff', 2, 1, 1, 'NULL', 'SFC', 'White Iced Bench', 'Two can perch comfortably'),
(1493, 'couch_norja*4', '*ffffff,*ffffff,*ffffff,*ffffff,*ABD0D2,*ABD0D2,*ABD0D2,*ABD0D2', 2, 1, 1, 'NULL', 'SFC', 'Urban Iced Bench', 'Two can perch comfortably'),
(1494, 'couch_norja*5', '*ffffff,*ffffff,*ffffff,*ffffff,*EE7EA4,*EE7EA4,*EE7EA4,*EE7EA4', 2, 1, 1, 'NULL', 'SFC', 'Pink Bench', 'Two can perch comfortably'),
(1495, 'couch_norja*6', '*ffffff,*ffffff,*ffffff,*ffffff,*5EAAF8,*5EAAF8,*5EAAF8,*5EAAF8', 2, 1, 1, 'NULL', 'SFC', 'Blue Bench', 'Two can perch comfortably'),
(1496, 'couch_norja*7', '*ffffff,*ffffff,*ffffff,*ffffff,*7CB135,*7CB135,*7CB135,*7CB135', 2, 1, 1, 'NULL', 'SFC', 'Rural Iced Bench', 'Two can perch comfortably'),
(1497, 'couch_norja*8', '*ffffff,*ffffff,*ffffff,*ffffff,*FFD837,*FFD837,*FFD837,*FFD837', 2, 1, 1, 'NULL', 'SFC', 'Yellow Bench', 'Two can perch comfortably'),
(1498, 'couch_norja*9', '*ffffff,*ffffff,*ffffff,*ffffff,*E14218,*E14218,*E14218,*E14218', 2, 1, 1, 'NULL', 'SFC', 'Red Bench', 'Two can perch comfortably'),
(1499, 'shelves_norja*2', '*ffffff,*525252', 1, 1, 2, 'NULL', 'SF', 'Black Bookcase', 'For nic naks and art deco books'),
(1500, 'shelves_norja*3', '*ffffff,*ffffff', 1, 1, 2, 'NULL', 'SF', 'White Iced Bookcase', 'For nic naks and art deco books'),
(1501, 'shelves_norja*4', '*ffffff,*ABD0D2', 1, 1, 2, 'NULL', 'SF', 'Urban Iced Bookcase', 'For nic naks and tech books'),
(1502, 'shelves_norja*5', '*ffffff,*EE7EA4', 1, 1, 2, 'NULL', 'SF', 'Pink Bookcase', 'For nic naks and art deco books'),
(1503, 'shelves_norja*6', '*ffffff,*5EAAF8', 1, 1, 2, 'NULL', 'SF', 'Blue Bookcase', 'For nic naks and art deco books'),
(1504, 'shelves_norja*7', '*ffffff,*7CB135', 1, 1, 2, 'NULL', 'SF', 'Rural Iced Bookcase', 'For nic naks and cookery books'),
(1505, 'shelves_norja*8', '*ffffff,*FFD837', 1, 1, 2, 'NULL', 'SF', 'Yellow Bookcase', 'For nic naks and art deco books'),
(1506, 'shelves_norja*9', '*ffffff,*E14218', 1, 1, 2, 'NULL', 'SF', 'Red Bookcase', 'For nic naks and art deco books'),
(1507, 'chair_norja*2', '*ffffff,*ffffff,*525252,*525252', 1, 1, 1, 'NULL', 'SFC', 'Black Chair', 'Sleek and chic for each cheek'),
(1508, 'chair_norja*3', '*ffffff,*ffffff,*ffffff,*ffffff', 1, 1, 1, 'NULL', 'SFC', 'White Iced Chair', 'Sleek and chic for each cheek'),
(1509, 'chair_norja*4', '*ffffff,*ffffff,*ABD0D2,*ABD0D2', 1, 1, 1, 'NULL', 'SFC', 'Urban Iced Chair', 'Sleek and chic for each cheek'),
(1510, 'chair_norja*5', '*ffffff,*ffffff,*EE7EA4,*EE7EA4', 1, 1, 1, 'NULL', 'SFC', 'Pink Chair', 'Sleek and chic for each cheek'),
(1511, 'chair_norja*6', '*ffffff,*ffffff,*5EAAF8,*5EAAF8', 1, 1, 1, 'NULL', 'SFC', 'Blue Chair', 'Sleek and chic for each cheek'),
(1512, 'chair_norja*7', '*ffffff,*ffffff,*7CB135,*7CB135', 1, 1, 1, 'NULL', 'SFC', 'Rural Chair', 'Sleek and chic for each cheek'),
(1513, 'chair_norja*8', '*ffffff,*ffffff,*FFD837,*FFD837', 1, 1, 1, 'NULL', 'SFC', 'Yellow Chair', 'Sleek and chic for each cheek'),
(1514, 'chair_norja*9', '*ffffff,*ffffff,*E14218,*E14218', 1, 1, 1, 'NULL', 'SFC', 'Red Chair', 'Sleek and chic for each cheek'),
(1515, 'divider_nor1*2', '*ffffff,*525252', 1, 1, 1, 'NULL', 'SF', 'Black Ice corner', 'Black Ice corner'),
(1516, 'divider_nor1*3', '*ffffff,*ffffff', 1, 1, 1, 'NULL', 'SF', 'White Iced Corner', 'Looks squishy, but isn\'t!'),
(1517, 'divider_nor1*4', '*ffffff,*ABD0D2', 1, 1, 1, 'NULL', 'SF', 'Urban Iced Corner', 'The missing piece'),
(1518, 'divider_nor1*5', '*ffffff,*EE7EA4', 1, 1, 1, 'NULL', 'SF', 'Pink Ice corner', 'Pink Ice corner'),
(1519, 'divider_nor1*6', '*ffffff,*5EAAF8', 1, 1, 1, 'NULL', 'SF', 'Blue Ice corner', 'Blue Ice corner'),
(1520, 'divider_nor1*7', '*ffffff,*7CB135', 1, 1, 1, 'NULL', 'SF', 'Rural Iced Corner', 'The missing piece'),
(1521, 'divider_nor1*8', '*ffffff,*FFD837', 1, 1, 1, 'NULL', 'SF', 'Yellow Ice corner', 'Yellow Ice corner'),
(1522, 'divider_nor1*9', '*ffffff,*E14218', 1, 1, 1, 'NULL', 'SF', 'Red Ice corner', 'Red Ice corner'),
(1523, 'soft_sofa_norja*2', '*ffffff,*525252,*ffffff,*525252,*525252,*525252', 2, 1, 1, 'NULL', 'SFC', 'Black Iced Sofa', 'Black Iced Sofa'),
(1524, 'soft_sofa_norja*3', '*ffffff,*ffffff,*ffffff,*ffffff,*ffffff,*ffffff', 2, 1, 1, 'NULL', 'SFC', 'White Iced Sofa', 'Pristine white, keep it clean!'),
(1525, 'soft_sofa_norja*4', '*ffffff,*ABD0D2,*ffffff,*ABD0D2,*ABD0D2,*ABD0D2', 2, 1, 1, 'NULL', 'SFC', 'Urban Iced Sofa', 'Sit back and relax'),
(1526, 'soft_sofa_norja*5', '*ffffff,*EE7EA4,*ffffff,*EE7EA4,*EE7EA4,*EE7EA4', 2, 1, 1, 'NULL', 'SFC', 'Pink Iced Sofa', 'Pink Iced Sofa'),
(1527, 'soft_sofa_norja*6', '*ffffff,*5EAAF8,*ffffff,*5EAAF8,*5EAAF8,*5EAAF8', 2, 1, 1, 'NULL', 'SFC', 'Blue Iced Sofa', 'Blue Iced Sofa'),
(1528, 'soft_sofa_norja*7', '*ffffff,*7CB135,*ffffff,*7CB135,*7CB135,*7CB135', 2, 1, 1, 'NULL', 'SFC', 'Rural Iced Sofa', 'Sit back and relax'),
(1529, 'soft_sofa_norja*8', '*ffffff,*FFD837,*ffffff,*FFD837,*FFD837,*FFD837', 2, 1, 1, 'NULL', 'SFC', 'Yellow Iced Sofa', 'Yellow Iced Sofa'),
(1530, 'soft_sofa_norja*9', '*ffffff,*E14218,*ffffff,*E14218,*E14218,*E14218', 2, 1, 1, 'NULL', 'SFC', 'Red Iced Sofa', 'Red Iced Sofa'),
(1531, 'soft_sofachair_norja*2', '*ffffff,*525252,*525252', 1, 1, 1, 'NULL', 'SFC', 'Black Iced Sofachair', 'Black Iced Sofachair'),
(1532, 'soft_sofachair_norja*3', '*ffffff,*ffffff,*ffffff', 1, 1, 1, 'NULL', 'SFC', 'White Iced Sofachair', 'Soft Iced sofachair'),
(1533, 'soft_sofachair_norja*4', '*ffffff,*ABD0D2,*ABD0D2', 1, 1, 1, 'NULL', 'SFC', 'Urban Iced Sofachair', 'Sit back and relax');
INSERT INTO `item_definitions` (`id`, `sprite`, `color`, `length`, `width`, `height`, `dataclass`, `behaviour`, `name`, `description`) VALUES
(1534, 'soft_sofachair_norja*5', '*ffffff,*EE7EA4,*EE7EA4', 1, 1, 1, 'NULL', 'SFC', 'Pink Iced Sofachair', 'Pink Iced Sofachair'),
(1535, 'soft_sofachair_norja*6', '*ffffff,*5EAAF8,*5EAAF8', 1, 1, 1, 'NULL', 'SFC', 'Blue Iced Sofachair', 'Blue Iced Sofachair'),
(1536, 'soft_sofachair_norja*7', '*ffffff,*7CB135,*7CB135', 1, 1, 1, 'NULL', 'SFC', 'Rural Iced Sofachair', 'Sit back and relax'),
(1537, 'soft_sofachair_norja*8', '*ffffff,*FFD837,*FFD837', 1, 1, 1, 'NULL', 'SFC', 'Yellow Iced Sofachair', 'Yellow Iced Sofachair'),
(1538, 'soft_sofachair_norja*9', '*ffffff,*E14218,*E14218', 1, 1, 1, 'NULL', 'SFC', 'Red Iced Sofachair', 'Red Iced Sofachair'),
(1539, 'sofachair_silo*2', '*ffffff,*ffffff,*525252,*525252', 1, 1, 1, 'NULL', 'SFC', 'Black Armchair', 'Large, but worth it'),
(1540, 'sofachair_silo*3', '*ffffff,*ffffff,*ffffff,*ffffff', 1, 1, 1, 'NULL', 'SFC', 'White Armchair', 'Large, but worth it'),
(1541, 'sofachair_silo*4', '*ffffff,*ffffff,*F7EBBC,*F7EBBC', 1, 1, 1, 'NULL', 'SFC', 'Beige Area Armchair', 'Beige Area Armchair'),
(1542, 'sofachair_silo*5', '*ffffff,*ffffff,*EE7EA4,*EE7EA4', 1, 1, 1, 'NULL', 'SFC', 'Pink Area Armchair', 'Pink Area Armchair'),
(1543, 'sofachair_silo*6', '*ffffff,*ffffff,*5EAAF8,*5EAAF8', 1, 1, 1, 'NULL', 'SFC', 'Blue Area Armchair', 'Sit back and relax!'),
(1544, 'sofachair_silo*7', '*ffffff,*ffffff,*7CB135,*7CB135', 1, 1, 1, 'NULL', 'SFC', 'Green Area Armchair', 'Sit back and relax!'),
(1545, 'sofachair_silo*8', '*ffffff,*ffffff,*FFD837,*FFD837', 1, 1, 1, 'NULL', 'SFC', 'Yellow Armchair', 'Large, but worth it'),
(1546, 'sofachair_silo*9', '*ffffff,*ffffff,*E14218,*E14218', 1, 1, 1, 'NULL', 'SFC', 'Red Area Armchair', 'Red Area Armchair'),
(1547, 'table_silo_small*2', '*ffffff,*525252', 1, 1, 1, 'NULL', 'SFH', 'Black Occasional Table', 'For those random moments'),
(1548, 'table_silo_small*3', '*ffffff,*ffffff', 1, 1, 1, 'NULL', 'SFH', 'White Occasional Table', 'For those random moments'),
(1549, 'table_silo_small*4', '*ffffff,*F7EBBC', 1, 1, 1, 'NULL', 'SFH', 'Beige Area Occasional Table', 'Beige Area Occasional Table'),
(1550, 'table_silo_small*5', '*ffffff,*EE7EA4', 1, 1, 1, 'NULL', 'SFH', 'Pink Area Occasional Table', 'Pink Area Occasional Table'),
(1551, 'table_silo_small*6', '*ffffff,*5EAAF8', 1, 1, 1, 'NULL', 'SFH', 'Blue Area Occasional Table', 'Small and elegant'),
(1552, 'table_silo_small*7', '*ffffff,*7CB135', 1, 1, 1, 'NULL', 'SFH', 'Green Area Occasional Table', 'Small and elegant'),
(1553, 'table_silo_small*8', '*ffffff,*FFD837', 1, 1, 1, 'NULL', 'SFH', 'Yellow Occasional Table', 'For those random moments'),
(1554, 'table_silo_small*9', '*ffffff,*E14218', 1, 1, 1, 'NULL', 'SFH', 'Red Area Occasional Table', 'Red Area Occasional Table'),
(1555, 'divider_silo1*2', '*ffffff,*525252', 1, 1, 1, 'NULL', 'SFH', 'Black Corner Shelf', 'Neat and natty'),
(1556, 'divider_silo1*3', '*ffffff,*ffffff', 1, 1, 1, 'NULL', 'SFH', 'White Corner Shelf', 'Neat and natty'),
(1557, 'divider_silo1*4', '*ffffff,*F7EBBC', 1, 1, 1, 'NULL', 'SFH', 'Beige Area Corner Shelf', 'Beige Area Corner Shelf'),
(1558, 'divider_silo1*5', '*ffffff,*EE7EA4', 1, 1, 1, 'NULL', 'SFH', 'Pink Area Corner Shelf', 'Pink Area Corner Shelf'),
(1559, 'divider_silo1*6', '*ffffff,*5EAAF8', 1, 1, 1, 'NULL', 'SFH', 'Blue Area Corner Shelf', 'Tuck it away!'),
(1560, 'divider_silo1*7', '*ffffff,*7CB135', 1, 1, 1, 'NULL', 'SFH', 'Green Area Corner Shelf', 'Tuck it away!'),
(1561, 'divider_silo1*8', '*ffffff,*FFD837', 1, 1, 1, 'NULL', 'SFH', 'Yellow Corner Shelf', 'Neat and natty'),
(1562, 'divider_silo1*9', '*ffffff,*E14218', 1, 1, 1, 'NULL', 'SFH', 'Red Area Small Table', 'Red Area Small Table'),
(1563, 'divider_silo3*2', '*ffffff,*ffffff,*ffffff,*525252', 1, 1, 1, 'STATUS', 'SFGDQ', 'Black Area Gate', 'Form following function'),
(1564, 'divider_silo3*3', '*ffffff,*ffffff,*ffffff,*ffffff', 1, 1, 1, 'STATUS', 'SFGDQ', 'White Area Gate', 'Form following function'),
(1565, 'divider_silo3*4', '*ffffff,*ffffff,*ffffff,*F7EBBC', 1, 1, 1, 'STATUS', 'SFGDQ', 'Beige Area Gate', 'Beige Area Gate'),
(1566, 'divider_silo3*5', '*ffffff,*ffffff,*ffffff,*EE7EA4', 1, 1, 1, 'STATUS', 'SFGDQ', 'Pink Area Gate', 'Pink Area Gate'),
(1567, 'divider_silo3*6', '*ffffff,*ffffff,*ffffff,*5EAAF8', 1, 1, 1, 'STATUS', 'SFGDQ', 'Blue Area Gate', 'Door (lockable)'),
(1568, 'divider_silo3*7', '*ffffff,*ffffff,*ffffff,*7CB135', 1, 1, 1, 'STATUS', 'SFGDQ', 'Green Area Gate', 'Door (lockable)'),
(1569, 'divider_silo3*8', '*ffffff,*ffffff,*ffffff,*FFD837', 1, 1, 1, 'STATUS', 'SFGDQ', 'Yellow Area Gate', 'Form following function'),
(1570, 'divider_silo3*9', '*ffffff,*ffffff,*ffffff,*E14218', 1, 1, 1, 'STATUS', 'SFGDQ', 'Red Area Gate', 'Red Area Gate'),
(1571, 'table_silo_med*2', '*ffffff,*525252', 2, 2, 1, 'NULL', 'SFH', 'Black Coffee Table', 'Wipe clean and unobtrusive'),
(1572, 'table_silo_med*3', '*ffffff,*ffffff', 2, 2, 1, 'NULL', 'SFH', 'White Coffee Table', 'Wipe clean and unobtrusive'),
(1573, 'table_silo_med*4', '*ffffff,*F7EBBC', 2, 2, 1, 'NULL', 'SFH', 'Beige Area Coffee Table', 'Beige Area Coffee Table'),
(1574, 'table_silo_med*5', '*ffffff,*EE7EA4', 2, 2, 1, 'NULL', 'SFH', 'Pink Area Coffee Table', 'Pink Area Coffee Table'),
(1575, 'table_silo_med*6', '*ffffff,*5EAAF8', 2, 2, 1, 'NULL', 'SFH', 'Blue Area Coffee Table', 'Gather everyone round'),
(1576, 'table_silo_med*7', '*ffffff,*7CB135', 2, 2, 1, 'NULL', 'SFH', 'Green Area Coffee Table', 'Gather everyone round'),
(1577, 'table_silo_med*8', '*ffffff,*FFD837', 2, 2, 1, 'NULL', 'SFH', 'Yellow Coffee Table', 'Wipe clean and unobtrusive'),
(1578, 'table_silo_med*9', '*ffffff,*E14218', 2, 2, 1, 'NULL', 'SFH', 'Red Area Coffee Table', 'Red Area Coffee Table'),
(1579, 'sofa_silo*2', '*ffffff,*ffffff,*ffffff,*ffffff,*525252,*525252,*525252,*525252', 2, 1, 1, 'NULL', 'SFC', 'Black Two-Seater Sofa', 'Cushioned, understated comfort'),
(1580, 'sofa_silo*3', '*ffffff,*ffffff,*ffffff,*ffffff,*ffffff,*ffffff,*ffffff,*ffffff', 2, 1, 1, 'NULL', 'SFC', 'White Two-Seater Sofa', 'Cushioned, understated comfort'),
(1581, 'sofa_silo*4', '*ffffff,*ffffff,*ffffff,*ffffff,*F7EBBC,*F7EBBC,*F7EBBC,*F7EBBC', 2, 1, 1, 'NULL', 'SFC', 'Beige Area Sofa', 'Beige Area Sofa'),
(1582, 'sofa_silo*5', '*ffffff,*ffffff,*ffffff,*ffffff,*EE7EA4,*EE7EA4,*EE7EA4,*EE7EA4', 2, 1, 1, 'NULL', 'SFC', 'Pink Area Sofa', 'Pink Area Sofa'),
(1583, 'sofa_silo*6', '*ffffff,*ffffff,*ffffff,*ffffff,*5EAAF8,*5EAAF8,*5EAAF8,*5EAAF8', 2, 1, 1, 'NULL', 'SFC', 'Blue Area Sofa', 'Put your feet up!'),
(1584, 'sofa_silo*7', '*ffffff,*ffffff,*ffffff,*ffffff,*7CB135,*7CB135,*7CB135,*7CB135', 2, 1, 1, 'NULL', 'SFC', 'Green Area Sofa', 'Put your feet up!'),
(1585, 'sofa_silo*8', '*ffffff,*ffffff,*ffffff,*ffffff,*FFD837,*FFD837,*FFD837,*FFD837', 2, 1, 1, 'NULL', 'SFC', 'Yellow Two-Seater Sofa', 'Cushioned, understated comfort'),
(1586, 'sofa_silo*9', '*ffffff,*ffffff,*ffffff,*ffffff,*E14218,*E14218,*E14218,*E14218', 2, 1, 1, 'NULL', 'SFC', 'Red Area Sofa', 'Red Area Sofa'),
(1587, 'sofachair_polyfon*2', '*ffffff,*ffffff,*525252,*525252', 1, 1, 1, 'NULL', 'SFC', 'Black Mode Armchair', 'Black Mode Armchair'),
(1588, 'sofachair_polyfon*3', '*ffffff,*ffffff,*ffffff,*ffffff', 1, 1, 1, 'NULL', 'SFC', 'White Armchair', 'Loft-style comfort'),
(1589, 'sofachair_polyfon*4', '*ffffff,*ffffff,*F7EBBC,*F7EBBC', 1, 1, 1, 'NULL', 'SFC', 'Beige Mode Armchair', 'Beige Mode Armchair'),
(1590, 'sofachair_polyfon*6', '*ffffff,*ffffff,*5EAAF8,*5EAAF8', 1, 1, 1, 'NULL', 'SFC', 'Blue Mode Armchair', 'Blue Mode Armchair'),
(1591, 'sofachair_polyfon*7', '*ffffff,*ffffff,*7CB135,*7CB135', 1, 1, 1, 'NULL', 'SFC', 'Green Mode Armchair', 'Green Mode Armchair'),
(1592, 'sofachair_polyfon*8', '*ffffff,*ffffff,*FFD837,*FFD837', 1, 1, 1, 'NULL', 'SFC', 'Yellow Mode Armchair', 'Yellow Mode Armchair'),
(1593, 'sofachair_polyfon*9', '*ffffff,*ffffff,*E14218,*E14218', 1, 1, 1, 'NULL', 'SFC', 'Red Armchair', 'Loft-style comfort'),
(1601, 'bed_polyfon*2', '*ffffff,*ffffff,*525252,*525252', 2, 3, 1, 'NULL', 'SFB', 'Black Mode Double Bed', 'Black Mode Double Bed'),
(1602, 'bed_polyfon*3', '*ffffff,*ffffff,*ffffff,*ffffff', 2, 3, 1, 'NULL', 'SFB', 'White Double Bed', 'Give yourself space to stretch out'),
(1603, 'bed_polyfon*4', '*ffffff,*ffffff,*F7EBBC,*F7EBBC', 2, 3, 1, 'NULL', 'SFB', 'Beige Mode Double Bed', 'Beige Mode Double Bed'),
(1604, 'bed_polyfon*6', '*ffffff,*ffffff,*5EAAF8,*5EAAF8', 2, 3, 1, 'NULL', 'SFB', 'Blue Mode Double Bed', 'Blue Mode Double Bed'),
(1605, 'bed_polyfon*7', '*ffffff,*ffffff,*7CB135,*7CB135', 2, 3, 1, 'NULL', 'SFB', 'Green Mode Double Bed', 'Green Mode Double Bed'),
(1606, 'bed_polyfon*8', '*ffffff,*ffffff,*FFD837,*FFD837', 2, 3, 1, 'NULL', 'SFB', 'Yellow Mode Double Bed', 'Yellow Mode Double Bed'),
(1607, 'bed_polyfon*9', '*ffffff,*ffffff,*E14218,*E14218', 2, 3, 1, 'NULL', 'SFB', 'Red Double Bed', 'Give yourself space to stretch out'),
(1608, 'bed_polyfon_one*2', '*ffffff,*ffffff,*ffffff,*525252,*525252', 1, 3, 1, 'NULL', 'SFB', 'Black Mode Single Bed', 'Black Mode Single Bed'),
(1609, 'bed_polyfon_one*3', '*ffffff,*ffffff,*ffffff,*ffffff,*ffffff', 1, 3, 1, 'NULL', 'SFB', 'White Single Bed', 'Cot of the artistic'),
(1610, 'bed_polyfon_one*4', '*ffffff,*ffffff,*ffffff,*F7EBBC,*F7EBBC', 1, 3, 1, 'NULL', 'SFB', 'Beige Mode Single Bed', 'Beige Mode Single Bed'),
(1611, 'bed_polyfon_one*6', '*ffffff,*ffffff,*ffffff,*5EAAF8,*5EAAF8', 1, 3, 1, 'NULL', 'SFB', 'Blue Mode Single Bed', 'Blue Mode Single Bed'),
(1612, 'bed_polyfon_one*7', '*ffffff,*ffffff,*ffffff,*7CB135,*7CB135', 1, 3, 1, 'NULL', 'SFB', 'Green Mode Single Bed', 'Green Mode Single Bed'),
(1613, 'bed_polyfon_one*8', '*ffffff,*ffffff,*ffffff,*FFD837,*FFD837', 1, 3, 1, 'NULL', 'SFB', 'Yellow Mode Single Bed', 'Yellow Mode Single Bed'),
(1614, 'bed_polyfon_one*9', '*ffffff,*ffffff,*ffffff,*E14218,*E14218', 1, 3, 1, 'NULL', 'SFB', 'Red Single Bed', 'Cot of the artistic'),
(1615, 'bardesk_polyfon*2', '*ffffff,*ffffff,*525252,*525252', 2, 1, 1, 'NULL', 'SFH', 'Black Mode Bardesk', 'Black Mode Bardesk'),
(1616, 'bardesk_polyfon*3', '*ffffff,*ffffff,*ffffff,*ffffff', 2, 1, 1, 'NULL', 'SFH', 'White Bardesk', 'Perfect for work or play'),
(1617, 'bardesk_polyfon*4', '*ffffff,*ffffff,*F7EBBC,*F7EBBC', 2, 1, 1, 'NULL', 'SFH', 'Beige Mode Bardesk', 'Beige Mode Bardesk'),
(1618, 'bardesk_polyfon*5', '*ffffff,*ffffff,*FF9BBD,*FF9BBD', 2, 1, 1, 'NULL', 'SFH', 'Candy Bar', 'For cute constructions'),
(1619, 'bardesk_polyfon*6', '*ffffff,*ffffff,*5EAAF8,*5EAAF8', 2, 1, 1, 'NULL', 'SFH', 'Blue Mode Bardesk', 'Blue Mode Bardesk'),
(1620, 'bardesk_polyfon*7', '*ffffff,*ffffff,*7CB135,*7CB135', 2, 1, 1, 'NULL', 'SFH', 'Green Mode Bardesk', 'Green Mode Bardesk'),
(1621, 'bardesk_polyfon*8', '*ffffff,*ffffff,*FFD837,*FFD837', 2, 1, 1, 'NULL', 'SFH', 'Yellow Mode Bardesk', 'Yellow Mode Bardesk'),
(1622, 'bardesk_polyfon*9', '*ffffff,*ffffff,*E14218,*E14218', 2, 1, 1, 'NULL', 'SFH', 'Red Bardesk', 'Perfect for work or play'),
(1631, 'divider_poly3*2', '*ffffff,*ffffff,*ffffff,*525252,*525252', 1, 1, 1, 'STATUS', 'SFGDQ', 'Black Mode Bardesk Gate', 'Black Mode Bardesk Gate'),
(1632, 'divider_poly3*3', '*ffffff,*ffffff,*ffffff,*ffffff,*ffffff', 1, 1, 1, 'STATUS', 'SFGDQ', 'White Hatch', 'Border control!'),
(1633, 'divider_poly3*4', '*ffffff,*ffffff,*ffffff,*F7EBBC,*F7EBBC', 1, 1, 1, 'STATUS', 'SFGDQ', 'Beige Mode Bardesk Gate', 'Beige Mode Bardesk Gate'),
(1634, 'divider_poly3*5', '*ffffff,*ffffff,*ffffff,*EE7EA4,*EE7EA4', 1, 1, 1, 'STATUS', 'SFGDQ', 'Candy Hatch (Lockable)', 'Keep the Pink in!'),
(1635, 'divider_poly3*6', '*ffffff,*ffffff,*ffffff,*5EAAF8,*5EAAF8', 1, 1, 1, 'STATUS', 'SFGDQ', 'Blue Mode Bardesk Gate', 'Blue Mode Bardesk Gate'),
(1636, 'divider_poly3*7', '*ffffff,*ffffff,*ffffff,*7CB135,*7CB135', 1, 1, 1, 'STATUS', 'SFGDQ', 'Green Mode Bardesk Gate', 'Green Mode Bardesk Gate'),
(1637, 'divider_poly3*8', '*ffffff,*ffffff,*ffffff,*FFD837,*FFD837', 1, 1, 1, 'STATUS', 'SFGDQ', 'Yellow Mode Bardesk Gate', 'Yellow Mode Bardesk Gate'),
(1638, 'divider_poly3*9', '*ffffff,*ffffff,*ffffff,*E14218,*E14218', 1, 1, 1, 'STATUS', 'SFGDQ', 'Red Hatch', 'Border Control!'),
(1639, 'chair_silo*2', '*ffffff,*ffffff,*525252,*525252', 1, 1, 1, 'NULL', 'SFC', 'Black Dining Chair', 'Keep it simple'),
(1640, 'chair_silo*3', '*ffffff,*ffffff,*ffffff,*ffffff', 1, 1, 1, 'NULL', 'SFC', 'White Dining Chair', 'Keep it simple'),
(1641, 'chair_silo*4', '*ffffff,*ffffff,*F7EBBC,*F7EBBC', 1, 1, 1, 'NULL', 'SFC', 'Beige Silo Dining Chair', 'Beige Silo Dining Chair'),
(1642, 'chair_silo*5', '*ffffff,*ffffff,*EE7EA4,*EE7EA4', 1, 1, 1, 'NULL', 'SFC', 'Pink Silo Dining Chair', 'Pink Silo Dining Chair'),
(1643, 'chair_silo*6', '*ffffff,*ffffff,*5EAAF8,*5EAAF8', 1, 1, 1, 'NULL', 'SFC', 'Blue Area Dining Chair', 'Wooden dining chair'),
(1644, 'chair_silo*7', '*ffffff,*ffffff,*7CB135,*7CB135', 1, 1, 1, 'NULL', 'SFC', 'Green Area Dining Chair', 'Wooden dining chair'),
(1645, 'chair_silo*8', '*ffffff,*ffffff,*FFD837,*FFD837', 1, 1, 1, 'NULL', 'SFC', 'Yellow Dining Chair', 'Keep it simple'),
(1646, 'chair_silo*9', '*ffffff,*ffffff,*E14218,*E14218', 1, 1, 1, 'NULL', 'SFC', 'Red Silo Dining Chair', 'Red Silo Dining Chair'),
(1647, 'divider_nor3*2', '*ffffff,*ffffff,*525252,*525252', 1, 1, 1, 'STATUS', 'SFGDQ', 'Black Iced gate', 'Black Iced gate'),
(1648, 'divider_nor3*3', '*ffffff,*ffffff,*ffffff,*ffffff', 1, 1, 1, 'STATUS', 'SFGDQ', 'White Iced Gate', 'Do go through...'),
(1649, 'divider_nor3*4', '*ffffff,*ffffff,*ABD0D2,*ABD0D2', 1, 1, 1, 'STATUS', 'SFGDQ', 'Urban Iced Gate', 'Entrance or exit?'),
(1650, 'divider_nor3*5', '*ffffff,*ffffff,*EE7EA4,*EE7EA4', 1, 1, 1, 'STATUS', 'SFGDQ', 'Pink Iced gate', 'Pink Iced gate'),
(1651, 'divider_nor3*6', '*ffffff,*ffffff,*5EAAF8,*5EAAF8', 1, 1, 1, 'STATUS', 'SFGDQ', 'Blue Iced gate', 'Blue Iced gate'),
(1652, 'divider_nor3*7', '*ffffff,*ffffff,*7CB135,*7CB135', 1, 1, 1, 'STATUS', 'SFGDQ', 'Rural Iced gate', 'Entrance or exit?'),
(1653, 'divider_nor3*8', '*ffffff,*ffffff,*FFD837,*FFD837', 1, 1, 1, 'STATUS', 'SFGDQ', 'Yellow Iced gate', 'Yellow Iced gate'),
(1654, 'divider_nor3*9', '*ffffff,*ffffff,*E14218,*E14218', 1, 1, 1, 'STATUS', 'SFGDQ', 'Red Iced gate', 'Red Iced gate'),
(1655, 'divider_nor2*2', '*ffffff,*ffffff,*525252,*525252', 2, 1, 1, 'NULL', 'SF', 'Black Iced bar desk', 'Black Iced bar desk'),
(1656, 'divider_nor2*3', '*ffffff,*ffffff,*ffffff,*ffffff', 2, 1, 1, 'NULL', 'SF', 'White Iced Bar-Desk', 'Strong, yet soft looking'),
(1657, 'divider_nor2*4', '*ffffff,*ffffff,*ABD0D2,*ABD0D2', 2, 1, 1, 'NULL', 'SF', 'Urban Iced Bar', 'No way through'),
(1658, 'divider_nor2*5', '*ffffff,*ffffff,*EE7EA4,*EE7EA4', 2, 1, 1, 'NULL', 'SF', 'Pink Iced bar desk', 'Pink Iced bar desk'),
(1659, 'divider_nor2*6', '*ffffff,*ffffff,*5EAAF8,*5EAAF8', 2, 1, 1, 'NULL', 'SF', 'Blue Iced  bar desk', 'Blue Iced  bar desk'),
(1660, 'divider_nor2*7', '*ffffff,*ffffff,*7CB135,*7CB135', 2, 1, 1, 'NULL', 'SF', 'Rural Iced Bar', 'No way through'),
(1661, 'divider_nor2*8', '*ffffff,*ffffff,*FFD837,*FFD837', 2, 1, 1, 'NULL', 'SF', 'Yellow Iced  bar desk', 'Yellow Iced  bar desk'),
(1662, 'divider_nor2*9', '*ffffff,*ffffff,*E14218,*E14218', 2, 1, 1, 'NULL', 'SF', 'Red Iced  bar desk', 'Red Iced  bar desk'),
(1663, 'silo_studydesk', '0,0,0', 2, 1, 1, 'SWITCHON', 'SFM', 'Area Quest Desk', 'For the true Habbo Scholars'),
(1664, 'solarium_norja', '*ffffff,*ffffff,*ffffff', 1, 1, 2.5, 'NULL', 'SFH', 'White Solarium', 'Rejuvenate your pixels!'),
(1673, 'sandrug', '0,0,0', 2, 2, 0.01, 'NULL', 'SFKH', 'Tropical Beach Rug', 'Your own paradise island'),
(1677, 'sleepingbag*1', '*ed796b,*ffffff,*ed796b,*ffffff,*ed796b,*ffffff', 1, 3, 0.8, 'NULL', 'SFB', 'Red Sleeping Bag', 'Ultimate coziness'),
(1678, 'sleepingbag*2', '*d3ff82,*ffffff,*d3ff82,*ffffff,*d3ff82,*ffffff', 1, 3, 0.8, 'NULL', 'SFB', 'Lime Sleeping Bag', 'Ultimate coziness'),
(1679, 'sleepingbag*3', '*8aeded,*ffffff,*8aeded,*ffffff,*8aeded,*ffffff', 1, 3, 0.8, 'NULL', 'SFB', 'Ocean Sleeping Bag', 'Ultimate coziness'),
(1680, 'sleepingbag*4', '*a9bc82,*ffffff,*a9bc82,*ffffff,*a9bc82,*ffffff', 1, 3, 0.8, 'NULL', 'SFB', 'Army Sleeping Bag', 'Ultimate coziness'),
(1682, 'sleepingbag*7', '*e49350,*ffffff,*e49350,*ffffff,*e49350,*ffffff', 1, 3, 0.8, 'NULL', 'SFB', 'Orange Sleeping Bag', 'Ultimate coziness'),
(1683, 'sleepingbag*9', '*3badf7,*ffffff,*3badf7,*ffffff,*3badf7,*ffffff', 1, 3, 0.8, 'NULL', 'SFB', 'Blue Sleeping Bag', 'Ultimate coziness'),
(1684, 'sleepingbag*5', '*9f9f9f,*ffffff,*9f9f9f,*ffffff,*9f9f9f,*ffffff', 1, 3, 0.8, 'NULL', 'SFB', 'Graphite Sleeping Bag', 'Ultimate coziness'),
(1685, 'sleepingbag*10', '*f3dac2,*ffffff,*f3dac2,*ffffff,*f3dac2,*ffffff', 1, 3, 0.8, 'NULL', 'SFB', 'Khaki Sleeping Bag', 'Ultimate coziness'),
(1686, 'sleepingbag*6', '*a78acf,*ffffff,*a78acf,*ffffff,*a78acf,*ffffff', 1, 3, 0.8, 'NULL', 'SFB', 'Purple Sleeping Bag', 'Ultimate coziness'),
(1687, 'sleepingbag*8', '*ffcc5a,*ffffff,*ffcc5a,*ffffff,*ffcc5a,*ffffff', 1, 3, 0.8, 'NULL', 'SFB', 'Golden Sleeping Bag', 'Ultimate coziness for SnowStorm winners'),
(1688, 'china_shelve', '0,0,0', 2, 1, 2, 'NULL', 'SF', 'Chinese Lacquer Bookshelf', 'To hold the mind\'s treasures'),
(1689, 'traffic_light*5', '*ffffff,*ffffff,*ffffff', 1, 1, 1.5, 'NULL', 'SFT', 'White Traffic Light', 'Chill and wait your turn!'),
(1690, 'divider_nor4*2', '*ffffff,*ffffff,*525252,*525252,*525252,*525252', 2, 1, 2, 'STATUS', 'SFGDQ', 'Black Iced Auto Shutter', 'Habbos, roll out!'),
(1691, 'divider_nor4*3', '*ffffff,*ffffff,*ffffff,*ffffff,*ffffff,*ffffff', 2, 1, 2, 'STATUS', 'SFGDQ', 'White Iced Auto Shutter', 'Habbos, roll out!'),
(1692, 'divider_nor4*5', '*ffffff,*ffffff,*EE7EA4,*EE7EA4,*EE7EA4,*EE7EA4', 2, 1, 2, 'STATUS', 'SFGDQ', 'Pink Iced Auto Shutter', 'Habbos, roll out!'),
(1693, 'divider_nor4*6', '*ffffff,*ffffff,*5EAAF8,*5EAAF8,*5EAAF8,*5EAAF8', 2, 1, 2, 'STATUS', 'SFGDQ', 'Blue Iced Auto Shutter', 'Habbos, roll out!'),
(1694, 'divider_nor4*7', '*ffffff,*ffffff,*7CB135,*7CB135,*7CB135,*7CB135', 2, 1, 2, 'STATUS', 'SFGDQ', 'Rural Iced Shutter', 'Habbos, roll out!'),
(1695, 'divider_nor4*8', '*ffffff,*ffffff,*FFD837,*FFD837,*FFD837,*FFD837', 2, 1, 2, 'STATUS', 'SFGDQ', 'Yellow Iced Auto Shutter', 'Habbos, roll out!'),
(1696, 'divider_nor4*9', '*ffffff,*ffffff,*E14218,*E14218,*E14218,*E14218', 2, 1, 2, 'STATUS', 'SFGDQ', 'Red Iced Auto Shutter', 'Habbos, roll out!'),
(1697, 'divider_nor5*2', '*ffffff,*525252,*525252', 1, 1, 2, 'STATUS', 'SFGDQ', 'Black Iced Angle', 'Cool cornering for your crib y0!'),
(1698, 'divider_nor5*3', '*ffffff,*ffffff,*ffffff', 1, 1, 2, 'STATUS', 'SFGDQ', 'White Iced Angle', 'Cool cornering for your crib y0!'),
(1699, 'divider_nor5*4', '*ffffff,*ABD0D2,*ABD0D2', 1, 1, 2, 'STATUS', 'SFGDQ', 'Urban Iced Angle', 'Cool cornering for your crib!'),
(1700, 'divider_nor5*5', '*ffffff,*EE7EA4,*EE7EA4', 1, 1, 2, 'STATUS', 'SFGDQ', 'Pink Iced Angle', 'Cool cornering for your crib y0!'),
(1701, 'divider_nor5*6', '*ffffff,*5EAAF8,*5EAAF8', 1, 1, 2, 'STATUS', 'SFGDQ', 'Blue Iced Angle', 'Cool cornering for your crib y0!'),
(1702, 'divider_nor5*7', '*ffffff,*7CB135,*7CB135', 1, 1, 2, 'STATUS', 'SFGDQ', 'Rural Iced Angle', 'Cool cornering for your crib!'),
(1703, 'divider_nor5*8', '*ffffff,*FFD837,*FFD837', 1, 1, 2, 'STATUS', 'SFGDQ', 'Yellow Iced Angle', 'Cool cornering for your crib y0!'),
(1704, 'divider_nor5*9', '*ffffff,*E14218,*E14218', 1, 1, 2, 'STATUS', 'SFGDQ', 'Red Iced Angle', 'Cool cornering for your crib y0!'),
(1705, 'divider_nor5', '*ffffff,*F7EBBC,*F7EBBC', 1, 1, 2, 'STATUS', 'SFGDQ', 'Plain Iced Angle', 'Cool cornering for your crib y0!'),
(1706, 'divider_nor4', '*ffffff,*ffffff,*F7EBBC,*F7EBBC,*F7EBBC,*F7EBBC', 2, 1, 2, 'STATUS', 'SFGDQ', 'Plain Iced Auto Shutter', 'Habbos, roll out!'),
(1707, 'wall_china', '0,0,0', 1, 1, 1, 'NULL', 'SF', 'Dragon Screen', 'For your great wall'),
(1708, 'corner_china', '0,0,0', 1, 1, 1, 'NULL', 'SF', 'Dragon Screen', 'Firm, fireproof foundation'),
(1709, 'barchair_silo*2', '*ffffff,*525252', 1, 1, 1, 'NULL', 'SFC', 'Black Bar Stool', 'Practical and convenient'),
(1710, 'barchair_silo*3', '*ffffff,*ffffff', 1, 1, 1, 'NULL', 'SFC', 'White Bar Stool', 'Practical and convenient'),
(1711, 'barchair_silo*4', '*ffffff,*F7EBBC', 1, 1, 1, 'NULL', 'SFC', 'Beige Bar Stool', 'Practical and convenient'),
(1712, 'barchair_silo*5', '*ffffff,*ee7ea4', 1, 1, 1, 'NULL', 'SFC', 'Pink Bar Stool', 'Practical and convenient'),
(1713, 'barchair_silo*6', '*ffffff,*5eaaf8', 1, 1, 1, 'NULL', 'SFC', 'Blue Bar Stool', 'Take a perch!'),
(1714, 'barchair_silo*7', '*ffffff,*7cb135', 1, 1, 1, 'NULL', 'SFC', 'Green Bar Stool', 'Take a perch!'),
(1715, 'barchair_silo*8', '*ffffff,*ffd837', 1, 1, 1, 'NULL', 'SFC', 'Yellow Bar Stool', 'Practical and convenient'),
(1716, 'barchair_silo*9', '*ffffff,*e14218', 1, 1, 1, 'NULL', 'SFC', 'Red Bar Stool', 'Practical and convenient'),
(1717, 'safe_silo*2', '*ffffff,*525252,*525252,*ffffff', 1, 1, 1, 'DOOROPEN', 'SF', 'Black Safe Minibar', 'Totally shatter-proof!'),
(1718, 'safe_silo*3', '*ffffff,*bfbfbf,*bfbfbf,*ffffff', 1, 1, 1, 'DOOROPEN', 'SF', 'White Safe Minibar', 'Totally shatter-proof!'),
(1719, 'safe_silo*4', '*ffffff,*f7ebbc,*f7ebbc,*ffffff', 1, 1, 1, 'DOOROPEN', 'SF', 'Beige Safe Minibar', 'Totally shatter-proof!'),
(1720, 'safe_silo*5', '*ffffff,*ee7ea4,*ee7ea4,*ffffff', 1, 1, 1, 'DOOROPEN', 'SF', 'Pink Safe Minibar', 'Totally shatter-proof!'),
(1721, 'safe_silo*6', '*ffffff,*5eaaf8,*5eaaf8,*ffffff', 1, 1, 1, 'DOOROPEN', 'SF', 'Blue Safe Minibar', 'Totally shatter-proof!'),
(1722, 'safe_silo*7', '*ffffff,*7cb135,*7cb135,*ffffff', 1, 1, 1, 'DOOROPEN', 'SF', 'Green Safe Minibar', 'Totally shatter-proof!'),
(1723, 'safe_silo*8', '*ffffff,*ffd837,*ffd837,*ffffff', 1, 1, 1, 'DOOROPEN', 'SF', 'Yellow Safe Minibar', 'Totally shatter-proof!'),
(1724, 'safe_silo*9', '*ffffff,*e14218,*e14218,*ffffff', 1, 1, 1, 'DOOROPEN', 'SF', 'Red Safe Minibar', 'Totally shatter-proof!'),
(1725, 'glass_shelf', '0,0', 2, 1, 2, 'NULL', 'SF', 'Glass shelf', 'Translucent beauty'),
(1727, 'glass_stool', '*ffffff,*ABD0D2,*ABD0D2,*ffffff', 1, 1, 1, 'NULL', 'SFC', 'Glass stool', 'Translucent beauty'),
(1728, 'glass_sofa', '*ffffff,*ABD0D2,*ABD0D2,*ffffff,*ffffff,*ABD0D2,*ffffff,*ABD0D2', 2, 1, 1, 'NULL', 'SFC', 'Glass sofa', 'Translucent beauty'),
(1730, 'glass_table*2', '*ffffff,*525252,*525252,*ffffff', 2, 2, 1, 'NULL', 'SFH', 'Glass table', 'Translucent beauty'),
(1731, 'glass_table*3', '*ffffff,*bfbfbf,*bfbfbf,*ffffff', 2, 2, 1, 'NULL', 'SFH', 'White Glass Table', 'Translucent beauty'),
(1732, 'glass_table*4', '*ffffff,*f7ebbc,*f7ebbc,*ffffff', 2, 2, 1, 'NULL', 'SFH', 'Glass table', 'Translucent beauty'),
(1733, 'glass_table*5', '*ffffff,*ee7ea4,*ee7ea4,*ffffff', 2, 2, 1, 'NULL', 'SFH', 'Glass table', 'Translucent beauty'),
(1734, 'glass_table*6', '*ffffff,*5eaaf8,*5eaaf8,*ffffff', 2, 2, 1, 'NULL', 'SFH', 'Blue Glass Table', 'Translucent beauty'),
(1735, 'glass_table*7', '*ffffff,*7cb135,*7cb135,*ffffff', 2, 2, 1, 'NULL', 'SFH', 'Green Glass Table', 'Habbo Club'),
(1736, 'glass_table*8', '*ffffff,*ffd837,*ffd837,*ffffff', 2, 2, 1, 'NULL', 'SFH', 'Glass table', 'Translucent beauty'),
(1737, 'glass_table*9', '*ffffff,*e14218,*e14218,*ffffff', 2, 2, 1, 'NULL', 'SFH', 'Glass table', 'Translucent beauty'),
(1738, 'glass_chair*2', '*ffffff,*525252,*525252,*ffffff', 1, 1, 1, 'NULL', 'SFC', 'Glass chair', 'Translucent beauty'),
(1739, 'glass_chair*3', '*ffffff,*bfbfbf,*bfbfbf,*ffffff', 1, 1, 1, 'NULL', 'SFC', 'Glass chair', 'Translucent beauty'),
(1740, 'glass_chair*4', '*ffffff,*f7ebbc,*f7ebbc,*ffffff', 1, 1, 1, 'NULL', 'SFC', 'Glass chair', 'Translucent beauty'),
(1741, 'glass_chair*5', '*ffffff,*ee7ea4,*ee7ea4,*ffffff', 1, 1, 1, 'NULL', 'SFC', 'Glass chair', 'Translucent beauty'),
(1742, 'glass_chair*6', '*ffffff,*5eaaf8,*5eaaf8,*ffffff', 1, 1, 1, 'NULL', 'SFC', 'Blue Glass Chair', 'Translucent beauty'),
(1743, 'glass_chair*7', '*ffffff,*7cb135,*7cb135,*ffffff', 1, 1, 1, 'NULL', 'SFC', 'Green Glass Chair', 'Habbo Club'),
(1744, 'glass_chair*8', '*ffffff,*ffd837,*ffd837,*ffffff', 1, 1, 1, 'NULL', 'SFC', 'Glass chair', 'Translucent beauty'),
(1745, 'glass_chair*9', '*ffffff,*e14218,*e14218,*ffffff', 1, 1, 1, 'NULL', 'SFC', 'Glass chair', 'Translucent beauty'),
(1746, 'glass_sofa*2', '*ffffff,*525252,*525252,*ffffff,*ffffff,*525252,*ffffff,*525252', 2, 1, 1, 'NULL', 'SFC', 'Glass sofa', 'Translucent beauty'),
(1747, 'glass_sofa*3', '*ffffff,*bfbfbf,*bfbfbf,*ffffff,*ffffff,*bfbfbf,*ffffff,*bfbfbf', 2, 1, 1, 'NULL', 'SFC', 'White Glass Sofa', 'Translucent beauty'),
(1748, 'glass_sofa*4', '*ffffff,*f7ebbc,*f7ebbc,*ffffff,*ffffff,*f7ebbc,*ffffff,*f7ebbc', 2, 1, 1, 'NULL', 'SFC', 'Glass sofa', 'Translucent beauty'),
(1749, 'glass_sofa*5', '*ffffff,*ee7ea4,*ee7ea4,*ffffff,*ffffff,*ee7ea4,*ffffff,*ee7ea4', 2, 1, 1, 'NULL', 'SFC', 'Glass sofa', 'Translucent beauty'),
(1750, 'glass_sofa*6', '*ffffff,*5eaaf8,*5eaaf8,*ffffff,*ffffff,*5eaaf8,*ffffff,*5eaaf8', 2, 1, 1, 'NULL', 'SFC', 'Blue Glass Sofa', 'Translucent beauty'),
(1751, 'glass_sofa*7', '*ffffff,*7cb135,*7cb135,*ffffff,*ffffff,*7cb135,*ffffff,*7cb135', 2, 1, 1, 'NULL', 'SFC', 'Green Glass Sofa', 'Habbo Club'),
(1752, 'glass_sofa*8', '*ffffff,*ffd837,*ffd837,*ffffff,*ffffff,*ffd837,*ffffff,*ffd837', 2, 1, 1, 'NULL', 'SFC', 'Glass sofa', 'Translucent beauty'),
(1753, 'glass_sofa*9', '*ffffff,*e14218,*e14218,*ffffff,*ffffff,*e14218,*ffffff,*e14218', 2, 1, 1, 'NULL', 'SFC', 'Glass sofa', 'Translucent beauty'),
(1754, 'glass_stool*2', '*ffffff,*525252,*525252,*ffffff', 1, 1, 1, 'NULL', 'SFC', 'Glass stool', 'Translucent beauty'),
(1755, 'glass_stool*4', '*ffffff,*f7ebbc,*f7ebbc,*ffffff', 1, 1, 1, 'NULL', 'SFC', 'Glass stool', 'Translucent beauty'),
(1756, 'glass_stool*5', '*ffffff,*ee7ea4,*ee7ea4,*ffffff', 1, 1, 1, 'NULL', 'SFC', 'Glass stool', 'Translucent beauty'),
(1757, 'glass_stool*6', '*ffffff,*5eaaf8,*5eaaf8,*ffffff', 1, 1, 1, 'NULL', 'SFC', 'Blue Glass Stool', 'Translucent beauty'),
(1758, 'glass_stool*7', '*ffffff,*7cb135,*7cb135,*ffffff', 1, 1, 1, 'NULL', 'SFC', 'Green Glass Stool', 'Habbo Club'),
(1759, 'glass_stool*8', '*ffffff,*ffd837,*ffd837,*ffffff', 1, 1, 1, 'NULL', 'SFC', 'Glass stool', 'Translucent beauty'),
(1760, 'glass_stool*3', '*ffffff,*bfbfbf,*bfbfbf,*ffffff', 1, 1, 1, 'NULL', 'SFC', 'White Glass Stool', 'Translucent beauty'),
(1761, 'glass_stool*9', '*ffffff,*e14218,*e14218,*ffffff', 1, 1, 1, 'NULL', 'SFC', 'Glass stool', 'Translucent beauty'),
(1767, 'hc_crpt', '0,0,0', 3, 5, 0.01, 'NULL', 'SFKH', 'Persian Carpet', 'Ultimate craftsmanship'),
(1768, 'hc_tv', '0,0,0', 2, 1, 2, 'SWITCHON', 'SFM', 'Mega TV Set', 'Forget plasma, go HC!'),
(1769, 'gothgate', '0,0,0', 2, 1, 2.5, 'STATUS', 'SFGDQ', 'Gothic Portcullis', 'The dark side of Habbo'),
(1771, 'gothrailing', '0,0,0', 2, 1, 1, 'NULL', 'SFH', 'Gothic Railing', 'The dark side of Habbo'),
(1774, 'hc_btlr', '0,0,0', 1, 1, 1, 'DOOROPEN', 'SFT', 'Electric Butler', 'Your personal caretaker'),
(1775, 'hc_crtn', '0,0,0', 2, 1, 1, 'STATUS', 'SFGDQ', 'Antique Drapery', 'Topnotch privacy protection'),
(1776, 'hc_djset', '0,0,0', 3, 1, 1.5, 'NULL', 'SF', 'The Grammophon', 'Very old skool scratch\'n\'spin'),
(1777, 'hc_frplc', '0,0,0', 1, 3, 3, 'SWITCHON', 'SFM', 'Heavy Duty Fireplace', 'Pixel-powered for maximum heating'),
(1778, 'hc_lmpst', '0,0,0', 1, 1, 3, 'SWITCHON', 'SFM', 'Victorian Street Light', 'Somber and atmospheric'),
(1779, 'hc_machine', '0,0,0', 1, 3, 3, 'SWITCHON', 'SFM', 'Weird Science Machine', 'By and for mad inventors'),
(1781, 'hc_rntgn', '0,0,0', 2, 1, 2, 'NULL', 'SF', 'X-Ray Divider', 'Believe it or not!'),
(1782, 'hc_trll', '0,0,0', 1, 2, 1.5, 'NULL', 'SF', 'Drinks Trolley', 'For swanky dinners only'),
(1801, 'val_cauldron', '0,0,0', 1, 1, 1, 'NULL', 'SF', 'Valentine\'s Cauldron', 'Cast a loving spell!'),
(1818, 'rare_parasol', '*ffffff,*9eff1c,*ffffff,*ffffff,*ffffff', 1, 1, 1, 'SWITCHON', 'SFM', 'Parasol', 'Zon! Zon! Zon!'),
(1819, 'plant_valentinerose*3', '*FFFFFF,*FFE61E,*FFFFFF,*FFFFFF', 1, 1, 1, 'NULL', 'SF', 'Yellow Valentine Rose', 'Relight your passions'),
(1820, 'plant_valentinerose*5', '*FFFFFF,*C828FF,*FFFFFF,*FFFFFF', 1, 1, 1, 'NULL', 'SF', 'Purple Valentine Rose', 'For that special pixel'),
(1821, 'plant_valentinerose*2', '*FFFFFF,*FFFFFF,*FFFFFF,*FFFFFF', 1, 1, 1, 'NULL', 'SF', 'White Valentine Rose', 'Your secret love'),
(1822, 'plant_valentinerose*4', '*FFFFFF,*FF78C8,*FFFFFF,*FFFFFF', 1, 1, 1, 'NULL', 'SF', 'Pink Valentine\'s Rose', 'Be mine!'),
(1823, 'plant_valentinerose*1', '*FFFFFF,*FF1E1E,*FFFFFF,*FFFFFF', 1, 1, 1, 'NULL', 'SF', 'Red Valentine\'s Rose', 'Secret admirer!'),
(1825, 'plant_maze', '0,0,0', 2, 1, 1, 'NULL', 'SF', 'Maze Shrubbery', 'Build your maze!'),
(1826, 'plant_bulrush', '0,0,0', 1, 1, 1, 'NULL', 'SF', 'Bulrush', 'Ideal for the riverside'),
(1839, 'theatre_seat', '*FFFFFF,*FFFFFF', 1, 1, 1, 'NULL', 'SFC', 'Deluxe Theatre Chair', 'For Lazy boys and girls!'),
(1868, 'spotlight', '0,0,0', 1, 1, 2, 'NULL', 'SF', 'Habbowood Spotlight', 'For the star of the show'),
(1875, 'rom_lamp', '0,0,0', 1, 1, 2, 'SWITCHON', 'SFM', 'Crystal Lamp', 'Light up your life'),
(1876, 'rclr_sofa', '0,0,0', 2, 1, 1, 'NULL', 'SFC', 'Polar Sofa', 'Snuggle up together'),
(1877, 'rclr_garden', '0,0,0', 1, 3, 1, 'SWITCHON', 'SFM', 'Water Garden', 'Self watering'),
(1878, 'rclr_chair', '0,0,0', 1, 1, 1, 'NULL', 'SFC', 'Palm Chair', 'Watch out for coconuts'),
(504, 'poolLift', '', 1, 1, 0.01, 'NULL', 'EM', 'Diving lift trigger', 'Unknown description'),
(1947, 'chair_basic*1', '*FFFFFF,*ABD0D2,*FFFFFF', 1, 1, 1, 'NULL', 'SFC', 'chair_basic', ''),
(1948, 'chair_basic*2', '*FFFFFF,*FF99BC,*FFFFFF', 1, 1, 1, 'NULL', 'SFC', 'Pink Pura Egg Chair', 'It\'s a cracking design!'),
(1949, 'chair_basic*3', '*FFFFFF,*525252,*FFFFFF', 1, 1, 1, 'NULL', 'SFC', 'Black Pura Egg Chair', 'It\'s a cracking design!'),
(1950, 'chair_basic*4', '*FFFFFF,*FFFFFF,*FFFFFF', 1, 1, 1, 'NULL', 'SFC', 'White Pura Egg Chair', 'It\'s a cracking design!'),
(1951, 'chair_basic*5', '*FFFFFF,*F7EBBC,*FFFFFF', 1, 1, 1, 'NULL', 'SFC', 'chair_basic', ''),
(1952, 'chair_basic*6', '*FFFFFF,*5EAAF8,*FFFFFF', 1, 1, 1, 'NULL', 'SFC', 'Blue Pura Egg Chair', 'It\'s a cracking design!'),
(1953, 'chair_basic*7', '*FFFFFF,*92D13D,*FFFFFF', 1, 1, 1, 'NULL', 'SFC', 'Green Pura Egg Chair', 'It\'s a cracking design!'),
(1954, 'chair_basic*8', '*FFFFFF,*FFD837,*FFFFFF', 1, 1, 1, 'NULL', 'SFC', 'chair_basic', ''),
(1955, 'chair_basic*9', '*FFFFFF,*E14218,*FFFFFF', 1, 1, 1, 'NULL', 'SFC', 'Red Pura Egg Chair', 'It\'s a cracking design!'),
(1956, 'bed_budget*1', '*FFFFFF,*FFFFFF,*FFFFFF,*ABD0D2,*ABD0D2,*ABD0D2', 2, 3, 1, 'NULL', 'SFB', 'Aqua Pura Double Bed', 'King sized comfort!'),
(1957, 'bed_budget*2', '*FFFFFF,*FFFFFF,*FFFFFF,*FF99BC,*FF99BC,*FF99BC', 2, 3, 1, 'NULL', 'SFB', 'Pink Pura Double Bed', 'Queen sized comfort!'),
(1958, 'bed_budget*3', '*FFFFFF,*FFFFFF,*FFFFFF,*525252,*525252,*525252', 2, 3, 1, 'NULL', 'SFB', 'Black Pura Double Bed', 'King sized comfort!'),
(1959, 'bed_budget*4', '*FFFFFF,*FFFFFF,*FFFFFF,*FFFFFF,*FFFFFF,*FFFFFF', 2, 3, 1, 'NULL', 'SFB', 'White Pura Double Bed', 'King sized comfort!'),
(1960, 'bed_budget*5', '*FFFFFF,*FFFFFF,*FFFFFF,*F7EBBC,*F7EBBC,*F7EBBC', 2, 3, 1, 'NULL', 'SFB', 'Beige Pura Double Bed', 'King sized comfort!'),
(1961, 'bed_budget*6', '*FFFFFF,*FFFFFF,*FFFFFF,*5EAAF8,*5EAAF8,*5EAAF8', 2, 3, 1, 'NULL', 'SFB', 'Blue Pura Double Bed', 'King sized comfort!'),
(1962, 'bed_budget*7', '*FFFFFF,*FFFFFF,*FFFFFF,*92D13D,*92D13D,*92D13D', 2, 3, 1, 'NULL', 'SFB', 'Green Pura Double Bed', 'King sized comfort!'),
(1963, 'bed_budget*8', '*FFFFFF,*FFFFFF,*FFFFFF,*FFD837,*FFD837,*FFD837', 2, 3, 1, 'NULL', 'SFB', 'Yellow Pura Double Bed', 'King sized comfort!'),
(1964, 'bed_budget*9', '*FFFFFF,*FFFFFF,*FFFFFF,*E14218,*E14218,*E14218', 2, 3, 1, 'NULL', 'SFB', 'Red Pura Double Bed', 'King sized comfort!'),
(1965, 'bed_budget_one*1', '*FFFFFF,*FFFFFF,*FFFFFF,*ABD0D2,*ABD0D2,*ABD0D2', 1, 3, 1, 'NULL', 'SFB', 'Aqua Pura Bed', 'Prince sized comfort!'),
(1966, 'bed_budget_one*2', '*FFFFFF,*FFFFFF,*FFFFFF,*FF99BC,*FF99BC,*FF99BC', 1, 3, 1, 'NULL', 'SFB', 'Pink Pura Bed', 'Princess sized comfort!'),
(1967, 'bed_budget_one*3', '*FFFFFF,*FFFFFF,*FFFFFF,*525252,*525252,*525252', 1, 3, 1, 'NULL', 'SFB', 'Black Pura Bed', 'Prince sized comfort!'),
(1968, 'bed_budget_one*4', '*FFFFFF,*FFFFFF,*FFFFFF,*FFFFFF,*FFFFFF,*FFFFFF', 1, 3, 1, 'NULL', 'SFB', 'White Pura Bed', 'Prince sized comfort!'),
(1969, 'bed_budget_one*5', '*FFFFFF,*FFFFFF,*FFFFFF,*F7EBBC,*F7EBBC,*F7EBBC', 1, 3, 1, 'NULL', 'SFB', 'Beige Pura Bed', 'Prince sized comfort!'),
(1970, 'bed_budget_one*6', '*FFFFFF,*FFFFFF,*FFFFFF,*5EAAF8,*5EAAF8,*5EAAF8', 1, 3, 1, 'NULL', 'SFB', 'Blue Pura Bed', 'Prince sized comfort!'),
(1971, 'bed_budget_one*7', '*FFFFFF,*FFFFFF,*FFFFFF,*92D13D,*92D13D,*92D13D', 1, 3, 1, 'NULL', 'SFB', 'Green Pura Bed', 'Prince sized comfort!'),
(1972, 'bed_budget_one*8', '*FFFFFF,*FFFFFF,*FFFFFF,*FFD837,*FFD837,*FFD837', 1, 3, 1, 'NULL', 'SFB', 'Yellow Pura Bed', 'Prince sized comfort!'),
(1973, 'bed_budget_one*9', '*FFFFFF,*FFFFFF,*FFFFFF,*E14218,*E14218,*E14218', 1, 3, 1, 'NULL', 'SFB', 'Red Pura Bed', 'Prince sized comfort!'),
(1237, 'bardeskcorner_polyfon*12', '*ffffff,*ffffff,*ffffff', 1, 1, 1, 'NULL', 'SFH', 'Corner Cabinet-Desk', 'Tuck it away'),
(2029, 'grunge_radiator', '0,0,0', 1, 1, 1, 'NULL', 'SF', 'Radiator', 'Started cool but now it\'s hot!'),
(2030, 'grunge_shelf', '0,0,0', 3, 1, 3, 'NULL', 'SF', 'Grunge Bookshelf', 'Scrap books and photo albums'),
(2031, 'grunge_sign', '0,0,0', 1, 1, 1, 'NULL', 'SF', 'Road Sign', 'Bought legitimately from an M1 cafe.'),
(2035, 'hal_cauldron', '0,0,0', 1, 1, 1, 'NULL', 'SF', 'Habboween Cauldron', 'Eye of Habbo and toe of Mod!'),
(2036, 'hal_grave', '0,0,0', 1, 1, 0.01, 'SWITCHON', 'SFM', 'Haunted Grave', 'We\'re raising the dead!'),
(2049, 'tree7', '0,0,0', 1, 1, 2, 'SWITCHON', 'SFM', 'Snowy Christmas Tree', 'Walking in a winter wonderland!'),
(2055, 'plant_maze_snow', '0,0,0', 2, 1, 1, 'NULL', 'SF', 'Snowy Maze Bundle 2', '20 x Snowy Maze Shrubbery'),
(2056, 'christmas_sleigh', '0,0,0', 2, 2, 1, 'NULL', 'SFC', 'Winter Sleigh', 'Ready for your Xmas cheer'),
(2057, 'christmas_reindeer', '0,0,0', 1, 2, 1, 'SWITCHON', 'SFM', 'Reindeer', 'Prancer becomes Rudolph in a click!'),
(2110, 'val_choco', '0,0,0', 1, 1, 0.2, 'SWITCHON', 'SFMH', 'Heart Shaped Box', 'One for them. Two for me!'),
(2121, 'grunge_candle', '0,0,0', 1, 1, 2, 'SWITCHON', 'SFM', 'Candle Box', 'Late night debate'),
(2122, 'grunge_bench', '0,0,0', 3, 1, 1.1, 'NULL', 'SFC', 'Bench', 'Laid back seating'),
(2123, 'grunge_barrel', '0,0,0', 1, 1, 1, 'SWITCHON', 'SFM', 'Flaming Barrel', 'Beacon of light!'),
(2125, 'prizetrophy9*1', '*FFFFFF,*FFFFFF,*FFDD3F', 1, 1, 2, 'NULL', 'SFY', 'Champion trophy', 'Glittery gold'),
(2126, 'prizetrophy8*1', '*FFFFFF,*FFFFFF,*FFDD3F', 1, 1, 2, 'NULL', 'SFY', 'Duo trophy', 'Glittery gold'),
(1977, 'tile_brown', '0,0,0', 1, 1, 0.1, 'NULL', 'SFKH', 'Red Tile', '10% off downtown promenades & piazzas!'),
(1976, 'tile_marble', '0,0,0', 1, 1, 0.1, 'NULL', 'SFKH', 'Marble Tile', 'Slick sophistication; now 10% off!'),
(1975, 'tile_stella', '0,0,0', 1, 1, 0.1, 'NULL', 'SFKH', 'Star Tile', '10% off the walk of fame!'),
(1004, 'table_polyfon_small', '0,0,0', 2, 2, 1, 'NULL', 'SFH', 'Small Coffee Table', 'For serving a stylish latte'),
(1681, 'safe_silo', '*ffffff,*ABD0D2,*ABD0D2,*ffffff', 1, 1, 1, 'DOOROPEN', 'SF', 'Safe Minibar', 'Totally shatter-proof!'),
(2360, 'post.it', '', 0, 0, 0.01, 'NULL', 'IWGJ', 'Unknown name', 'Unknown description'),
(2634, 'gamehall_chair_wood', '', 1, 1, 1, '', 'PFC', 'Unknown name', 'Unknown description'),
(2362, 'photo', '', 0, 0, 0.01, 'NULL', 'IWN', 'Photo', 'Photo from Habbo'),
(2363, 'Chess', '0,0,0', 0, 0, 0.01, 'NULL', 'SFP', 'Unknown name', 'Unknown description'),
(2371, 'hc_wall_lamp', '0,0,0', 0, 0, 0.01, 'SWITCHON', 'SFM', 'Unknown name', 'Unknown description'),
(2373, 'torch', '0,0,0', 0, 0, 0.01, 'SWITCHON', 'SFM', 'Unknown name', 'Unknown description'),
(2375, 'wallmirror', '0,0,0', 0, 0, 0.01, 'NULL', 'SF', 'Unknown name', 'Unknown description'),
(2377, 'habw_mirror', '0,0,0', 0, 0, 0.01, 'SWITCHON', 'SFM', 'Unknown name', 'Unknown description'),
(1465, 'barchair_silo', '*ffffff,*ABD0D2', 1, 1, 1, 'NULL', 'SFC', 'Bar Stool', 'Practical and convenient'),
(2603, 'chair_plasty*3', '*ffffff,*ff2200,*ffffff,*ff2200', 1, 1, 1, 'NULL', 'SFC', 'Plastic Pod Chair', 'Hip plastic furniture'),
(1019, 'sofachair_polyfon', '*ffffff,*ffffff,*ABD0D2,*ABD0D2', 1, 1, 1, 'NULL', 'SFC', 'Armchair', 'Loft-style comfort'),
(1021, 'sofachair_silo', '*ffffff,*ffffff,*ABD0D2,*ABD0D2', 1, 1, 1, 'NULL', 'SFC', 'Armchair', 'Large, but worth it'),
(1031, 'table_silo_small', '*ffffff,*ABD0D2', 1, 1, 1, 'NULL', 'SFH', 'Occasional Table', 'For those random moments'),
(1854, 'habbowood_chair', '0,0,0', 1, 1, 1, 'NULL', 'SFC', 'Director\'s Chair', 'Exclusively for Directors'),
(1726, 'glass_chair', '*ffffff,*ABD0D2,*ABD0D2,*ffffff', 1, 1, 1, 'NULL', 'SFC', 'Glass chair', 'Translucent beauty'),
(1729, 'glass_table', '*ffffff,*ABD0D2,*ABD0D2,*ffffff', 2, 2, 1, 'NULL', 'SFH', 'Glass table', 'Translucent beauty'),
(2027, 'grunge_chair', '0,0,0', 1, 1, 0.99, 'NULL', 'SFC', 'Grunge Chair', 'Alternative chair for alternative people'),
(2032, 'grunge_table', '0,0,0', 2, 2, 1, 'NULL', 'SFH', 'Grunge Table', 'Students of the round table!'),
(1117, 'bartable_armas', '0,0,0', 1, 3, 1, 'NULL', 'SFH', 'Bardesk', 'Bar-Style Table - essential for extra guests'),
(1118, 'bar_chair_armas', '0,0,0', 1, 1, 1, 'NULL', 'SFC', 'Barrel Stool', 'The ultimate recycled furniture'),
(1675, 'chair_china', '0,0,0', 1, 1, 1, 'NULL', 'SFC', 'Chinese Lacquer Chair', 'The elegant beauty of tradition'),
(1015, 'chair_norja', '*ffffff,*ffffff,*F7EBBC,*F7EBBC', 1, 1, 1, 'NULL', 'SFC', 'Chair', 'Sleek and chic for each cheek'),
(2609, 'chair_plasty*9', '*ffffff,*533e10,*ffffff,*533e10', 1, 1, 1, 'NULL', 'SFC', 'Plastic Pod Chair', 'Hip plastic furniture'),
(1676, 'china_table', '0,0,0', 1, 1, 1, 'NULL', 'SFH', 'Chinese Lacquer Table', 'Exotic and classy'),
(1185, 'deadduck2', '0,0,0', 1, 1, 0.01, 'NULL', 'SF', 'Dead Duck 2', 'Someone forgot to feed me...'),
(1186, 'deadduck3', '0,0,0', 1, 1, 0.01, 'NULL', 'SF', 'Dead Duck 3', 'With added ectoplasm'),
(1275, 'djesko_turntable', '0,0,0', 1, 1, 1, 'NULL', 'SFH', 'Habbo Turntable', 'For the music-lovers'),
(1159, 'duck', '0,0,0', 1, 1, 0.01, 'NULL', 'SF', 'Rubber Duck', 'Every bather needs one'),
(1209, 'easterduck', '0,0,0', 1, 1, 0.01, 'NULL', 'SF', 'Wannabe bunny', 'Can you tell what it is yet?'),
(1772, 'goth_table', '0,0,0', 1, 5, 1, 'NULL', 'SFH', 'Gothic table', 'The dark side of Habbo'),
(1039, 'small_chair_armas', '0,0,0', 1, 1, 1, 'NULL', 'SFC', 'Stool', 'Rustic charm at it\'s best'),
(1135, 'smooth_table_polyfon', '0,0,0', 2, 2, 1, 'NULL', 'SFH', 'Large Dining Table', 'For larger gatherings'),
(1174, 'soft_sofachair_norja', '*ffffff,*F7EBBC,*F7EBBC', 1, 1, 1, 'NULL', 'SFC', 'iced sofachair', 'Soft iced sofachair'),
(1037, 'table_armas', '0,0,0', 2, 2, 1, 'NULL', 'SFH', 'Dining Table', 'For informal dining'),
(2598, 'table_plasto_4leg*15', '*ffffff,*FF97BA', 2, 2, 1, 'NULL', 'SFH', 'Occasional Table', 'Hip plastic furniture'),
(2591, 'table_plasto_4leg*9', '*ffffff,*533e10', 2, 2, 1, 'NULL', 'SFH', 'Occasional Table', 'Hip plastic furniture'),
(2578, 'table_plasto_bigsquare*7', '*ffffff,*ff6d00', 2, 2, 1, 'NULL', 'SFH', 'Square Dining Table', 'Hip plastic furniture'),
(1134, 'table_polyfon', '0,0,0', 2, 2, 1, 'NULL', 'SFH', 'Large Coffee Table', 'For larger gatherings'),
(1016, 'table_polyfon_med', '0,0,0', 2, 2, 1, 'NULL', 'SFH', 'Large Coffee Table', 'For larger gatherings'),
(1007, 'table_silo_med', '*ffffff,*ABD0D2', 2, 2, 1, 'NULL', 'SFH', 'Coffee Table', 'Wipe clean and unobtrusive'),
(1202, 'valeduck', '0,0,0', 1, 1, 0.01, 'NULL', 'SF', 'Valentine\'s Duck', 'He\'s lovestruck'),
(1191, 'xmasduck', '0,0,0', 1, 1, 0.01, 'NULL', 'SF', 'Christmas Rubber Duck', 'A right Christmas quacker!'),
(1038, 'small_table_armas', '0,0,0', 1, 1, 1, 'NULL', 'SFH', 'Occasional Table', 'Practical and beautiful'),
(1166, 'present_gen1', '0,0,0', 1, 1, 1, 'CUSTOM_VARIABLE', 'SFH', 'Gift', 'What\'s inside?'),
(1167, 'present_gen2', '0,0,0', 1, 1, 1, 'CUSTOM_VARIABLE', 'SFH', 'Gift', 'What\'s inside?'),
(1626, 'bardeskcorner_polyfon*5', '*ffffff,*FF9BBD', 1, 1, 1, 'NULL', 'SFH', 'Candy Corner', 'For sweet corners!'),
(1627, 'bardeskcorner_polyfon*6', '*ffffff,*5EAAF8', 1, 1, 1, 'NULL', 'SFH', 'Blue Mode Bardesk Corner', 'Blue Mode Bardesk Corner'),
(1628, 'bardeskcorner_polyfon*7', '*ffffff,*7CB135', 1, 1, 1, 'NULL', 'SFH', 'Green Mode Bardesk Corner', 'Green Mode Bardesk Corner'),
(1629, 'bardeskcorner_polyfon*8', '*ffffff,*FFD837', 1, 1, 1, 'NULL', 'SFH', 'Yellow Mode Bardesk Corner', 'Yellow Mode Bardesk Corner'),
(1630, 'bardeskcorner_polyfon*9', '*ffffff,*E14218', 1, 1, 1, 'NULL', 'SFH', 'Red Corner Desk', 'Tuck it away'),
(1225, 'divider_silo2', '0,0,0', 2, 1, 1, 'NULL', 'SFH', 'Screen', 'Stylish sectioning'),
(1594, 'sofa_polyfon*2', '*ffffff,*ffffff,*ffffff,*ffffff,*525252,*525252,*525252,*525252', 2, 1, 1, 'NULL', 'SFC', 'Black Mode Sofa', 'Black Mode Sofa'),
(1595, 'sofa_polyfon*3', '*ffffff,*ffffff,*ffffff,*ffffff,*ffffff,*ffffff,*ffffff,*ffffff', 2, 1, 1, 'NULL', 'SFC', 'White Two-seater Sofa', 'Comfort for stylish couples'),
(1596, 'sofa_polyfon*4', '*ffffff,*ffffff,*ffffff,*ffffff,*F7EBBC,*F7EBBC,*F7EBBC,*F7EBBC', 2, 1, 1, 'NULL', 'SFC', 'Beige Mode Sofa', 'Beige Mode Sofa'),
(1597, 'sofa_polyfon*6', '*ffffff,*ffffff,*ffffff,*ffffff,*5EAAF8,*5EAAF8,*5EAAF8,*5EAAF8', 2, 1, 1, 'NULL', 'SFC', 'Blue Mode Sofa', 'Blue Mode Sofa'),
(1598, 'sofa_polyfon*7', '*ffffff,*ffffff,*ffffff,*ffffff,*7CB135,*7CB135,*7CB135,*7CB135', 2, 1, 1, 'NULL', 'SFC', 'Green Mode Sofa', 'Green Mode Sofa'),
(1599, 'sofa_polyfon*8', '*ffffff,*ffffff,*ffffff,*ffffff,*FFD837,*FFD837,*FFD837,*FFD837', 2, 1, 1, 'NULL', 'SFC', 'Yellow Mode Sofa', 'Yellow Mode Sofa'),
(1600, 'sofa_polyfon*9', '*ffffff,*ffffff,*ffffff,*ffffff,*E14218,*E14218,*E14218,*E14218', 2, 1, 1, 'NULL', 'SFC', 'Red Two-seater Sofa', 'Comfort for stylish couples'),
(1136, 'sofachair_polyfon_girl', '*ffffff,*ffffff,*EE7EA4,*EE7EA4', 1, 1, 1, 'NULL', 'SFC', 'Armchair', 'Think pink'),
(1110, 'bar_polyfon', '0,0,0', 1, 1, 1, 'DOOROPEN', 'SFT', 'Mini-Bar', 'You naughty Habbo!'),
(1180, 'doorB', '0,0,0', 1, 1, 2, 'DOOROPEN', 'SFX', 'Wardrobe', 'Narnia this way!'),
(1181, 'doorC', '0,0,0', 1, 1, 2, 'DOOROPEN', 'SFX', 'Portaloo', 'In a hurry?'),
(1296, 'doorD', '0,0,0', 1, 1, 2, 'DOOROPEN', 'SFX', 'Imperial Teleport', 'Let\'s go over tzar!'),
(1140, 'bed_budgetb_one', '*FFFFFF,*FFFFFF,*FFFFFF,*FFFFFF,*FFFFFF,*FFFFFF', 1, 3, 1, 'NULL', 'SFB', 'Plain Single Bed', 'All you need for a good night\'s kip'),
(1141, 'bed_budgetb', '*FFFFFF,*FFFFFF,*FFFFFF,*FFFFFF,*FFFFFF,*FFFFFF', 2, 3, 1, 'NULL', 'SFB', 'Plain Double Bed', 'Sweet dreams for two'),
(1172, 'bar_basic', '0,0,0', 1, 1, 1, 'DOOROPEN', 'SFT', 'A Pura Minibar', 'A pura series 300 minibar'),
(1780, 'hc_rllr', '0,0,0', 1, 1, 0.45, 'NULL', 'SFKRH', 'HC Rollers Set', 'Highest class transportation'),
(1773, 'hc_bkshlf', '0,0,0', 1, 4, 3, 'NULL', 'SF', 'Medieval Bookcase', 'For the scholarly ones'),
(1361, 'scifidoor*10', '*ffffff,*bb99ff,*bb99ff,*bb99ff,*ffffff', 1, 1, 1.5, 'STATUS', 'SFGDQ', 'Violet Spaceship Door', 'There out of this world!'),
(1362, 'scifidoor*9', '*ffffff,*4488ff,*4488ff,*4488ff,*ffffff', 1, 1, 1.5, 'STATUS', 'SFGDQ', 'Blue Spaceship Door', 'There out of this world!'),
(1363, 'scifidoor*8', '*ffffff,*ff99cc,*ff99cc,*ff99cc,*ffffff', 1, 1, 1.5, 'STATUS', 'SFGDQ', 'Purple Spaceship Door', 'There out of this world!'),
(1364, 'scifidoor*7', '*ffffff,*aaffff,*aaffff,*aaffff,*ffffff', 1, 1, 1.5, 'STATUS', 'SFGDQ', 'Aqua Spaceship Door', 'There out of this world!'),
(1365, 'scifidoor*6', '*ffffff,*333333,*333333,*333333,*ffffff', 1, 1, 1.5, 'STATUS', 'SFGDQ', 'Black Monolith', 'Monolith goes up! Monolith goes down!'),
(1366, 'scifidoor*5', '*ffffff,*ffffff,*ffffff,*ffffff,*ffffff', 1, 1, 1.5, 'STATUS', 'SFGDQ', 'White Spaceship Door', 'There out of this world!'),
(1367, 'scifidoor*4', '*ffffff,*99dd77,*99dd77,*99dd77,*ffffff', 1, 1, 1.5, 'STATUS', 'SFGDQ', 'Emerald Spaceship Door', 'Protect your pot of gold!'),
(1368, 'scifidoor*3', '*ffffff,*aaccff,*aaccff,*aaccff,*ffffff', 1, 1, 1.5, 'STATUS', 'SFGDQ', 'Lightblue Spaceship Door', 'There out of this world!'),
(1369, 'scifidoor*2', '*ffffff,*ffee66,*ffee66,*ffee66,*ffffff', 1, 1, 1.5, 'STATUS', 'SFGDQ', 'Yellow Spaceship Door', 'There out of this world!'),
(1370, 'scifidoor*1', '*ffffff,*ffaaaa,*ffaaaa,*ffaaaa,*ffffff', 1, 1, 1.5, 'STATUS', 'SFGDQ', 'Pink Spaceship Door', 'There out of this world!'),
(1277, 'md_limukaappi', '0,0,0', 1, 1, 1.5, 'DOOROPEN', 'SFT', 'Mountain Dew machine', 'The epic soft drink!'),
(1295, 'hockey_light', '0,0,0', 1, 1, 1, 'SWITCHON', 'SFT', 'Lert', 'Set it off.'),
(1126, 'red_tv', '0,0,0', 1, 1, 1, 'FIREON', 'SF', 'Portable TV', 'Don?t miss those soaps'),
(2050, 'tree6', '0,0,0', 1, 1, 2, 'NULL', 'SF', 'Flashy Christmas Tree', 'The future\'s bright!'),
(1824, 'plant_mazegate', '0,0,0', 2, 1, 1, 'STATUS', 'SFGDQ', 'Maze Shrubbery Gate', 'Did we make it?'),
(2054, 'plant_mazegate_snow', '0,0,0', 2, 1, 1, 'STATUS', 'SFGDQ', 'Snowy Maze Gate', 'There\'s snow way through!'),
(1452, 'rare_snowrug', '0,0,0', 2, 2, 0.01, 'NULL', 'SFKH', 'Snow Rug', 'Chilled Elegance'),
(1674, 'rare_moonrug', '0,0,0', 2, 2, 0.01, 'NULL', 'SFKH', 'Moon Patch', 'Desolation rocks!'),
(2374, 'val_heart', '0,0,0', 0, 0, 0.01, 'SWITCHON', 'SFM', 'Unknown name', 'Unknown description'),
(1205, 'samovar', '0,0,0', 1, 1, 1, 'NULL', 'SF', 'Russian Samovar', 'Click for a refreshing cuppa'),
(1231, 'camera', '0,0,0', 1, 1, 1, 'NULL', 'SF', 'Camera', 'Smile!'),
(1115, 'floortile', '0,0,0', 1, 1, 0.01, 'NULL', 'SFKH', 'Floor Tile', 'In Variety of Colours'),
(1164, 'tile_yell', '0,0,0', 4, 4, 0.01, 'NULL', 'SFKH', 'Floor Tiles', 'In a choice of colours'),
(1208, 'hologram', '0,0,0', 1, 1, 0.2, 'SWITCHON', 'SFT', 'Holopod', 'As if by magic...'),
(1230, 'redhologram', '0,0,0', 1, 1, 0.2, 'SWITCHON', 'SFT', 'Holo-girl', 'You\'re her only hope...'),
(2058, 'christmas_poop', '0,0,0', 1, 1, 0.1, 'SWITCHON', 'SFMH', 'Reindeer Droppings', 'Bob?s magical fertilizer'),
(1043, 'carpet_standard', '0,0,0', 3, 5, 0.01, 'NULL', 'SFKH', 'Floor rug', 'Available in a variety of colours'),
(1052, 'carpet_standard*1', '*ff1f08', 3, 5, 0.01, 'NULL', 'SFKH', 'Floor Rug', 'Available in a variety of colours'),
(1060, 'carpet_standard*2', '*99DCCC', 3, 5, 0.01, 'NULL', 'SFKH', 'Floor Rug', 'Available in a variety of colours'),
(1066, 'carpet_standard*3', '*ffee00', 3, 5, 0.01, 'NULL', 'SFKH', 'Floor Rug', 'Available in a variety of colours'),
(1073, 'carpet_standard*4', '*ccddff', 3, 5, 0.01, 'NULL', 'SFKH', 'Floor Rug', 'Available in a variety of colours'),
(1077, 'carpet_standard*5', '*ddccff', 3, 5, 0.01, 'NULL', 'SFKH', 'Floor Rug', 'Available in a variety of colours'),
(1103, 'carpet_standard*6', '*777777', 3, 5, 0.01, 'NULL', 'SFKH', 'Floor Rug', 'Available in a variety of colours'),
(1120, 'carpet_soft*1', '*CC3333', 2, 4, 0.01, 'NULL', 'SFKH', 'Soft Wool Rug', 'Soft Wool Rug'),
(1121, 'carpet_soft*2', '*66FFFF', 2, 4, 0.01, 'NULL', 'SFKH', 'Soft Wool Rug', 'Soft Wool Rug'),
(1122, 'carpet_soft*3', '*FFCC99', 2, 4, 0.01, 'NULL', 'SFKH', 'Soft Wool Rug', 'Soft Wool Rug'),
(1123, 'carpet_soft*4', '*FFCCFF', 2, 4, 0.01, 'NULL', 'SFKH', 'Soft Wool Rug', 'Soft Wool Rug'),
(1124, 'carpet_soft*5', '*FFFF66', 2, 4, 0.01, 'NULL', 'SFKH', 'Soft Wool Rug', 'Soft Wool Rug'),
(1125, 'carpet_soft*6', '*669933', 2, 4, 0.01, 'NULL', 'SFKH', 'Soft Wool Rug', 'Soft Wool Rug'),
(1148, 'carpet_standard*7', '*99CCFF,*99CCFF,*99CCFF', 3, 5, 0.01, 'NULL', 'SFKH', 'Floor Rug', 'Available in a variety of colours'),
(1149, 'carpet_standard*8', '*999966,*999966,*999966', 3, 5, 0.01, 'NULL', 'SFKH', 'Floor Rug', 'Available in a variety of colours'),
(1150, 'carpet_standard*9', '*FFDD00,*FFDD00,*FFDD00', 3, 5, 0.01, 'NULL', 'SFKH', 'Floor Rug', 'Available in a variety of colours'),
(1151, 'carpet_standard*a', '*55AC00,*55AC00,*55AC00', 3, 5, 0.01, 'NULL', 'SFKH', 'Floor Rug', 'Available in a variety of colours'),
(1152, 'carpet_standard*b', '*336666,*336666,*336666', 3, 5, 0.01, 'NULL', 'SFKH', 'Floor Rug', 'Available in a variety of colours'),
(1828, 'carpet_valentine', '0,0,0', 2, 7, 0.01, 'NULL', 'SFKH', 'Red carpet', 'For making an appearance'),
(1478, 'barrier*1', '*ffffff,*ffffff,*FFCA28,*FFCA28', 1, 2, 1, 'NULL', 'SF', 'Yellow Maze Barrier', 'No escape this way!'),
(1479, 'barrier*2', '*ffffff,*ffffff,*ffffff,*ffffff', 1, 2, 1, 'NULL', 'SF', 'White Road Barrier', 'No trespassing, please!'),
(2407, 'floor', '', 0, 0, 0.01, 'NULL', 'IV', 'Floor', 'null'),
(2408, 'wallpaper', '', 0, 0, 0.01, 'NULL', 'IV', 'Wallpaper', 'null'),
(2409, 'poster', '', 0, 0, 0.01, 'NULL', 'IW', 'Poster', 'null'),
(2410, 'table_norja_med', '0,*E2DAAC', 2, 2, 1, 'NULL', 'SFH', 'Coffee Table', 'Elegance embodied'),
(2411, 'doormat_plain*4', '*ccddff', 1, 1, 0.01, 'NULL', 'SFKH', 'Doormat', 'Available in a variety of colours'),
(2412, 'doormat_plain*2', '*99DCCC', 1, 1, 0.01, 'NULL', 'SFKH', 'Doormat', 'Available in a variety of colours'),
(2413, 'doormat_plain*3', '*ffee00', 1, 1, 0.01, 'NULL', 'SFKH', 'Doormat', 'Available in a variety of colours'),
(2414, 'doormat_plain*5', '*ddccff', 1, 1, 0.01, 'NULL', 'SFKH', 'Doormat', 'Available in a variety of colours'),
(1666, 'solarium_norja*2', '*ffffff,*F7EBC0,*ffffff', 1, 1, 2.5, 'NULL', 'SFH', 'Beige Solarium', 'Rejuvenate your pixels!'),
(1665, 'solarium_norja*1', '*ffffff,*525252,*ffffff', 1, 1, 2.5, 'NULL', 'SFH', 'Black Solarium', 'Rejuvenate your pixels!'),
(1667, 'solarium_norja*3', '*ffffff,*ABD0D2,*ffffff', 1, 1, 2.5, 'NULL', 'SFH', 'Urban Solarium', 'Get the city look!'),
(1668, 'solarium_norja*5', '*ffffff,*EE7EA4,*ffffff', 1, 1, 2.5, 'NULL', 'SFH', 'Pink Solarium', 'Rejuvenate your pixels!'),
(1669, 'solarium_norja*6', '*ffffff,*5EAAF8,*ffffff', 1, 1, 2.5, 'NULL', 'SFH', 'Blue Solarium', 'Rejuvenate your pixels!'),
(1670, 'solarium_norja*7', '*ffffff,*7CB135,*ffffff', 1, 1, 2.5, 'NULL', 'SFH', 'Rural Solarium', 'Fun in the sun!'),
(1671, 'solarium_norja*8', '*ffffff,*FFD837,*ffffff', 1, 1, 2.5, 'NULL', 'SFH', 'Yellow Solarium', 'Rejuvenate your pixels!'),
(1672, 'solarium_norja*9', '*ffffff,*E14218,*ffffff', 1, 1, 2.5, 'NULL', 'SFH', 'Red Solarium', 'Rejuvenate your pixels!'),
(502, 'poolEnter', '', 1, 1, 0.01, 'NULL', 'EM', 'Swimming pool entrance trigger', 'Unknown description'),
(503, 'poolExit', '', 1, 1, 0.01, 'NULL', 'EM', 'Swimming pool exit trigger', 'Unknown description');
INSERT INTO `item_definitions` (`id`, `sprite`, `color`, `length`, `width`, `height`, `dataclass`, `behaviour`, `name`, `description`) VALUES
(501, 'poolBooth', '', 1, 1, 0.01, 'NULL', 'EM', 'Swimming pool clothing booth', 'Unknown description'),
(510, 'paalu1', '', 1, 1, 0.01, 'NULL', 'PFM', 'Inflatable ball 1', 'Unknown description'),
(511, 'paalu3', '', 1, 1, 0.01, 'NULL', 'PFM', 'Inflatable ball 3', 'Unknown description'),
(512, 'paalu5', '', 1, 1, 0.01, 'NULL', 'PFM', 'Unknown name', 'Unknown description'),
(513, 'wsJoinQueue', '', 1, 1, 0.01, 'NULL', 'EM', 'Wobble Squabble join queue trigger', 'Unknown description'),
(2415, 'flower1', '', 1, 1, 0.01, 'NULL', 'PF', '', ''),
(2416, 'chairf2b', '', 1, 1, 1, 'NULL', 'PFC', '', ''),
(2417, 'chairf2', '', 1, 1, 1, 'NULL', 'PFC', '', ''),
(2418, 'table1', '', 1, 1, 0.01, 'NULL', 'PF', '', ''),
(2419, 'watermatic', '', 1, 1, 0.01, 'NULL', 'PF', '', ''),
(2420, 'telkka', '', 1, 1, 0.01, 'NULL', 'PF', '', ''),
(2421, 'chairf2d', '', 1, 1, 1, 'NULL', 'PFC', '', ''),
(2422, 'roommatic', '', 1, 1, 0.01, 'NULL', 'PF', '', ''),
(2423, 'chairf1', '', 1, 1, 1, 'NULL', 'PFC', '', ''),
(2424, 'table2c', '', 1, 1, 0.01, 'NULL', 'PF', '', ''),
(2425, 'table2b', '', 1, 1, 0.01, 'NULL', 'PF', '', ''),
(2426, 'table2', '', 1, 1, 0.01, 'NULL', 'PF', '', ''),
(2427, 'chairf2c', '', 1, 1, 1, 'NULL', 'PFC', '', ''),
(2428, 'flower2', '', 1, 1, 0.01, 'NULL', 'PF', '', ''),
(2429, 'orange', '', 1, 1, 0.01, 'NULL', 'PF', '', ''),
(2430, 'loungey_chair', '', 1, 1, 1, 'NULL', 'PFC', '', ''),
(2431, 'loungey_tablebigb', '', 1, 1, 0.01, 'NULL', 'PF', '', ''),
(2432, 'loungey_tablebiga', '', 1, 1, 0.01, 'NULL', 'PF', '', ''),
(2433, 'loungey_table', '', 1, 1, 0.01, 'NULL', 'PF', '', ''),
(2434, 'theater_chair', '', 1, 1, 1, 'NULL', 'PFC', '', ''),
(2435, 'stair', '', 1, 1, 0.01, 'NULL', 'PF', '', ''),
(2436, 'lightpole', '', 1, 1, 0.01, 'NULL', 'PF', '', ''),
(2437, 'pomomaski', '', 1, 1, 0.01, 'NULL', 'PF', '', ''),
(2438, 'cubicb_chair', '', 1, 1, 1, 'NULL', 'PFC', '', ''),
(2439, 'cubico_chair', '', 1, 1, 1, 'NULL', 'PFC', '', ''),
(2440, 'bardesque', '', 1, 1, 0.01, 'NULL', 'PF', '', ''),
(2441, 'bar_chair', '', 1, 1, 1, 'NULL', 'PFC', '', ''),
(2442, 'mic', '', 1, 1, 0.01, 'NULL', 'PF', '', ''),
(2443, 'thchair2', '', 1, 1, 1, 'NULL', 'PFC', '', ''),
(2444, 'thchair1', '', 1, 1, 1, 'NULL', 'PFC', '', ''),
(2446, 'sofa', '', 1, 1, 1, 'NULL', 'PFC', '', ''),
(2447, 'table', '', 1, 1, 0.01, 'NULL', 'PF', '', ''),
(2448, 'tablesp', '', 1, 1, 0.01, 'NULL', 'PF', '', ''),
(2449, 'trashcan', '', 1, 1, 0.01, 'NULL', 'PF', '', ''),
(2450, 'sofa2', '', 1, 1, 1, 'NULL', 'PFC', '', ''),
(2451, 'bardesk3', '', 1, 1, 0.01, 'NULL', 'PF', '', ''),
(2452, 'bardesk4', '', 1, 1, 0.01, 'NULL', 'PF', '', ''),
(2453, 'bardesk', '', 1, 1, 0.01, 'NULL', 'PF', '', ''),
(2454, 'bardesk2', '', 1, 1, 0.01, 'NULL', 'PF', '', ''),
(2455, 'flower2b', '', 1, 1, 0.01, 'NULL', 'PF', '', ''),
(2456, 'flower2a', '', 1, 1, 0.01, 'NULL', 'PF', '', ''),
(2457, 'box', '', 1, 1, 0.01, 'NULL', 'PF', '', ''),
(2458, 'pool_chairy', '', 1, 1, 1, 'NULL', 'PFC', '', ''),
(2459, 'umbrellay', '', 1, 1, 0.01, 'NULL', 'PF', '', ''),
(2460, 'pool_tabley', '', 1, 1, 0.01, 'NULL', 'PF', '', ''),
(2461, 'umbrellap', '', 1, 1, 0.01, 'NULL', 'PF', '', ''),
(2462, 'pool_chairp', '', 1, 1, 1, 'NULL', 'PFC', '', ''),
(2463, 'pool_chairo', '', 1, 1, 1, 'NULL', 'PFC', '', ''),
(2464, 'pool_tablep', '', 1, 1, 0.01, 'NULL', 'PF', '', ''),
(2465, 'umbrellao', '', 1, 1, 0.01, 'NULL', 'PF', '', ''),
(2466, 'pool_tabo', '', 1, 1, 0.01, 'NULL', 'PF', '', ''),
(2467, 'pool_chairg', '', 1, 1, 1, 'NULL', 'PFC', '', ''),
(2468, 'umbrellag', '', 1, 1, 0.01, 'NULL', 'PF', '', ''),
(2469, 'pool_tablg', '', 1, 1, 0.01, 'NULL', 'PF', '', ''),
(2470, 'umbrella2', '', 1, 1, 0.01, 'NULL', 'PF', '', ''),
(2471, 'pool_2sofa2', '', 1, 1, 1, 'NULL', 'PFC', '', ''),
(2472, 'pool_2sofa1', '', 1, 1, 1, 'NULL', 'PFC', '', ''),
(2473, 'pool_chair2', '', 1, 1, 1, 'NULL', 'PFC', '', ''),
(2474, 'pool_table2', '', 1, 1, 0.01, 'NULL', 'PF', '', ''),
(2475, 'moneyplant', '', 1, 1, 0.01, 'NULL', 'PF', '', ''),
(2476, 'standinglamp', '', 1, 1, 0.01, 'NULL', 'PF', '', ''),
(2477, 'edge1', '', 1, 1, 1, 'NULL', 'PFC', '', ''),
(2478, 'newtable1', '', 1, 1, 0.01, 'NULL', 'PF', '', ''),
(2479, 'edge2', '', 1, 1, 0.01, 'NULL', 'PF', '', ''),
(2480, 'edgeb1', '', 1, 1, 0.01, 'NULL', 'PF', '', ''),
(2481, 'edgeb2', '', 1, 1, 0.01, 'NULL', 'PF', '', ''),
(2482, 'edgec1', '', 1, 1, 0.01, 'NULL', 'PF', '', ''),
(2483, 'chairg1', '', 1, 1, 1, 'NULL', 'PFC', '', ''),
(2484, 'chairg2b', '', 1, 1, 1, 'NULL', 'PFC', '', ''),
(2485, 'chairg2c', '', 1, 1, 1, 'NULL', 'PFC', '', ''),
(2486, 'chairg2', '', 1, 1, 1, 'NULL', 'PFC', '', ''),
(2487, 'newtable2', '', 1, 1, 0.01, 'NULL', 'PF', '', ''),
(2488, 'edgec2', '', 1, 1, 0.01, 'NULL', 'PF', '', ''),
(2489, 'lounge_chair_small', '', 1, 1, 1, 'NULL', 'PFC', '', ''),
(2490, 'lounge_table_one', '', 1, 1, 0.01, 'NULL', 'PF', '', ''),
(2491, 'lounge_private_bigback', '', 1, 1, 0.01, 'NULL', 'PF', '', ''),
(2492, 'lounge_private_bigsofaback', '', 1, 1, 0.01, 'NULL', 'PF', '', ''),
(2493, 'lounge_private_bigsofa', '', 1, 1, 1, 'NULL', 'PFC', '', ''),
(2494, 'lounge_table_threea', '', 1, 1, 0.01, 'NULL', 'PF', '', ''),
(2495, 'lounge_table_threeb', '', 1, 1, 0.01, 'NULL', 'PF', '', ''),
(2496, 'lounge_table_threec', '', 1, 1, 0.01, 'NULL', 'PFC', '', ''),
(2497, 'lounge_private_bigcorner', '', 1, 1, 0.01, 'NULL', 'PF', '', ''),
(2498, 'lounge_bara', '', 1, 1, 0.01, 'NULL', 'PF', '', ''),
(2499, 'infokiosk', '', 1, 1, 0.01, 'NULL', 'PF', '', ''),
(2500, 'cafe_chair', '', 1, 1, 1, 'NULL', 'PFC', '', ''),
(2501, 'cafe_table_small', '', 1, 1, 0.01, 'NULL', 'PF', '', ''),
(2502, 'cafe_table_mid', '', 1, 1, 0.01, 'NULL', 'PF', '', ''),
(2503, 'cafe_table_largea', '', 1, 1, 0.01, 'NULL', 'PF', '', ''),
(2504, 'cafe_table_largeb', '', 1, 1, 0.01, 'NULL', 'PF', '', ''),
(2505, 'cafe_desk1', '', 1, 1, 0.01, 'NULL', 'PF', '', ''),
(2506, 'cafe_desk2', '', 1, 1, 0.01, 'NULL', 'PF', '', ''),
(2507, 'cafe_desk3', '', 1, 1, 0.01, 'NULL', 'PF', '', ''),
(2508, 'cafe_desk4', '', 1, 1, 0.01, 'NULL', 'PF', '', ''),
(2509, 'cafe_pianoa', '', 1, 1, 0.01, 'NULL', 'PF', '', ''),
(2510, 'cafe_pianob', '', 1, 1, 0.01, 'NULL', 'PF', '', ''),
(2511, 'cafe_pianoc', '', 1, 1, 0.01, 'NULL', 'PF', '', ''),
(2512, 'plant_yucca', '', 1, 1, 0.01, 'NULL', 'PF', '', ''),
(2513, 'construction', '', 1, 1, 0.01, 'NULL', 'PF', '', ''),
(2514, 'pub_pineapple_small', '', 1, 1, 0.01, 'NULL', 'PF', '', ''),
(2515, 'fatsblox', '', 1, 1, 0.01, 'NULL', 'PF', '', ''),
(2516, 'fatsofaa', '', 1, 1, 1, 'NULL', 'PFC', '', ''),
(2517, 'pub_sofa2', '', 1, 1, 1, 'NULL', 'PFC', '', ''),
(2518, 'pub_sofa', '', 1, 1, 1, 'NULL', 'PFC', '', ''),
(2519, 'bardesk1', '', 1, 1, 0.01, 'NULL', 'PF', '', ''),
(2520, 'pub_chair', '', 1, 1, 1, 'NULL', 'PFC', '', ''),
(2521, 'pub_fence', '', 1, 1, 0.01, 'NULL', 'PF', '', ''),
(2522, 'pub_chair2', '', 1, 1, 1, 'NULL', 'PFC', '', ''),
(2523, 'pub_chair3', '', 1, 1, 1, 'NULL', 'PFC', '', ''),
(2524, 'pub_table2', '', 1, 1, 0.01, 'NULL', 'PF', '', ''),
(2525, 'pub_table', '', 1, 1, 0.01, 'NULL', 'PF', '', ''),
(2526, 'bar_chair_green', '', 1, 1, 1, 'NULL', 'PFC', '', ''),
(2527, 'bar_table_green_a', '', 1, 1, 1, 'NULL', 'PF', '', ''),
(2528, 'bar_bare', '', 1, 1, 0.01, 'NULL', 'PF', '', ''),
(2529, 'bar_bard', '', 1, 1, 0.01, 'NULL', 'PF', '', ''),
(2530, 'bar_bara', '', 1, 1, 0.01, 'NULL', 'PF', '', ''),
(2531, 'bar_barb', '', 1, 1, 0.01, 'NULL', 'PF', '', ''),
(2532, 'bar_barc', '', 1, 1, 0.01, 'NULL', 'PF', '', ''),
(2533, 'bar_chair_blue', '', 1, 1, 1, 'NULL', 'PFC', '', ''),
(2534, 'bar_table_small_blue', '', 1, 1, 0.01, 'NULL', 'PF', '', ''),
(2535, 'bar_table_blue', '', 1, 1, 1, 'NULL', 'PFC', '', ''),
(2536, 'bar_djbooth', '', 1, 1, 0.01, 'NULL', 'PF', '', ''),
(2537, 'goldfish_bar', '', 1, 1, 0.01, 'NULL', 'PF', '', ''),
(2538, 'plant', '', 1, 1, 0.01, 'NULL', 'PF', '', ''),
(2539, 'bed_trad_one', '0,0,0', 3, 1, 0.01, 'NULL', 'SFB', 'Traditional Bed', 'Project Goldfish!'),
(2540, 'bed_trad', '0,0,0', 3, 2, 0.01, '', '', 'Traditional Double Bed', 'Project Goldfish x2!'),
(2610, 'chair_plasty*10', '*ffffff,*CC3399,*ffffff,*CC3399', 1, 1, 1, 'NULL', 'SFC', 'Plastic Pod Chair', 'Hip plastic furniture'),
(2611, 'chair_plasty*11', '*ffffff,*FF97BA,*ffffff,*FF97BA', 1, 1, 1, 'NULL', 'SFC', 'Plastic Pod Chair', 'Hip plastic furniture'),
(2612, 'chair_plasto*9', '*ffffff,*533e10,*ffffff,*533e10', 1, 1, 1, 'NULL', 'SFC', 'Chair', 'Hip plastic furniture'),
(2613, 'table_chess', '', 1, 1, 0.01, '', 'PF', 'Unknown name', 'Unknown description'),
(2614, 'table_chess_king', '', 1, 1, 0.01, '', 'PF', 'Unknown name', 'Unknown description'),
(2615, 'gamehall_chair_green', '', 1, 1, 1, '', 'PFC', 'Unknown name', 'Unknown description'),
(2616, 'chess_king_chair', '', 1, 1, 1, '', 'PFC', 'Unknown name', 'Unknown description'),
(2617, 'plant_ftree', '', 1, 1, 0.01, '', 'PF', 'Unknown name', 'Unknown description'),
(2618, 'cafe_desk5', '', 1, 1, 0.01, '', 'PF', 'Unknown name', 'Unknown description'),
(2619, 'cafe_fence1', '', 1, 1, 0.01, '', 'PF', 'Unknown name', 'Unknown description'),
(2620, 'cafe_fence2', '', 1, 1, 0.01, '', 'PF', 'Unknown name', 'Unknown description'),
(2621, 'cafe_fence3', '', 1, 1, 0.01, '', 'PF', 'Unknown name', 'Unknown description'),
(2622, 'cafe_fence4', '', 1, 1, 0.01, '', 'PF', 'Unknown name', 'Unknown description'),
(2623, 'cafe_barchair', '', 1, 1, 1, '', 'PFC', 'Unknown name', 'Unknown description'),
(2625, 'splashkiosk', '', 3, 3, 1, '', 'PF', 'Unknown name', 'Unknown description'),
(2626, 'gl_sofaa', '', 1, 1, 1, '', 'PFC', 'Unknown name', 'Unknown description'),
(2627, 'gl_sofab', '', 1, 1, 1, '', 'PFC', 'Unknown name', 'Unknown description'),
(2628, 'gl_sofac', '', 1, 1, 1, '', 'PFC', 'Unknown name', 'Unknown description'),
(2629, 'gl_table', '', 1, 1, 1, '', 'PF', 'Unknown name', 'Unknown description'),
(2630, 'gl_tablea', '', 1, 1, 1, '', 'PF', 'Unknown name', 'Unknown description'),
(2631, 'gl_chair', '', 1, 1, 1, '', 'PFC', 'Unknown name', 'Unknown description'),
(2632, 'gl_sofatable', '', 1, 1, 1, '', 'PF', 'Unknown name', 'Unknown description'),
(2633, 'gl_yukka', '', 1, 1, 1, '', 'PF', 'Unknown name', 'Unknown description'),
(2635, 'table_xoxa', '', 1, 1, 1, '', 'PF', 'Unknown name', 'Unknown description'),
(2636, 'table_xoxb', '', 1, 1, 1, '', 'PF', 'Unknown name', 'Unknown description'),
(2637, 'table_battleships', '', 1, 1, 1, '', 'PF', 'Unknown name', 'Unknown description'),
(2638, 'cardtablea', '', 1, 1, 1, '', 'PF', 'Unknown name', 'Unknown description'),
(2639, 'cardtableb', '', 1, 1, 1, '', 'PF', 'Unknown name', 'Unknown description');

-- --------------------------------------------------------

--
-- Table structure for table `messenger_friendships`
--

CREATE TABLE `messenger_friendships` (
  `id` int(11) NOT NULL,
  `sender` int(11) NOT NULL,
  `receiver` int(11) NOT NULL
) ENGINE=InnoDB DEFAULT CHARSET=latin1;

--
-- Dumping data for table `messenger_friendships`
--

INSERT INTO `messenger_friendships` (`id`, `sender`, `receiver`) VALUES
(9, 5, 27),
(10, 48, 27),
(11, 48, 5),
(12, 32, 5),
(14, -15, -5),
(15, 5, 19),
(16, -2, -2),
(17, 15, 5),
(18, 13, 32);

-- --------------------------------------------------------

--
-- Table structure for table `messenger_messages`
--

CREATE TABLE `messenger_messages` (
  `id` int(11) NOT NULL,
  `to_id` int(11) NOT NULL,
  `from_id` int(11) NOT NULL,
  `time_sent` bigint(20) NOT NULL,
  `unread` tinyint(1) NOT NULL DEFAULT '1',
  `message` varchar(300) NOT NULL
) ENGINE=InnoDB DEFAULT CHARSET=utf8;

--
-- Dumping data for table `messenger_messages`
--

INSERT INTO `messenger_messages` (`id`, `to_id`, `from_id`, `time_sent`, `unread`, `message`) VALUES
(3, 5, 27, 1493401173095, 0, 'Blah'),
(4, 27, 5, 1493401180455, 0, 'stfu'),
(5, 5, 27, 1493401455738, 0, 'This is a message blah *-*'),
(6, 27, 48, 1493402677384, 0, 'how do I follow?'),
(7, 48, 27, 1493402687938, 0, 'Just go to Habbo Lido'),
(8, 5, 32, 1493412961029, 0, 'hey'),
(9, 13, 32, 1493413011178, 0, 'hey'),
(10, 5, 32, 1493413033092, 0, 'heh'),
(11, 32, 13, 1493413053802, 0, 'k'),
(12, 13, 32, 1493413068242, 0, 'no RERERERERrwe\';werwer[p\rwer\r'),
(13, 5, 15, 1493420402018, 0, 'Hi '),
(14, 5, 15, 1493425736039, 0, 'Hi Alex, would you like to see my retro?'),
(15, 15, 5, 1493448037682, 0, 'Sure :D'),
(16, 32, 5, 1493448372202, 0, 'testing'),
(17, 48, 5, 1493448372205, 1, 'testing'),
(18, 5, 27, 1493454987420, 0, 'Blah'),
(19, 27, 5, 1493455001157, 0, 'Hi, stop saying Blah! :D'),
(20, 5, 27, 1493455022938, 0, 'Sorry I\'m packetlogging the whole server so I had to make you send a message back thxbai;p'),
(21, 27, 5, 1493455049285, 0, 'lol, btw packetlogging private and public rooms wont work because they\'re on different ports :P\n\n'),
(22, 5, 27, 1493455065014, 0, 'I just realized XD'),
(23, 27, 5, 1493455076492, 0, 'ur not in a room aren\'t u?'),
(24, 5, 27, 1493455094412, 0, 'Nope'),
(25, 27, 5, 1493455148138, 1, 'Right, all good.\n\nAlso when you recieve [] in the messenger message, it\'s actually suppose to be the receiver ID\'s\n\n[2, 5, 6, 10] etc'),
(26, 19, 5, 1493471979517, 0, 'boooooooooooo'),
(27, 19, 5, 1493473897727, 0, 'hey sexy :D :D'),
(28, 5, 19, 1493474021475, 0, 'kiss meh'),
(29, 19, 5, 1493474029635, 0, ':O'),
(30, 5, 19, 1493474069626, 0, 'Father :O'),
(31, 19, 5, 1493474081239, 0, 'Don\'t call me that, mate.'),
(32, 5, 19, 1493474122331, 0, 'lol sorry was stucked with star wars again'),
(33, 19, 5, 1493474138826, 0, 'ok.... well couldya not ignore me plz'),
(34, 5, 19, 1493475293949, 0, 'lemme restart teh vps too lag :('),
(35, 19, 5, 1493475305458, 0, 'kek'),
(36, 15, 5, 1493476858104, 0, 'come back? :('),
(37, 15, 5, 1493478767089, 0, 'The console was added yesterday :)'),
(38, 5, 15, 1493478803380, 0, ':D\n'),
(39, 5, 15, 1493478822049, 0, 'flood again :p'),
(40, 5, 15, 1493480330883, 0, ':p'),
(41, 32, 13, 1493488691275, 0, 'hey'),
(42, 19, 5, 1493550210587, 0, 'im back bish xoxoxo'),
(43, 5, 19, 1493559781037, 1, 'Weba where are you??');

-- --------------------------------------------------------

--
-- Table structure for table `messenger_requests`
--

CREATE TABLE `messenger_requests` (
  `id` int(11) NOT NULL,
  `from_id` int(11) NOT NULL,
  `to_id` int(11) NOT NULL
) ENGINE=InnoDB DEFAULT CHARSET=latin1;

-- --------------------------------------------------------

--
-- Table structure for table `rooms`
--

CREATE TABLE `rooms` (
  `id` int(100) NOT NULL,
  `name` varchar(75) NOT NULL,
  `order_id` int(11) NOT NULL DEFAULT '-1',
  `room_type` tinyint(1) NOT NULL DEFAULT '0' COMMENT '0 = private room, 1 = public',
  `enabled` tinyint(1) NOT NULL DEFAULT '1',
  `hidden` tinyint(1) NOT NULL DEFAULT '0',
  `date_created` timestamp NOT NULL DEFAULT CURRENT_TIMESTAMP,
  `owner_id` int(100) NOT NULL DEFAULT '-1',
  `description` varchar(250) DEFAULT NULL,
  `password` varchar(25) NOT NULL DEFAULT '',
  `state` tinyint(1) NOT NULL DEFAULT '0',
  `show_owner_name` tinyint(1) NOT NULL DEFAULT '1',
  `allsuperuser` tinyint(1) NOT NULL DEFAULT '0',
  `users_now` int(11) NOT NULL DEFAULT '0',
  `users_max` int(11) NOT NULL DEFAULT '25',
  `cct` varchar(50) NOT NULL DEFAULT 'floor1',
  `model` varchar(15) NOT NULL DEFAULT '',
  `wallpaper` varchar(5) NOT NULL DEFAULT '0',
  `floor` varchar(5) NOT NULL DEFAULT '0'
) ENGINE=InnoDB DEFAULT CHARSET=latin1;

--
-- Dumping data for table `rooms`
--

INSERT INTO `rooms` (`id`, `name`, `order_id`, `room_type`, `enabled`, `hidden`, `date_created`, `owner_id`, `description`, `password`, `state`, `show_owner_name`, `allsuperuser`, `users_now`, `users_max`, `cct`, `model`, `wallpaper`, `floor`) VALUES
(12, 'Main Lobby', 0, 1, 1, 0, '2017-03-30 18:12:13', -1, NULL, '', 0, 1, 0, 0, 40, 'lobby', 'lobby_a', '0', '0'),
(13, 'Habbo Lido', 5, 1, 1, 0, '2017-03-30 18:46:42', -1, NULL, '', 0, 1, 0, 0, 40, 'lido', 'pool_a', '0', '0'),
(14, 'The Dirty Duck Pub', 10, 1, 1, 0, '2017-03-30 20:36:00', -1, NULL, '', 0, 1, 0, 0, 40, 'pub', 'pub_a', '0', '0'),
(16, 'Hotel Kitchen', 13, 1, 1, 0, '2017-03-30 20:58:19', -1, NULL, '', 0, 1, 0, 0, 25, 'kitchen', 'cr_kitchen', '0', '0'),
(17, 'Cafe Ole', 12, 1, 1, 0, '2017-03-30 20:58:19', -1, NULL, '', 0, 1, 0, 0, 40, 'cafe', 'taivas_cafe', '0', '0'),
(19, 'Habburger\'s', 9, 1, 1, 0, '2017-03-30 21:04:13', -1, NULL, '', 0, 1, 0, 0, 40, 'habburger', 'habburger', '0', '0'),
(21, 'Habbo Lido II', 6, 1, 1, 1, '2017-03-30 21:14:46', -1, NULL, '', 0, 1, 0, 0, 30, 'lido', 'pool_b', '0', '0'),
(22, 'Club Massiva', 7, 1, 1, 0, '2017-03-31 03:10:05', -1, NULL, '', 0, 1, 0, 0, 40, 'club', 'bar_a', '0', '0'),
(24, 'Theatredrome', 8, 1, 1, 0, '2017-03-31 03:12:18', -1, NULL, '', 0, 1, 0, 0, 25, 'theatredrome', 'theater', '0', '0'),
(25, 'Basement Lobby', 3, 1, 1, 0, '2017-03-31 03:25:13', -1, NULL, '', 0, 1, 0, 0, 35, 'lobby', 'floorlobby_a', '0', '0'),
(26, 'Median Lobby', 1, 1, 1, 0, '2017-03-31 03:28:12', -1, NULL, '', 0, 1, 0, 0, 40, 'lobby', 'floorlobby_b', '0', '0'),
(27, 'Skylight Lobby', 2, 1, 1, 0, '2017-03-31 03:28:12', -1, NULL, '', 0, 1, 0, 0, 40, 'lobby', 'floorlobby_c', '0', '0'),
(29, 'Club Massiva (downstairs)', -1, 1, 1, 1, '2017-03-31 04:40:51', -1, NULL, '', 0, 1, 0, 0, 40, 'club', 'bar_b', '0', '0'),
(30, 'Cunning Fox Gamehall', 11, 1, 1, 0, '2017-04-03 10:39:23', -1, NULL, '', 0, 1, 0, 0, 40, 'lobby', 'entryhall', '0', '0'),
(31, 'Cunning Fox Gamehall - Chess', -1, 1, 1, 1, '2017-04-12 13:32:01', -1, NULL, '', 0, 1, 0, 0, 25, 'gamehall', 'hallC', '0', '0'),
(32, 'Cunning Fox Gamehall - Battleships', -1, 1, 1, 1, '2017-04-12 13:39:58', -1, NULL, '', 0, 1, 0, 0, 25, 'gamehall', 'hallB', '0', '0'),
(33, 'Cunning Fox Gamehall - Tic Tac Toe', -1, 1, 1, 1, '2017-04-12 13:39:58', -1, NULL, '', 0, 1, 0, 0, 25, 'gamehall', 'hallA', '0', '0'),
(34, 'Cunning Fox Gamehall - Poker', -1, 1, 1, 1, '2017-04-12 13:49:55', -1, NULL, '', 0, 1, 0, 0, 40, 'gamehall', 'hallD', '0', '0'),
(35, 'Club Slinky Helsinki', 4, 1, 1, 0, '2017-04-12 15:42:08', -1, NULL, '', 0, 1, 0, 0, 40, 'disco', 'malja_bar_a', '0', '0'),
(36, 'Club Slinky Helsinki - Part B', -1, 1, 1, 1, '2017-04-13 06:09:42', -1, NULL, '', 0, 1, 0, 0, 40, 'disco', 'malja_bar_b', '0', '0'),
(37, 'Alex\'s Living Space', -1, 0, 1, 0, '2017-04-07 02:14:38', 5, '', '', 0, 1, 0, 0, 25, 'floor1', 'model_e', '101', '203'),
(38, 'asd', -1, 0, 1, 0, '2017-04-17 12:52:46', 10, '', 'wef', 0, 1, 0, 0, 25, 'floor1', 'model_a', '0', '0'),
(39, 'asd', -1, 0, 1, 0, '2017-04-17 13:46:00', 11, '', '', 0, 1, 0, 0, 25, 'floor1', 'model_b', '101', '201'),
(40, 'Alex\'s Bedroom', -1, 0, 1, 0, '2017-04-17 21:59:49', 5, '', '', 0, 1, 0, 0, 25, 'floor1', 'model_a', '701', '601'),
(41, 'testSpace', -1, 0, 1, 0, '2017-04-18 13:24:03', 9, '', 'wef', 0, 1, 0, 0, 25, 'floor1', 'model_b', '0', '0'),
(42, '; a=false; ()[]<>List<>', -1, 0, 1, 0, '2017-04-18 14:29:42', 12, '', '', 2, 1, 0, 0, 25, 'floor1', 'model_f', '0', '0'),
(43, 'teleporter room', -1, 0, 1, 0, '2017-04-18 14:47:08', 5, 'it\'s a teleporter room, whadya expeck?', '', 0, 1, 0, 0, 25, 'floor1', 'model_c', '102', '507'),
(44, 'xx', -1, 0, 1, 0, '2017-04-18 14:48:36', 13, '', 'wef', 0, 1, 0, 0, 25, 'floor1', 'model_a', '0', '0'),
(45, 'test', -1, 0, 1, 0, '2017-04-18 18:13:27', 14, 'test', 'wef', 0, 1, 0, 0, 25, 'floor1', 'model_a', '0', '0'),
(46, 'MY ROOM', -1, 0, 1, 0, '2017-04-18 23:26:46', 15, 'Hello', 'wef', 0, 1, 0, 0, 25, 'floor1', 'model_a', '501', '103'),
(47, 'Sijainti', -1, 0, 1, 0, '2017-04-19 17:14:28', 8, '', 'wef', 0, 1, 0, 0, 25, 'floor1', 'model_b', '114', '410'),
(48, 'My Room', -1, 0, 1, 0, '2017-04-20 06:37:40', 19, 'JasonDev\'s Room', 'wef', 0, 1, 0, 0, 25, 'floor1', 'model_b', '1006', '301'),
(49, 'my room', -1, 0, 1, 0, '2017-04-20 08:37:48', 21, '', 'wef', 0, 1, 0, 0, 25, 'floor1', 'model_e', '0', '0'),
(50, 'Spaghetti', -1, 0, 1, 0, '2017-04-20 12:02:58', 22, 'Hello!', 'wef', 0, 1, 0, 0, 25, 'floor1', 'model_c', '202', '404'),
(51, 'My Bathroom', -1, 0, 1, 0, '2017-04-21 02:45:13', 19, 'JasonDev\'s Bathroom', 'wef', 0, 1, 0, 0, 25, 'floor1', 'model_a', '0', '0'),
(53, 'naaaaaa', -1, 0, 1, 0, '2017-04-21 18:12:08', 26, 'a', 'wef', 0, 0, 0, 0, 25, 'floor1', 'model_a', '101', '101'),
(54, 'Lol\'s Chill room', -1, 0, 1, 0, '2017-04-21 19:31:25', 23, '', 'wef', 0, 1, 0, 0, 25, 'floor1', 'model_a', '810', '301'),
(55, 'My Room', -1, 0, 1, 0, '2017-04-21 21:27:18', 27, 'Room for veterans', 'wef', 0, 1, 0, 0, 25, 'floor1', 'model_a', '101', '101'),
(56, 'Test', -1, 0, 1, 0, '2017-04-21 22:51:05', 28, 'Whoaaaa', 'wef', 1, 1, 0, 0, 25, 'floor1', 'model_a', '0', '0'),
(57, 'Cool!', -1, 0, 1, 0, '2017-04-22 12:05:07', 30, '', '', 0, 1, 0, 0, 25, 'floor1', 'model_b', '1001', '301'),
(58, 'bestt', -1, 0, 1, 0, '2017-04-22 15:16:40', 25, 'yeee', 'wef', 0, 1, 1, 0, 25, 'floor1', 'model_f', '307', '402'),
(59, 'James\' Turn up Club', -1, 0, 1, 0, '2017-04-23 02:43:53', 32, '', '123', 2, 0, 0, 0, 25, 'floor1', 'model_a', '302', '301'),
(60, 'top kek', -1, 0, 1, 0, '2017-04-23 10:22:46', 33, 'yea imma testin dis thing', 'wef', 0, 1, 0, 0, 25, 'floor1', 'model_f', '0', '0'),
(61, 'Something', -1, 0, 1, 0, '2017-04-23 12:08:40', 34, '', 'wef', 0, 1, 0, 0, 25, 'floor1', 'model_b', '809', '303'),
(62, 'hell yea', -1, 0, 1, 0, '2017-04-23 14:54:37', 36, '', 'wef', 0, 1, 0, 0, 25, 'floor1', 'model_b', '501', '301'),
(63, '123', -1, 0, 1, 0, '2017-04-23 14:54:43', 35, '123', '123', 1, 0, 0, 0, 25, 'floor1', 'model_a', '904', '303'),
(64, '123', -1, 0, 1, 0, '2017-04-23 14:55:45', 35, '123', '123', 1, 0, 0, 0, 25, 'floor1', 'model_a', '0', '0'),
(65, 'daized', -1, 0, 1, 0, '2017-04-23 16:18:32', 38, '', 'wef', 0, 1, 0, 0, 25, 'floor1', 'model_c', '0', '0'),
(66, 'My Room', -1, 0, 1, 0, '2017-04-24 01:10:25', 40, '', '', 0, 1, 0, 0, 25, 'floor1', 'model_a', '304', '307'),
(67, 'TEST OMG', -1, 0, 1, 0, '2017-04-24 08:31:16', 41, '', 'wef', 0, 1, 0, 0, 25, 'floor1', 'model_f', '1001', '301'),
(68, 'test room', -1, 0, 1, 0, '2017-04-24 09:08:41', 42, 'desc', 'wef', 0, 0, 0, 0, 25, 'floor1', 'model_a', '0', '0'),
(69, 'Room 2', -1, 0, 1, 0, '2017-04-24 22:24:16', 15, '', 'wef', 0, 1, 0, 0, 25, 'floor1', 'model_a', '403', '203'),
(70, 'My Room', -1, 0, 1, 0, '2017-04-27 18:10:54', 47, '', '', 0, 0, 0, 0, 25, 'floor1', 'model_a', '0', '0'),
(71, 'P LOFTET SIDDER NISSE', -1, 0, 1, 0, '2017-04-30 10:40:03', 7, '', 'wef', 0, 1, 0, 0, 25, 'floor1', 'model_b', '0', '0');

-- --------------------------------------------------------

--
-- Table structure for table `room_bots`
--

CREATE TABLE `room_bots` (
  `id` int(11) NOT NULL,
  `room_id` int(11) NOT NULL DEFAULT '0',
  `name` varchar(50) NOT NULL,
  `figure` varchar(250) NOT NULL,
  `motto` varchar(200) NOT NULL,
  `start_x` int(11) NOT NULL,
  `start_y` int(11) NOT NULL,
  `start_z` int(11) NOT NULL,
  `start_rotation` int(11) NOT NULL,
  `walk_to` varchar(100) NOT NULL,
  `messages` longtext NOT NULL,
  `triggers` varchar(200) NOT NULL,
  `responses` longtext NOT NULL
) ENGINE=InnoDB DEFAULT CHARSET=latin1;

--
-- Dumping data for table `room_bots`
--

INSERT INTO `room_bots` (`id`, `room_id`, `name`, `figure`, `motto`, `start_x`, `start_y`, `start_z`, `start_rotation`, `walk_to`, `messages`, `triggers`, `responses`) VALUES
(1, 19, 'Phillip', 'sd=001/0&hr=010/255,255,255&hd=002/255,204,153&ey=001/0&fc=001/255,204,153&bd=001/255,204,153&lh=001/255,204,153&rh=001/255,204,153&ch=001/217,113,69&ls=002/217,113,69&rs=002/217,113,69&lg=001/102,102,102&sh=003/47,45,38', 'Serving the Habbos', 1, 10, 0, 2, '0,12 0,7 1,11 1,7 0,10', '', 'chips,burger,food,drink,fries', 'Here is your %item%, %username%!'),
(2, 17, 'Maria', 'sd=001/0&hr=011/003,033,43&hd=002/255,204,153&ey=002/0&fc=001/255,204,153&bd=001/255,204,153&lh=001/255,204,153&rh=001/255,204,153&ch=016/59,122,192&ls=002/59,122,192&rs=002/59,122,192&lg=001/51,51,51&sh=002/121,94,83', 'Serving coffee since 2001', 4, 8, 1, 2, '3,10 4,10 4,8 4,5 3,6 2,7 3,8', '', 'coffee,drink', 'Here is your coffee, %username%!'),
(3, 14, 'Dave', 'sd=001/0&hr=005/223,218,190&hd=002/255,204,153&ey=003/0&fc=001/255,204,153&bd=001/255,204,153&lh=001/255,204,153&rh=001/255,204,153&ch=003/255,255,255&ls=001/255,255,255&rs=001/255,255,255&lg=006/51,51,51&sh=003/000,000,000', 'I hate my job', 10, 5, 2, 2, '9,8 9,5 10,8 9,2 10,6 10,2 9,4', '', 'beer,glass,drink', 'One %item% coming right up'),
(4, 13, 'Zoe', 'sd=001/0&hr=006/202,90,51&hd=002/255,204,153&ey=002/0&fc=001/255,204,153&bd=001/255,204,153&lh=001/255,204,153&rh=001/255,204,153&ch=006/55,139,232&ls=002/55,139,232&rs=002/55,139,232&lg=002/152,62,79&sh=002/175,220,223', 'Pool has aids', 6, 29, 7, 2, '6,29 6,30', '', 'drink,food,eat', 'Here\'s your %item%, enjoy it!');

-- --------------------------------------------------------

--
-- Table structure for table `room_chatlogs`
--

CREATE TABLE `room_chatlogs` (
  `id` int(11) NOT NULL,
  `user` varchar(50) NOT NULL,
  `room_id` int(11) NOT NULL,
  `timestamp` bigint(20) NOT NULL,
  `message_type` tinyint(1) NOT NULL,
  `message` longtext NOT NULL
) ENGINE=InnoDB DEFAULT CHARSET=latin1;

--
-- Dumping data for table `room_chatlogs`
--

INSERT INTO `room_chatlogs` (`id`, `user`, `room_id`, `timestamp`, `message_type`, `message`) VALUES
(1, 'Alito', 14, 1493226978, 0, 'coffee'),
(2, 'Alito', 14, 1493226982, 0, 'water'),
(3, 'Alito', 14, 1493226988, 1, 'water'),
(4, 'Alito', 46, 1493241107, 1, 'interesante xd'),
(5, 'Alito', 46, 1493241152, 1, 'lalala xd'),
(6, 'Alito', 46, 1493241164, 1, 'HOLA'),
(7, 'Alito', 46, 1493241167, 0, 'AAA'),
(8, 'Alito', 46, 1493241403, 1, 'THIS RETRO IS GOOD QUACKSTER OPEN YOUR THREAD :p'),
(9, 'Alex', 17, 1493278489, 0, 'Hello'),
(10, 'Alex', 17, 1493278493, 0, ':)'),
(11, 'Alex', 17, 1493278498, 0, 'Coffee please'),
(12, 'Alito', 27, 1493332744, 0, '|  '),
(13, 'Alito', 27, 1493332747, 0, ''),
(14, 'Alito', 27, 1493332749, 0, 'A'),
(15, 'Alito', 27, 1493332753, 0, 'LOL CHAT'),
(16, 'Alito', 27, 1493332803, 1, 'helsinki not load'),
(17, 'Alito', 35, 1493332838, 0, 'no'),
(18, 'Alito', 35, 1493332839, 0, 'w'),
(19, 'Alex', 37, 1493400998662, 0, 'hello'),
(20, 'Glaceon', 37, 1493401015276, 0, 'Hai'),
(21, 'Alex', 37, 1493401029942, 0, 'accept my friend request'),
(22, 'Alex', 37, 1493401030676, 0, ':D'),
(23, 'Glaceon', 37, 1493401040236, 0, 'I didn\'t get one? :LP'),
(24, 'Glaceon', 37, 1493401058884, 0, 'I think there\'s a bug then, it says 0 Friend Request(s)'),
(25, 'Alex', 37, 1493401100284, 0, 'what about now?'),
(26, 'Glaceon', 37, 1493401106768, 0, 'Still not :P'),
(27, 'Alex', 37, 1493401124364, 0, 'oh'),
(28, 'Alex', 37, 1493401129363, 0, 'you sent me a friend request?'),
(29, 'Glaceon', 37, 1493401135554, 0, 'Yea'),
(30, 'Alex', 37, 1493401139508, 0, 'that swhy'),
(31, 'Alex', 37, 1493401142483, 0, 'thats why*'),
(32, 'Alex', 37, 1493401144618, 0, ';p'),
(33, 'Glaceon', 37, 1493401147529, 0, 'But but but it shouldn\'t matter ;p'),
(34, 'Glaceon', 37, 1493401155161, 0, 'And I didn\'t see a friend request before either'),
(35, 'Glaceon', 37, 1493401160960, 0, 'Before I sent you one'),
(36, 'Alex', 37, 1493401174668, 0, 'yh i must have forget to send one'),
(37, 'Glaceon', 37, 1493401178040, 1, 'xD'),
(38, 'Glaceon', 37, 1493401194184, 0, 'Hmm'),
(39, 'Alex', 37, 1493401194219, 0, 'hehe'),
(40, 'Alex', 37, 1493401198484, 0, 'i can see when you read the messages'),
(41, 'Alex', 37, 1493401200643, 0, 'in the database'),
(42, 'Glaceon', 37, 1493401200733, 0, 'Didn\'t know you could save messages in v1 ;o'),
(43, 'Alex', 37, 1493401206635, 0, 'yh u can'),
(44, 'Glaceon', 37, 1493401213031, 0, 'I learn something new every day ;p'),
(45, 'Alex', 37, 1493401216483, 0, ':P'),
(46, 'Alex', 37, 1493401221404, 0, 'technically'),
(47, 'Alex', 37, 1493401227475, 0, 'before v6 '),
(48, 'Alex', 37, 1493401231828, 0, 'habbo had no revision'),
(49, 'Alex', 37, 1493401233333, 0, ':P'),
(50, 'Alex', 37, 1493401237690, 0, 'and this client is habbo beta'),
(51, 'Alex', 37, 1493401264587, 0, 'Actual "v1" has a name in the CCT directory found in CCT'),
(52, 'Glaceon', 37, 1493401268022, 0, 'Mhm nah no hate but afaik this is not BETA, BETA had a diff UI '),
(53, 'Alex', 37, 1493401269931, 0, 'like dcr0130 etc'),
(54, 'Glaceon', 37, 1493401276140, 0, 'Well the login at least'),
(55, 'Alex', 37, 1493401280428, 0, 'no it\'s still beta'),
(56, 'Glaceon', 37, 1493401292764, 0, 'Must be a later beta version then ;p'),
(57, 'Alex', 37, 1493401323667, 0, 'You can find the version of the dcr files '),
(58, 'Alex', 37, 1493401326882, 0, 'inside CCT\'s'),
(59, 'Alex', 37, 1493401331203, 0, 'This says'),
(60, 'Alex', 37, 1493401347699, 0, 'D\\lokaalit\\Habbo_Produktion\\director'),
(61, 'Alex', 37, 1493401356435, 0, 'Actual client versions like v14'),
(62, 'Alex', 37, 1493401360578, 0, 'will have their actual version'),
(63, 'Glaceon', 37, 1493401364377, 0, 'Mhm ah'),
(64, 'Alex', 37, 1493401390955, 0, 'yeah so'),
(65, 'Alex', 37, 1493401395458, 0, 'if i send you a message'),
(66, 'Alex', 37, 1493401400529, 0, 'and you relog without reading it'),
(67, 'Alex', 37, 1493401402714, 0, 'it will be saved'),
(68, 'Alex', 37, 1493401408426, 0, 'until you login again and read it'),
(69, 'Alex', 37, 1493401409074, 0, ':D'),
(70, 'Glaceon', 37, 1493401412048, 0, 'Ah'),
(71, 'Glaceon', 37, 1493401423368, 0, 'But it has a save button as well, which makes me assume you'),
(72, 'Glaceon', 37, 1493401428151, 0, 'Can save it forever'),
(73, 'Glaceon', 37, 1493401432127, 0, 'I thought it was like that'),
(74, 'Alex', 37, 1493401439852, 0, 'hmm'),
(75, 'Alex', 37, 1493401443649, 0, 'can you send me a message'),
(76, 'Alex', 37, 1493401467115, 0, 'wtf'),
(77, 'Alex', 37, 1493401471395, 0, 'this is why its beta'),
(78, 'Alex', 37, 1493401475683, 0, 'because save button is blanked out'),
(79, 'Alex', 37, 1493401477370, 0, ':P'),
(80, 'Glaceon', 37, 1493401480230, 0, 'xp'),
(81, 'Alex', 37, 1493401491203, 0, 'just like i force enabled club slinky helsinki to work '),
(82, 'Alex', 37, 1493401501043, 0, 'and there is a wave button only appearing on that room'),
(83, 'Alex', 37, 1493401515097, 0, 'but the wave button does nothing to the server :P'),
(84, 'Glaceon', 37, 1493401520708, 0, 'LEL'),
(85, 'Glaceon', 37, 1493401525411, 0, 'I can dance in a sofa XD'),
(86, 'Alex', 37, 1493401527482, 0, 'LOL'),
(87, 'Glaceon', 37, 1493401537699, 0, 'Meh this must be a pretty early BETA build then'),
(88, 'Glaceon', 37, 1493401542595, 0, 'If it doesn\'t have waving'),
(89, 'Alex', 37, 1493401553281, 0, 'Yeah waving got introduced december 2001'),
(90, 'Glaceon', 37, 1493401567515, 0, 'Lel I don\'t know :p I never got much into v1'),
(91, 'Alex', 37, 1493401573682, 0, ':P'),
(92, 'Alex', 37, 1493401589441, 0, 'have you had a swim in the lido yet? :P'),
(93, 'Glaceon', 37, 1493401602081, 0, 'Nah :p I have tested some room stuff but not done much'),
(94, 'Alex', 37, 1493401622873, 0, ':P'),
(95, 'Glaceon', 37, 1493401623729, 0, 'I basically have been \'busy\' today xp'),
(96, 'Alex', 37, 1493401634474, 0, 'this v1 server shits on everything avaliable right now that runs v1'),
(97, 'Alex', 37, 1493401636136, 0, 'xD'),
(98, 'Alex', 37, 1493401640904, 0, 'ah ok'),
(99, 'Alex', 37, 1493401666760, 0, 'have you tested'),
(100, 'Alex', 37, 1493401668360, 0, 'teleporters'),
(101, 'Glaceon', 37, 1493401672848, 0, 'Nah ;p'),
(102, 'Glaceon', 37, 1493401719309, 0, 'Neat'),
(103, 'Alex', 37, 1493401727552, 0, 'this is the first server i ever coded teleporters'),
(104, 'Alex', 37, 1493401728800, 0, 'xD'),
(105, 'Glaceon', 37, 1493401732590, 0, 'xp'),
(106, 'Glaceon', 37, 1493401742895, 0, 'I\'m looking so much forward to teleporters in my server.....'),
(107, 'Glaceon', 37, 1493401744191, 0, '#not'),
(108, 'Glaceon', 37, 1493401746609, 0, '# not'),
(109, 'Glaceon', 37, 1493401748756, 0, 'Whut'),
(110, 'Alex', 37, 1493401750544, 0, 'lol'),
(111, 'Glaceon', 37, 1493401751220, 0, 'Hashtag'),
(112, 'Glaceon', 37, 1493401752548, 0, 'Bugs'),
(113, 'Glaceon', 37, 1493401753644, 0, 'xD'),
(114, 'Alex', 37, 1493401755551, 0, 'yeah'),
(115, 'Glaceon', 37, 1493401756693, 0, 'Oh yeah ofcourse'),
(116, 'Alex', 37, 1493401757168, 0, 'xd'),
(117, 'Glaceon', 37, 1493401758795, 0, 'Packets'),
(118, 'Glaceon', 37, 1493401761309, 0, 'I forgot lol'),
(119, 'Alex', 37, 1493401767168, 0, 'same >-<'),
(120, 'Alex', 37, 1493401782856, 0, '###SYSTEMBROADCAST##'),
(121, 'Alex', 37, 1493401787341, 0, 'lol'),
(122, 'Glaceon', 37, 1493401788627, 0, 'Makes me think...'),
(123, 'Alex', 37, 1493401793303, 0, 'packet injection LOLOL'),
(124, 'Glaceon', 37, 1493401798931, 0, '## SYSTEMBROADCAST hi#'),
(125, 'Glaceon', 37, 1493401802714, 0, 'LEL'),
(126, 'Glaceon', 37, 1493401808715, 0, '# WALLETBALANCE 500#'),
(127, 'Alex', 37, 1493401810871, 0, 'you tried the same thing? xD'),
(128, 'Glaceon', 37, 1493401814706, 0, 'Yup XD'),
(129, 'Alex', 37, 1493401823791, 0, '###WALLETBALLENCE##'),
(130, 'Alex', 37, 1493401838760, 0, '###MESSENGER_MSG##'),
(131, 'Glaceon', 37, 1493401839665, 0, 'Okay that has to be fixed xp'),
(132, 'Alex', 37, 1493401843231, 0, ':P'),
(133, 'Alex', 37, 1493401854848, 0, 'does ur wallet balance'),
(134, 'Alex', 37, 1493401857439, 0, 'say 0 now?'),
(135, 'Glaceon', 37, 1493401864425, 0, 'Yea XD'),
(136, 'Alex', 37, 1493401867343, 0, 'XDD'),
(137, 'Alex', 37, 1493401891967, 0, 'hang on'),
(138, 'Alex', 37, 1493401914142, 0, '###DOORBELL_RINGING##'),
(139, 'Alex', 37, 1493401918686, 0, 'xddddd'),
(140, 'Alex', 37, 1493401922407, 0, 'did you get that?'),
(141, 'Glaceon', 37, 1493401925880, 0, 'Yea'),
(142, 'Glaceon', 37, 1493401944863, 0, '## ISOWNER #'),
(143, 'Alex', 37, 1493401952174, 0, 'I can break'),
(144, 'Glaceon', 37, 1493401955126, 0, '##ISOWNER#'),
(145, 'Alex', 37, 1493401955774, 0, 'your connection'),
(146, 'Glaceon', 37, 1493401960706, 0, 'Lel'),
(147, 'Glaceon', 37, 1493401963782, 0, 'xp'),
(148, 'Alex', 37, 1493401967782, 0, 'ENCRYPTION_ON will force RC4 and '),
(149, 'Alex', 37, 1493401977463, 0, 'will ruin the packets incoming'),
(150, 'Alex', 37, 1493401991822, 0, 'i wanna try it xD'),
(151, 'Glaceon', 37, 1493401999757, 0, '##ENCRYPTION_ON#'),
(152, 'Alex', 37, 1493402003527, 0, 'ffffff'),
(153, 'Alex', 37, 1493402006294, 0, 'hmm'),
(154, 'Alex', 37, 1493402012158, 0, 'i dont think it did?'),
(155, 'Glaceon', 37, 1493402013829, 0, '## ENCRYPTION_ON#'),
(156, 'Alex', 37, 1493402028566, 0, '###ENCRYPTION_ON##'),
(157, 'Alex', 37, 1493402030974, 0, 'XDDDD'),
(158, 'Alex', 37, 1493402042304, 0, 'What about this'),
(159, 'Alex', 37, 1493402046078, 0, '###HEIGHTMAP##'),
(160, 'Alex', 37, 1493402052134, 0, 'now you cant walk'),
(161, 'Alex', 37, 1493402054822, 0, ':D'),
(162, 'Glaceon', 37, 1493402056619, 0, 'Lel xD\\'),
(163, 'Glaceon', 37, 1493402059291, 0, 'What did you do'),
(164, 'Alex', 37, 1493402063526, 0, 'HEIGHTMAP'),
(165, 'Glaceon', 37, 1493402070419, 0, 'Ah xp'),
(166, 'Alex', 37, 1493402083520, 0, '###BADNAME##'),
(167, 'Alex', 37, 1493402104973, 0, '###ADDSTRIPITEM##'),
(168, 'Glaceon', 37, 1493402110153, 0, '##WAVE#'),
(169, 'Alex', 37, 1493402110821, 0, 'did ur hand open?'),
(170, 'Alex', 37, 1493402112333, 0, ':D'),
(171, 'Glaceon', 37, 1493402117945, 0, 'It was already open xp'),
(172, 'Glaceon', 37, 1493402121337, 0, '##DANCE#'),
(173, 'Alex', 37, 1493402121853, 0, 'ok'),
(174, 'Alex', 37, 1493402123253, 0, 'close it'),
(175, 'Glaceon', 37, 1493402125281, 0, '## DANCE #'),
(176, 'Alex', 37, 1493402129310, 0, '###ADDSTRIPITEM##'),
(177, 'Glaceon', 37, 1493402129506, 0, '## DANCE#'),
(178, 'Glaceon', 37, 1493402131958, 0, 'Lel'),
(179, 'Glaceon', 37, 1493402132544, 0, 'xD'),
(180, 'Alex', 37, 1493402137501, 0, 'ADDSTRIPITEM'),
(181, 'Alex', 37, 1493402149037, 0, 'ok what about this'),
(182, 'Alex', 37, 1493402152895, 0, '###BUDDYLIST##'),
(183, 'Alex', 37, 1493402161503, 0, 'nah didnt work'),
(184, 'Glaceon', 37, 1493402168853, 0, '## CHAT hi #'),
(185, 'Alex', 37, 1493402169037, 0, 'it only sends to private server connection not'),
(186, 'Alex', 37, 1493402171149, 0, 'main game server'),
(187, 'Alex', 37, 1493402182221, 0, 'I gotta fix that'),
(188, 'Glaceon', 37, 1493402183374, 0, 'Explains'),
(189, 'Alex', 37, 1493402185285, 0, 'xd'),
(190, 'Glaceon', 37, 1493402185330, 0, 'Yea'),
(191, 'Alex', 37, 1493402245908, 0, 'reload client'),
(192, 'Alex', 37, 1493402247772, 0, 'im fixing this'),
(193, 'Alex', 37, 1493402249380, 0, 'xdd'),
(194, 'Glaceon', 37, 1493402251612, 0, 'xp'),
(195, 'Glaceon', 55, 1493402339842, 0, '#hello'),
(196, 'Alex', 55, 1493402361814, 0, 'jeu xd'),
(197, 'spreed', 55, 1493402363703, 1, 'Hello! :D'),
(198, 'Alex', 55, 1493402363724, 0, '* hey'),
(199, 'Glaceon', 55, 1493402367576, 0, 'xp'),
(200, 'spreed', 55, 1493402368566, 0, 'How you 2 doing? :D'),
(201, 'Alex', 55, 1493402371357, 0, 'you connected just in time'),
(202, 'Glaceon', 55, 1493402376012, 0, '##########this is fixed? ## xD ######'),
(203, 'Alex', 55, 1493402378286, 0, 'i fixed a packet injection exploit'),
(204, 'Glaceon', 55, 1493402380912, 0, 'Yay'),
(205, 'spreed', 55, 1493402385984, 0, 'Did you fix it?? :P'),
(206, 'spreed', 55, 1493402386747, 0, '## SYSTEMBROADCAST hi#'),
(207, 'Alex', 55, 1493402387260, 0, '##SYSTEMBROADCAST###'),
(208, 'spreed', 55, 1493402388440, 0, 'Yes'),
(209, 'spreed', 55, 1493402389252, 0, 'good'),
(210, 'spreed', 55, 1493402389890, 0, ':D'),
(211, 'Alex', 55, 1493402392148, 0, ':d'),
(212, 'spreed', 55, 1493402396393, 1, 'Well done!'),
(213, 'spreed', 55, 1493402399774, 0, 'How you 2 doing?'),
(214, 'Alex', 55, 1493402400772, 0, ':d '),
(215, 'Glaceon', 55, 1493402403157, 0, 'Meh'),
(216, 'Glaceon', 55, 1493402405216, 0, 'My v9 bugs'),
(217, 'Glaceon', 55, 1493402407008, 0, 'So not okay'),
(218, 'Glaceon', 55, 1493402408946, 0, 'xp'),
(219, 'Alex', 55, 1493402409364, 0, 'alright lol'),
(220, 'spreed', 55, 1493402411061, 1, 'Hahahahaha :P'),
(221, 'spreed', 55, 1493402419300, 0, 'omfg this is just so beautiful alex'),
(222, 'spreed', 55, 1493402419848, 1, ' :('),
(223, 'Glaceon', 55, 1493402420543, 0, 'I SHOULD be fixing it but... meh xp'),
(224, 'Alex', 55, 1493402422804, 0, 'Yeah spreed the beds no longer are stupid'),
(225, 'Alex', 55, 1493402424500, 0, ':D'),
(226, 'Alex', 55, 1493402434492, 0, 'they work like habbo, you can\'t have half ur body floating'),
(227, 'spreed', 55, 1493402436959, 1, 'Do you know how good this feels for my eyes? :('),
(228, 'Alex', 55, 1493402445293, 0, 'why the sad face? :('),
(229, 'Glaceon', 55, 1493402460919, 0, 'No colored plasto yet? ;o'),
(230, 'Alex', 55, 1493402470452, 0, 'not added it in catalogue yet'),
(231, 'Alex', 55, 1493402471779, 0, 'too lazy'),
(232, 'Alex', 55, 1493402473076, 0, 'xd'),
(233, 'Glaceon', 55, 1493402478158, 0, 'xp'),
(234, 'Alex', 55, 1493402499163, 0, 'Fucking hate carrots'),
(235, 'Glaceon', 55, 1493402510727, 0, 'We don\'t want to get kicked right away lel'),
(236, 'Alex', 55, 1493402538051, 0, ';D'),
(237, 'spreed', 55, 1493402542879, 0, 'wtf?!?!?!'),
(238, 'spreed', 55, 1493402549053, 0, 'This is beautiful'),
(239, 'spreed', 55, 1493402549465, 1, ':D'),
(240, 'Alex', 55, 1493402552389, 0, 'yeah i tried to fix it'),
(241, 'spreed', 55, 1493402562052, 0, 'Once I\'m finished with my FF server'),
(242, 'Glaceon', 55, 1493402562490, 0, 'Whuuttt'),
(243, 'Alex', 55, 1493402565891, 0, 'but end up looking like you float it'),
(244, 'spreed', 55, 1493402568146, 0, 'I\'m going to get into oldschool'),
(245, 'spreed', 55, 1493402568800, 0, 'idc :P'),
(246, 'Glaceon', 55, 1493402570025, 0, 'How diod you do that ;o'),
(247, 'Alex', 55, 1493402577443, 0, 'use :sit'),
(248, 'Glaceon', 55, 1493402585378, 0, 'Ahh ;p'),
(249, 'Glaceon', 55, 1493402586978, 0, 'Spreed'),
(250, 'Glaceon', 55, 1493402591826, 0, 'Maybe you can help me with v9?'),
(251, 'spreed', 55, 1493402603962, 0, 'Yees!! :D'),
(252, 'spreed', 55, 1493402608430, 0, 'When I\'m finished with my FF though'),
(253, 'spreed', 55, 1493402611704, 0, 'which I kind off am lol'),
(254, 'Alex', 55, 1493402612996, 0, 'lets all go to the diving deck'),
(255, 'Glaceon', 55, 1493402614337, 0, 'Haha yeah ;p'),
(256, 'Glaceon', 55, 1493402616265, 0, 'Sure'),
(257, 'Alex', 55, 1493402617626, 0, ':D'),
(258, 'spreed', 55, 1493402618450, 1, 'go! :D'),
(259, 'Glaceon', 55, 1493402626537, 0, 'Spreed'),
(260, 'spreed', 55, 1493402630651, 1, 'yes? :P'),
(261, 'Glaceon', 55, 1493402631081, 0, 'Accept my friend request'),
(262, 'spreed', 55, 1493402641553, 1, 'done :D'),
(263, 'Glaceon', 55, 1493402642015, 0, 'Good'),
(264, 'Glaceon', 55, 1493402643197, 0, 'cya soon'),
(265, 'spreed', 55, 1493402651449, 0, 'go to alex :P'),
(266, 'Glaceon', 13, 1493402672534, 0, 'Aww no voting yet'),
(267, 'Alex', 13, 1493402681539, 0, 'sorry ;('),
(268, 'Alex', 13, 1493402687051, 0, 'lets wait for spreed'),
(269, 'Glaceon', 13, 1493402724286, 0, 'Now I\'m curious how the profile stuff in console actually worked'),
(270, 'Alex', 13, 1493402735657, 0, 'same'),
(271, 'Alex', 13, 1493402747603, 0, 'hello'),
(272, 'Glaceon', 13, 1493402770180, 0, 'Spreed get changed lel'),
(273, 'Alex', 13, 1493402784169, 0, 'we wanna see ur sexeh bodeh'),
(274, 'Alex', 21, 1493402842529, 0, 'yeh diving not coded yet'),
(275, 'Alex', 21, 1493402843793, 0, 'xd'),
(276, 'Glaceon', 21, 1493402848928, 0, 'Mehhh'),
(277, 'Glaceon', 21, 1493402855551, 0, 'Kinda disappointing xp'),
(278, 'Alex', 21, 1493402856946, 0, 'wew lad'),
(279, 'Alex', 21, 1493402864699, 0, 'lol do u realise'),
(280, 'Alex', 21, 1493402867264, 0, 'how many v1 servers'),
(281, 'Alex', 21, 1493402875745, 0, 'that are like this most feature complete already?? :P'),
(282, 'Glaceon', 21, 1493402882614, 0, 'I know ;p'),
(283, 'Alex', 21, 1493402884576, 0, 'xd'),
(284, 'Glaceon', 21, 1493402888637, 0, 'I was just kidding xp'),
(285, 'Alex', 21, 1493402902057, 0, 'spreed afk?'),
(286, 'Glaceon', 21, 1493402912509, 0, 'Think so '),
(287, 'Alex', 13, 1493402932624, 0, 'mate'),
(288, 'Alex', 13, 1493402937400, 0, 'get changed m88'),
(289, 'Alex', 13, 1493403089847, 0, 'hi'),
(290, 'Alito', 46, 1493420432894, 1, 'LOL BUG'),
(291, 'Alito', 69, 1493420881252, 0, 'i cant move'),
(292, 'Alex', 12, 1493456967367, 0, 'XD'),
(293, 'JasonDev', 12, 1493473938259, 0, 'this is awesome'),
(294, 'Alex', 12, 1493473942960, 0, 'hey'),
(295, 'Alex', 12, 1493473954159, 0, 'gotz my message?'),
(296, 'JasonDev', 12, 1493473991738, 0, 'how do you design public rooms?'),
(297, 'Alex', 12, 1493474007583, 0, 'You can\'t'),
(298, 'Alex', 12, 1493474011039, 0, 'these are official rooms'),
(299, 'JasonDev', 12, 1493474040637, 0, 'so this thing is a whole cct file?'),
(300, 'Alex', 12, 1493474053679, 0, 'yes'),
(301, 'Alex', 12, 1493474094385, 0, 'You want to know something# funny?'),
(302, 'JasonDev', 12, 1493474172697, 0, 'bro '),
(303, 'Alex', 12, 1493474227230, 0, 'mate'),
(304, 'Alex', 12, 1493474229334, 0, 'y u afk'),
(305, 'JasonDev', 12, 1493474298089, 0, 'oh'),
(306, 'JasonDev', 12, 1493474300958, 0, 'you reloaded?'),
(307, 'Alex', 12, 1493474305640, 0, 'NO'),
(308, 'JasonDev', 12, 1493474310117, 0, 'so I was asking is it possible'),
(309, 'JasonDev', 12, 1493474314268, 0, 'to get cct files'),
(310, 'JasonDev', 12, 1493474324331, 0, 'fand put em here?'),
(311, 'Alex', 12, 1493474327061, 0, 'i cant add more public rooms'),
(312, 'Alex', 12, 1493474329557, 0, 'so deal with it'),
(313, 'JasonDev', 12, 1493474332011, 0, 'no'),
(314, 'JasonDev', 12, 1493474334628, 0, 'furni'),
(315, 'Alex', 12, 1493474343638, 0, 'yes it\'s all 1 huge cct'),
(316, 'Alex', 12, 1493474346935, 0, 'you can\'t edit them in'),
(317, 'JasonDev', 12, 1493474350468, 0, 'oh'),
(318, 'JasonDev', 12, 1493474358158, 0, 'and I think'),
(319, 'JasonDev', 12, 1493474361358, 0, 'someone used my account'),
(320, 'Alex', 12, 1493474366870, 0, 'why'),
(321, 'JasonDev', 12, 1493474371370, 0, 'whewhen did my face became this fat'),
(322, 'Alex', 12, 1493474383414, 0, 'it happens on everyone'),
(323, 'Alex', 12, 1493474385853, 0, 'click on me'),
(324, 'JasonDev', 12, 1493474386452, 0, 'oh'),
(325, 'Alex', 12, 1493474388445, 0, 'see?'),
(326, 'JasonDev', 12, 1493474390547, 0, 'lol'),
(327, 'Alex', 12, 1493474391349, 0, 'XDD'),
(328, 'JasonDev', 12, 1493474392679, 0, 'yeah'),
(329, 'JasonDev', 12, 1493474394059, 0, 'XD'),
(330, 'Alex', 12, 1493474405590, 0, 'come to second lido'),
(331, 'JasonDev', 13, 1493474432321, 0, 'dont tell me'),
(332, 'JasonDev', 13, 1493474435078, 0, 'it\'s working?'),
(333, 'Alex', 13, 1493474440478, 0, 'not yet'),
(334, 'JasonDev', 13, 1493474443237, 0, 'aww'),
(335, 'Alex', 13, 1493474444573, 0, 'just come'),
(336, 'JasonDev', 21, 1493474466318, 0, '#Chillin'),
(337, 'Alex', 21, 1493474470156, 0, 'just wait '),
(338, 'JasonDev', 21, 1493474488977, 0, 'oh]'),
(339, 'JasonDev', 21, 1493474493388, 0, 'I\'m on TV'),
(340, 'JasonDev', 21, 1493474496330, 0, 'o/'),
(341, 'Alex', 21, 1493474497142, 0, 'yess :D'),
(342, 'Alex', 21, 1493474502720, 0, 'now its me'),
(343, 'Alex', 21, 1493474503357, 0, 'xd'),
(344, 'JasonDev', 21, 1493474505547, 0, 'come err'),
(345, 'JasonDev', 21, 1493474505748, 0, 'XD'),
(346, 'Alex', 21, 1493474534949, 0, 'now its u'),
(347, 'Alex', 21, 1493474535734, 0, ':D'),
(348, 'JasonDev', 21, 1493474557658, 0, 'oi'),
(349, 'JasonDev', 21, 1493474558988, 0, 'XD'),
(350, 'JasonDev', 21, 1493474566796, 0, 'why does'),
(351, 'JasonDev', 21, 1493474572249, 0, 'rotation'),
(352, 'JasonDev', 21, 1493474574528, 0, 'deoesnt work here'),
(353, 'Alex', 21, 1493474581468, 0, 'what do u mean'),
(354, 'JasonDev', 21, 1493474584268, 0, 'i cant walk'),
(355, 'JasonDev', 21, 1493474586508, 0, 'diagonally'),
(356, 'JasonDev', 21, 1493474592929, 0, 'oh'),
(357, 'Alex', 21, 1493474598300, 0, '....'),
(358, 'JasonDev', 21, 1493474599640, 0, 'come'),
(359, 'JasonDev', 21, 1493474601929, 0, 'screenies'),
(360, 'JasonDev', 21, 1493474627798, 0, 'yeah'),
(361, 'JasonDev', 21, 1493474629298, 0, 'pools'),
(362, 'JasonDev', 21, 1493474631879, 0, 'a lot awesomer'),
(363, 'Alex', 21, 1493474647179, 0, 'now it u :o'),
(364, 'Alex', 21, 1493474649132, 0, 'now back to me'),
(365, 'Alex', 21, 1493474650196, 0, 'xdddd'),
(366, 'Alex', 21, 1493474667231, 0, 'i could'),
(367, 'Alex', 21, 1493474669478, 0, 'make a fly command'),
(368, 'Alex', 21, 1493474671203, 0, 'LOL'),
(369, 'Alex', 21, 1493474677660, 0, 'and add swimming as flying'),
(370, 'JasonDev', 21, 1493474700208, 0, 'lol'),
(371, 'Alex', 21, 1493474706315, 0, 'go to my room'),
(372, 'JasonDev', 21, 1493474732010, 0, 'okay'),
(373, 'Alex', 40, 1493474762459, 0, 'hey'),
(374, 'Alex', 40, 1493474768548, 0, 'wanna have linking teleporters?'),
(375, 'Alex', 40, 1493474772371, 0, 'oh hi'),
(376, 'Alito', 40, 1493474779063, 0, 'Hi :)'),
(377, 'Alex', 40, 1493474782604, 0, 'xd'),
(378, 'Alex', 40, 1493474795892, 0, 'hmm i think i accidently removed u as a friend'),
(379, 'Alex', 40, 1493474800954, 0, 'when testing something'),
(380, 'Alex', 40, 1493474820917, 0, 'r u guys gonna walk inside?'),
(381, 'Alex', 40, 1493474822852, 0, 'XD'),
(382, 'Alito', 40, 1493474854614, 0, 'haha'),
(383, 'Alex', 40, 1493474856275, 0, 'add me as a friend again alito <3'),
(384, 'JasonDev', 40, 1493474858899, 0, 'WAIT BRO'),
(385, 'JasonDev', 40, 1493474864089, 0, 'WAIT BROP'),
(386, 'JasonDev', 40, 1493474866691, 0, 'GONNA CHANGE'),
(387, 'JasonDev', 40, 1493474869171, 0, 'PROXY'),
(388, 'JasonDev', 40, 1493474870250, 0, 'TOO LAG'),
(389, 'Alito', 40, 1493474878835, 0, 'ya'),
(390, 'Alex', 40, 1493474879848, 0, 'Btw alito i fixed beds'),
(391, 'Alito', 40, 1493474887228, 1, 'yes'),
(392, 'Alito', 40, 1493474911709, 0, ':p i saw'),
(393, 'Alex', 40, 1493474920843, 0, 'So'),
(394, 'Alito', 40, 1493474923063, 1, 'and rugs?'),
(395, 'Alex', 40, 1493474933778, 0, 'rugs aren\'t added in yet except for the boring ones'),
(396, 'Alex', 40, 1493474935546, 0, ':('),
(397, 'JasonDev', 40, 1493474950459, 0, 'rry bro'),
(398, 'JasonDev', 40, 1493474952418, 0, 'back'),
(399, 'Alito', 40, 1493474959536, 0, 'ah '),
(400, 'Alex', 40, 1493474959947, 0, 'its ok'),
(401, 'JasonDev', 40, 1493474967258, 0, 'was super'),
(402, 'JasonDev', 40, 1493474968689, 0, 'laggy'),
(403, 'JasonDev', 40, 1493474980569, 0, 'even now lol'),
(404, 'Alex', 40, 1493475006042, 0, 'Alito, if I give you rights'),
(405, 'Alex', 40, 1493475010595, 0, 'you should buy a teleporter'),
(406, 'Alex', 40, 1493475014635, 0, 'and link ur room with mine :D'),
(407, 'JasonDev', 40, 1493475034660, 0, 'you guys are teleporting for me'),
(408, 'JasonDev', 40, 1493475048292, 0, 'and'),
(409, 'Alex', 40, 1493475049746, 0, 'u shud have rights now'),
(410, 'JasonDev', 40, 1493475052892, 0, 'not lag anymore'),
(411, 'Alito', 40, 1493475053071, 0, 'But I need to give my teleport no?'),
(412, 'Alex', 40, 1493475057978, 0, 'yes'),
(413, 'JasonDev', 40, 1493475061958, 0, 'give me rights |'),
(414, 'Alex', 40, 1493475067355, 0, 'why'),
(415, 'Alex', 40, 1493475068850, 0, '>:)'),
(416, 'JasonDev', 40, 1493475070040, 0, 'lemme buy a teleport for a sec'),
(417, 'Alito', 40, 1493475070453, 1, 'ah wait a moment'),
(418, 'Alex', 40, 1493475084715, 0, 'also u get 10 credits every 10 minutes, but i might make it every 20'),
(419, 'JasonDev', 40, 1493475112259, 0, 'do I have it?'),
(420, 'Alex', 40, 1493475123717, 0, 'theres no need to give you rights'),
(421, 'Alex', 40, 1493475140878, 0, 'now alito doesnt have rights'),
(422, 'Alex', 40, 1493475143683, 0, 'cos theres no need now'),
(423, 'Alito', 40, 1493475156799, 0, ':d'),
(424, 'Alex', 40, 1493475159714, 0, 'wow nice room'),
(425, 'Alex', 40, 1493475161673, 0, ':D'),
(426, 'Alito', 40, 1493475164740, 0, 'thank you :)'),
(427, 'JasonDev', 40, 1493475171219, 0, 'is this hell?'),
(428, 'Alito', 46, 1493475183586, 0, 'lol'),
(429, 'Alex', 46, 1493475184273, 0, 'rotate that bookcase'),
(430, 'Alex', 46, 1493475186004, 0, '2 times'),
(431, 'Alex', 46, 1493475195394, 0, 'yes'),
(432, 'Alex', 46, 1493475197113, 0, ':D'),
(433, 'Alito', 46, 1493475197160, 0, 'the books'),
(434, 'Alito', 46, 1493475200380, 0, ':o'),
(435, 'Alex', 46, 1493475207426, 0, 'You had the back showing lol'),
(436, 'Alito', 46, 1493475227443, 0, 'Yes'),
(437, 'Alex', 46, 1493475244818, 0, 'I saw you made that CCT thread on RZ?'),
(438, 'Alex', 46, 1493475247906, 0, 'Hmm'),
(439, 'Alito', 46, 1493475255907, 0, 'Yes I know how to make furnis'),
(440, 'Alex', 46, 1493475263738, 0, 'Can you try picking up all the rugs, lights and chairs and place'),
(441, 'Alito', 46, 1493475265820, 0, 'im creating new furnis :p'),
(442, 'Alex', 46, 1493475267762, 0, 'them back down?'),
(443, 'Alex', 46, 1493475279578, 0, 'put rugs first and then chairs'),
(444, 'Alito', 46, 1493475286809, 0, 'ok'),
(445, 'Alito', 46, 1493475309877, 0, 'all?'),
(446, 'Alex', 46, 1493475320617, 0, 'yes, and then place the rugs back down'),
(447, 'Alex', 46, 1493475325921, 0, 'i made some changes so chairs should work'),
(448, 'Alex', 46, 1493475328658, 0, 'on rugs'),
(449, 'Alito', 46, 1493475334312, 0, 'ah '),
(450, 'Alex', 46, 1493475334586, 0, 'but they need to be placed back down :P'),
(451, 'Alito', 46, 1493475342439, 0, 'I undertand'),
(452, 'Alex', 46, 1493475342793, 0, 'rugs first tho '),
(453, 'Alito', 46, 1493475345639, 0, 'understand*'),
(454, 'Alex', 46, 1493475368824, 0, 'sorry :('),
(455, 'Alito', 46, 1493475374735, 0, ':p'),
(456, 'Alex', 46, 1493475383088, 0, 'Also since I\'m admin I have rights to every room.'),
(457, 'Alito', 46, 1493475390143, 0, 'Did you change the type in database?'),
(458, 'Alex', 46, 1493475400985, 0, 'No'),
(459, 'Alito', 46, 1493475406652, 0, 'type of objects'),
(460, 'Alex', 46, 1493475433753, 0, 'No, just changed the height from 0 to 0.01 so I know what'),
(461, 'Alex', 46, 1493475438055, 0, 'the top item is'),
(462, 'Alex', 46, 1493475445759, 0, 'for every item definition'),
(463, 'Alito', 46, 1493475462256, 0, 'to put on top '),
(464, 'Alito', 46, 1493475477616, 0, 'now works :p'),
(465, 'Alex', 46, 1493475480328, 0, ':P'),
(466, 'Alito', 46, 1493475510698, 0, 'V1 is very different in v26 database etc?'),
(467, 'Alex', 46, 1493475516064, 0, 'yes'),
(468, 'Alex', 46, 1493475520480, 0, 'a lot is different'),
(469, 'Alito', 46, 1493475540443, 0, ':c'),
(470, 'Alex', 46, 1493475548615, 0, 'hmm'),
(471, 'Alex', 46, 1493475550479, 0, 'wtf'),
(472, 'Alex', 46, 1493475551951, 0, ':('),
(473, 'Alito', 46, 1493475561653, 0, 'to fix pura'),
(474, 'Alito', 46, 1493475578969, 0, 'you need change the type of object if you can '),
(475, 'Alito', 46, 1493475587039, 0, 'in database'),
(476, 'Alex', 46, 1493475593638, 0, 'you bought the pura bed?'),
(477, 'Alito', 46, 1493475621129, 0, 'i do not remember'),
(478, 'Alito', 46, 1493475630003, 0, 'follow me'),
(479, 'Alito', 69, 1493475653610, 0, 'no'),
(480, 'Alito', 69, 1493475658329, 0, 'rustic bed'),
(481, 'Alito', 69, 1493475669955, 0, 'no, rustic bed'),
(482, 'Alex', 69, 1493475676383, 0, 'lol'),
(483, 'Alito', 69, 1493475682589, 0, ':p'),
(484, 'Alex', 69, 1493475682974, 0, 'rotating it affects the items underneath'),
(485, 'Alex', 69, 1493475704926, 0, 'XD'),
(486, 'Alito', 69, 1493475710798, 0, 'yes'),
(487, 'Alex', 69, 1493475733998, 0, 'stop rotating :('),
(488, 'Alito', 69, 1493475751679, 0, 'lol'),
(489, 'Alito', 69, 1493475766575, 0, 'my animation is flying'),
(490, 'Alex', 69, 1493475768255, 0, 'wtf r u doing'),
(491, 'Alito', 69, 1493475788025, 0, 'bug'),
(492, 'Alito', 69, 1493475789286, 0, ':p'),
(493, 'Alito', 69, 1493475791337, 0, 'my animation is flying'),
(494, 'Alex', 69, 1493475803519, 0, 'wat'),
(495, 'Alito', 69, 1493475814586, 0, 'above'),
(496, 'Alito', 69, 1493475817478, 0, 'above'),
(497, 'Alito', 69, 1493475827716, 0, 'I see my animation'),
(498, 'Alex', 69, 1493475833645, 0, 'what are you doing...?'),
(499, 'Alito', 69, 1493475859364, 0, 'nothing now '),
(500, 'Alex', 69, 1493475883110, 0, 'sigh'),
(501, 'Alex', 69, 1493475887909, 0, 'you kept going above?'),
(502, 'Alex', 69, 1493475891733, 0, 'what were u doing.....?'),
(503, 'Alito', 69, 1493475903762, 0, 'yes'),
(504, 'Alito', 69, 1493475917211, 0, 'just restart room'),
(505, 'Alex', 69, 1493475956341, 0, 'does it only happen in this room?'),
(506, 'Alito', 69, 1493475958559, 0, 'can you see the animation flying?'),
(507, 'Alex', 69, 1493475963780, 0, 'no'),
(508, 'Alito', 69, 1493475979817, 0, 'yes'),
(509, 'Alito', 69, 1493476003433, 0, 'pic'),
(510, 'Alex', 69, 1493476024955, 0, 'lets both levae room'),
(511, 'Alex', 69, 1493476031279, 0, 'and then u come back to to it'),
(512, 'Alito', 69, 1493476038489, 1, 'Ok'),
(513, 'Alito', 69, 1493476081648, 0, 'remain'),
(514, 'Alex', 69, 1493476095052, 0, 'NullPointerException Room.java:390'),
(515, 'Alex', 69, 1493476096248, 0, 'hmm'),
(516, 'Alito', 69, 1493476103261, 0, 'I will restart'),
(517, 'Alex', 69, 1493476177698, 0, 'yeah... '),
(518, 'Alex', 69, 1493476187187, 0, 'does it only happen with this room u say?'),
(519, 'Alito', 69, 1493476204344, 0, 'yes'),
(520, 'Alex', 69, 1493476227402, 0, 'wtf lol'),
(521, 'Alito', 69, 1493476229526, 0, 'I send you pic in rz?'),
(522, 'Alex', 69, 1493476234874, 0, 'i can see you keep disappearing and coming back'),
(523, 'Alex', 69, 1493476245947, 0, 'and theres a floating you'),
(524, 'Alito', 69, 1493476256450, 0, 'yes '),
(525, 'Alito', 69, 1493476266400, 0, 'lol'),
(526, 'Alito', 69, 1493476281239, 0, 'you saw?'),
(527, 'Alito', 69, 1493476283490, 0, 'you saw?'),
(528, 'Alex', 69, 1493476285866, 0, 'yes'),
(529, 'Alex', 69, 1493476297882, 0, 'it\'s an issue with cleanup when someone leaves room'),
(530, 'Alex', 69, 1493476305203, 0, 'does it happenw eh you leave room?'),
(531, 'Alex', 69, 1493476310753, 0, '*when you'),
(532, 'Alito', 69, 1493476335134, 0, 'i dont know'),
(533, 'Alito', 69, 1493476359730, 0, 'lol'),
(534, 'Alito', 69, 1493476390469, 0, 'its the bed'),
(535, 'Alex', 69, 1493476402332, 0, 'LOL'),
(536, 'Alex', 69, 1493476406200, 0, 'uhm'),
(537, 'Alex', 69, 1493476412266, 0, 'im looking at the source right now'),
(538, 'Alito', 69, 1493476415725, 0, 'go to bed'),
(539, 'Alito', 69, 1493476429411, 0, 'and rotate'),
(540, 'Alex', 69, 1493476433505, 0, 'im gonna restart the server'),
(541, 'Alex', 69, 1493476437505, 0, 'since the bug is already happened'),
(542, 'Alex', 69, 1493476445056, 0, 'i need to know how to reproduce it'),
(543, 'Alex', 69, 1493476456728, 0, 'cya in a bit'),
(544, 'Alito', 69, 1493476457734, 0, 'Ok '),
(545, 'Alito', 69, 1493476493615, 0, 'see you later'),
(546, 'Alito', 69, 1493477366037, 0, 'im here :p'),
(547, 'Alito', 69, 1493477388196, 0, 'homeworks'),
(548, 'Alito', 69, 1493477410557, 0, 'kick?'),
(549, 'Alito', 69, 1493477433015, 0, 'kick again?'),
(550, 'Alex', 69, 1493477492410, 0, 'hey'),
(551, 'Alex', 69, 1493477497683, 0, 'what did ya say?'),
(552, 'Alito', 69, 1493477501208, 0, 'imback :p homeworks'),
(553, 'Alex', 69, 1493477505530, 0, 'ah'),
(554, 'Alito', 69, 1493477519051, 0, 'lol'),
(555, 'Alito', 69, 1493477529225, 0, 'when '),
(556, 'Alex', 69, 1493477533017, 0, 'did you rotate it??'),
(557, 'Alito', 69, 1493477538009, 0, 'I rotate the bed'),
(558, 'Alito', 69, 1493477542227, 0, 'im kicked'),
(559, 'Alex', 69, 1493477545866, 0, 'LOL'),
(560, 'Alex', 69, 1493477547033, 0, 'so weird'),
(561, 'Alex', 69, 1493477559280, 0, 'at least the floating person bug thing is fixed?'),
(562, 'Alito', 69, 1493477565401, 0, 'yes'),
(563, 'Alito', 69, 1493477576349, 0, 'no more floating person :p'),
(564, 'Alito', 69, 1493477594982, 0, 'sorry for my bad english also '),
(565, 'Alito', 69, 1493477607571, 0, 'im not english :p'),
(566, 'Alex', 69, 1493477612218, 0, 'its ok'),
(567, 'Alex', 69, 1493477649472, 0, 'hmm strange bug >_<'),
(568, 'Alito', 69, 1493477653732, 0, 'Do you understand emulator codes?'),
(569, 'Alex', 69, 1493477666570, 0, 'yes'),
(570, 'Alito', 69, 1493477666881, 0, 'yes'),
(571, 'Alito', 69, 1493477672404, 0, 'lol'),
(572, 'Alito', 69, 1493477684603, 0, 'better without bed'),
(573, 'Alito', 69, 1493477685535, 0, ':p'),
(574, 'Alex', 69, 1493477687792, 0, 'well i fixed the other bug didn\'t it?'),
(575, 'Alex', 69, 1493477689680, 0, '*i?'),
(576, 'Alex', 69, 1493477691513, 0, 'xdddd'),
(577, 'Alito', 69, 1493477703640, 0, 'yes fixed'),
(578, 'Alex', 69, 1493477717016, 0, 'hm'),
(579, 'Alito', 69, 1493477727567, 0, 'I hate the flood'),
(580, 'Alito', 69, 1493477729948, 0, '>:('),
(581, 'Alex', 69, 1493477730584, 0, 'i think it might be a stackoverflow error'),
(582, 'Alex', 69, 1493477733992, 0, 'flood?'),
(583, 'Alito', 69, 1493477742778, 0, 'yes'),
(584, 'Alex', 69, 1493477755385, 0, 'what do you mean? :P'),
(585, 'Alito', 69, 1493477775632, 0, 'when you talk fast'),
(586, 'Alito', 69, 1493477777655, 0, ':p'),
(587, 'Alito', 69, 1493477787344, 1, 'with shout'),
(588, 'Alex', 69, 1493477792160, 0, 'oh ok'),
(589, 'Alex', 69, 1493477799280, 0, 'i cant remove that'),
(590, 'Alex', 69, 1493477801825, 0, 'its inside the dcr'),
(591, 'Alex', 69, 1493477806249, 0, ':('),
(592, 'Alito', 69, 1493477814617, 0, ':x'),
(593, 'Alito', 69, 1493477822215, 0, 'Maybe lab can help'),
(594, 'Alito', 69, 1493477827181, 0, '?'),
(595, 'Alex', 69, 1493477868879, 0, 'I don\'t know, he\'s busy IRL.'),
(596, 'Alex', 69, 1493477872568, 0, 'anyways'),
(597, 'Alex', 69, 1493477878471, 0, 'i might be able to fix the bed'),
(598, 'Alito', 69, 1493477880088, 0, 'ahh'),
(599, 'Alex', 69, 1493477889966, 0, 'i gotta restart server again >_< sorry'),
(600, 'Alito', 69, 1493477899618, 0, 'np'),
(601, 'Alito', 69, 1493477900667, 0, ':p'),
(602, 'Alito', 69, 1493477903883, 0, 'see you later'),
(603, 'Alito', 69, 1493477907298, 0, 'tonigh'),
(604, 'Alito', 69, 1493477909863, 0, 'tonight'),
(605, 'Alito', 69, 1493477920987, 0, 'o/'),
(606, 'Alito', 69, 1493477921858, 0, ':p'),
(607, 'Alito', 69, 1493477943925, 0, 'see you later'),
(608, 'Alex', 69, 1493477964646, 0, 'cya in a bit'),
(609, 'Alito', 69, 1493478249525, 0, 'hi'),
(610, 'Alito', 69, 1493478255642, 0, 'fixed?'),
(611, 'Alex', 69, 1493478272131, 0, 'not fixed'),
(612, 'Alex', 69, 1493478300565, 0, 'it\'s weird because you lose connection to the private room server'),
(613, 'Alito', 69, 1493478343285, 0, 'maybe my figure'),
(614, 'Alito', 69, 1493478370005, 0, 'cant enter inside the wall '),
(615, 'Alito', 69, 1493478388706, 0, 'and the bed pushes'),
(616, 'Alito', 69, 1493478397843, 0, 'the bed pushes into a wall'),
(617, 'Alex', 69, 1493478398042, 0, 'So it\'s like anti-cheat?'),
(618, 'Alex', 69, 1493478402803, 0, ':P'),
(619, 'Alito', 69, 1493478417341, 0, 'haha '),
(620, 'Alito', 69, 1493478418287, 0, ':p'),
(621, 'Alex', 69, 1493478448137, 0, 'theres no errors happening on server'),
(622, 'Alex', 69, 1493478453152, 0, 'maybe it\'s a client thing'),
(623, 'Alito', 69, 1493478471971, 0, ':P sorry '),
(624, 'Alito', 69, 1493478495326, 0, 'other bed?'),
(625, 'Alito', 69, 1493478549415, 0, 'well'),
(626, 'Alex', 69, 1493478553442, 0, 'i dont know how to fix it'),
(627, 'Alex', 69, 1493478558113, 0, 'the server doesnt error'),
(628, 'Alex', 69, 1493478566561, 0, 'only that client loses connection to private room'),
(629, 'Alito', 69, 1493478594630, 0, 'Maybe you can use code from another edited emu?'),
(630, 'Alito', 69, 1493478606153, 0, 'to fix it'),
(631, 'Alex', 69, 1493478614473, 0, 'Thanks for the advice but it doesn\'t work like that'),
(632, 'Alito', 69, 1493478629701, 0, ':c'),
(633, 'Alex', 69, 1493478635024, 0, 'just stop kicking me'),
(634, 'Alex', 69, 1493478635876, 0, 'XD'),
(635, 'Alito', 69, 1493478645999, 0, 'haha'),
(636, 'Alito', 69, 1493478656732, 0, 'I dont know nothing about codes'),
(637, 'Alito', 69, 1493478669893, 0, 'only my friend, he is in university'),
(638, 'Alex', 69, 1493478675343, 0, 'ah :P'),
(639, 'Alito', 69, 1493478690061, 0, 'learning programming :p'),
(640, 'Alito', 69, 1493478707233, 0, 'we want the old habbo back'),
(641, 'Alex', 69, 1493478717510, 0, ':P'),
(642, 'Alex', 69, 1493478721350, 0, 'this is the earliest u can go'),
(643, 'Alito', 69, 1493478745233, 0, 'Yes :p haha v1'),
(644, 'Alito', 69, 1493478761078, 0, 'i met habbo in 2009'),
(645, 'Alex', 69, 1493478770175, 0, 'Ah'),
(646, 'Alito', 69, 1493478772640, 0, 'was very fun'),
(647, 'Alex', 69, 1493478780174, 0, 'Me I think was 2006-2005'),
(648, 'Alito', 69, 1493478789220, 0, 'lol'),
(649, 'Alex', 69, 1493478799709, 0, 'You like the console?'),
(650, 'Alex', 69, 1493478805533, 0, 'Now we can offline message each other'),
(651, 'Alex', 69, 1493478806341, 0, 'hehe'),
(652, 'Alito', 69, 1493478812433, 0, 'Yes '),
(653, 'Alex', 69, 1493478818501, 0, 'whats your retro?'),
(654, 'Alito', 69, 1493478836168, 0, 'flood again :p'),
(655, 'Alito', 69, 1493478838518, 0, 'habbowave'),
(656, 'Alex', 69, 1493478849078, 0, 'link?'),
(657, 'Alito', 69, 1493478855586, 0, 'habbowave.zapto.org'),
(658, 'Alito', 69, 1493478864313, 0, 'sorry, cms is in spanish :p'),
(659, 'Alito', 69, 1493478875103, 0, 'I translate it'),
(660, 'Alex', 69, 1493478879541, 0, 'Ah, that\'s ok :P'),
(661, 'Alito', 69, 1493478880518, 0, 'translated'),
(662, 'Alito', 69, 1493478883699, 0, ':p'),
(663, 'Alito', 69, 1493478924365, 0, 'Just pass links to friends '),
(664, 'Alex', 69, 1493478931437, 0, ':P'),
(665, 'Alito', 69, 1493478937146, 0, 'because the retro have '),
(666, 'Alito', 69, 1493478941137, 0, '90% bugs'),
(667, 'Alito', 69, 1493478967566, 0, 'and my friend on this moment dont know about emus'),
(668, 'Alito', 69, 1493478977623, 0, 'he is programming #C'),
(669, 'Alex', 69, 1493478981005, 0, 'every time i submit register it brings me back to register page'),
(670, 'Alex', 69, 1493478983358, 0, 'ah :P'),
(671, 'Alito', 69, 1493478999153, 0, 'lol'),
(672, 'Alito', 69, 1493479026078, 0, 'really?'),
(673, 'Alex', 69, 1493479033116, 0, 'Yes I can\'t register'),
(674, 'Alito', 69, 1493479039327, 0, 'use gmail?'),
(675, 'Alito', 69, 1493479069753, 0, 'wait a moment I can put the cms in english for help'),
(676, 'Alex', 69, 1493479093357, 0, 'no its not that'),
(677, 'Alex', 69, 1493479100406, 0, 'after i enter captcha and press enter'),
(678, 'Alex', 69, 1493479105403, 0, 'it takes me back to register page'),
(679, 'Alito', 69, 1493479130793, 0, 'Ah '),
(680, 'Alito', 69, 1493479154749, 0, 'presscontinuar '),
(681, 'Alito', 69, 1493479157658, 0, ':p'),
(682, 'Alito', 69, 1493479172254, 0, 'accept terms (terminos)'),
(683, 'Alex', 69, 1493479172454, 0, 'yes and it takes me back to /regsiter again'),
(684, 'Alex', 69, 1493479177026, 0, 'with all info lost'),
(685, 'Alito', 69, 1493479183471, 0, ':/'),
(686, 'Alex', 69, 1493479184681, 0, 'and i tick accept TOS :P'),
(687, 'Alito', 69, 1493479195563, 0, 'tos?'),
(688, 'Alex', 69, 1493479204658, 0, 'terms of service'),
(689, 'Alex', 69, 1493479206089, 0, 'xd'),
(690, 'Alito', 69, 1493479212113, 0, 'ah :p'),
(691, 'Alito', 69, 1493479258530, 0, 'Maybe something not allowed'),
(692, 'Alex', 69, 1493479275995, 0, 'no i think phpretro needs an older PHP version'),
(693, 'Alex', 69, 1493479283922, 0, 'because register doesnt simply work'),
(694, 'Alex', 69, 1493479289730, 0, 'it accepts password and email etc etc'),
(695, 'Alito', 69, 1493479310483, 0, 'i will try register :p with your name, later you change pass etc'),
(696, 'Alito', 69, 1493479316108, 0, 'what  name?'),
(697, 'Alex', 69, 1493479317601, 0, ':P'),
(698, 'Alex', 69, 1493479342258, 0, 'Alex'),
(699, 'Alito', 69, 1493479343386, 0, 'Alex for example?'),
(700, 'Alito', 69, 1493479344470, 0, 'o'),
(701, 'Alex', 69, 1493479344708, 0, 'please'),
(702, 'Alito', 69, 1493479345484, 0, 'k'),
(703, 'Alex', 69, 1493479347121, 0, ':D'),
(704, 'Alito', 69, 1493479359555, 0, 'pass habbo123'),
(705, 'Alito', 69, 1493479361403, 0, ':p'),
(706, 'Alex', 69, 1493479394985, 0, 'login doesn\'t work :('),
(707, 'Alex', 69, 1493479405945, 0, 'now it does'),
(708, 'Alex', 69, 1493479407096, 0, ':D'),
(709, 'Alito', 69, 1493479408986, 0, 'try now'),
(710, 'Alito', 69, 1493479409780, 0, ':p'),
(711, 'Alito', 69, 1493479413003, 0, 'I can register'),
(712, 'Alito', 69, 1493479425595, 0, 'with hotmail'),
(713, 'Alito', 69, 1493479497183, 0, 'The emu releases error'),
(714, 'Alito', 69, 1493479506863, 0, 'when im loading catalogue'),
(715, 'Alito', 69, 1493479522463, 0, ':p'),
(716, 'Alito', 46, 1493508259933, 1, 'AAAAAAAAA Im Alone '),
(717, 'Alito', 69, 1493508310462, 1, ''),
(718, 'Alito', 69, 1493508312203, 0, 'lol'),
(719, 'Alito', 69, 1493508320737, 1, '||'),
(720, 'Alito', 40, 1493508362476, 1, 'oh my god'),
(721, 'Alito', 40, 1493508388816, 1, 'terrible bug in the bed O_O'),
(722, 'Alito', 40, 1493508444970, 1, 'when you dance'),
(723, 'Alito', 40, 1493508446506, 1, 'in the bed'),
(724, 'Alito', 40, 1493508454788, 0, ':p'),
(725, 'Alito', 40, 1493508531243, 0, ''),
(726, 'Alito', 40, 1493508554387, 0, ':p'),
(727, 'Alito', 40, 1493508558159, 0, '_'),
(728, 'Alito', 40, 1493508573398, 0, ':furni'),
(729, 'Alito', 40, 1493508578358, 0, ':commands'),
(730, 'Alito', 40, 1493508597258, 0, ':helpmeimcrazyya'),
(731, 'JasonDev', 13, 1493547490171, 0, 'dont tell me it\'s working mate'),
(732, 'JasonDev', 13, 1493547491069, 0, ':D'),
(733, 'Alex', 13, 1493547498740, 0, 'leggo'),
(734, 'JasonDev', 13, 1493547503861, 0, 'yeeha'),
(735, 'JasonDev', 21, 1493547513463, 0, 'wee woo'),
(736, 'JasonDev', 21, 1493547514642, 0, 'weeo woo'),
(737, 'JasonDev', 21, 1493547600892, 0, ':D'),
(738, 'Alex', 21, 1493547603779, 0, ':D'),
(739, 'JasonDev', 21, 1493547606045, 0, 'you go try :D'),
(740, 'JasonDev', 21, 1493547607682, 0, 'thanks man'),
(741, 'Alex', 21, 1493547608023, 0, 'let me try'),
(742, 'JasonDev', 21, 1493547611218, 0, 'I really love this'),
(743, 'JasonDev', 21, 1493547635921, 0, 'woah'),
(744, 'JasonDev', 21, 1493547640227, 0, 'lol'),
(745, 'Alex', 21, 1493547641043, 0, 'XD'),
(746, 'Alex', 21, 1493547662118, 0, 'did u see the replay? :D'),
(747, 'JasonDev', 21, 1493547662680, 0, 'this is just so |'),
(748, 'JasonDev', 21, 1493547672901, 0, 'nope the live one'),
(749, 'Alex', 21, 1493547673705, 0, 'lol'),
(750, 'JasonDev', 21, 1493547675801, 0, 'xD'),
(751, 'Alex', 21, 1493547676947, 0, 'imma try again'),
(752, 'JasonDev', 21, 1493547709221, 0, 'lool'),
(753, 'Alex', 21, 1493547710027, 0, 'did u vote?'),
(754, 'Alex', 21, 1493547711202, 0, ':('),
(755, 'Alex', 21, 1493547720290, 0, 'xD'),
(756, 'JasonDev', 21, 1493547723686, 0, 'XD'),
(757, 'JasonDev', 21, 1493547766990, 0, 'It does'),
(758, 'JasonDev', 21, 1493547769611, 0, 'auto'),
(759, 'JasonDev', 21, 1493547775663, 0, 'walking out of the pool'),
(760, 'Alex', 21, 1493547778241, 0, 'yes'),
(761, 'Alex', 21, 1493547785081, 0, 'that\'s like proper habbo'),
(762, 'Alex', 21, 1493547787130, 0, 'back in the day'),
(763, 'JasonDev', 21, 1493547790900, 0, 'am getting addicted'),
(764, 'JasonDev', 21, 1493547792680, 0, 'XD'),
(765, 'Alex', 21, 1493547797841, 0, 'XD'),
(766, 'Dominic', 21, 1493547819540, 0, 'heyyy alex'),
(767, 'Alex', 21, 1493547820521, 0, 'whos this ucnt'),
(768, 'Alex', 21, 1493547824960, 0, 'hey :D'),
(769, 'Dominic', 21, 1493547827840, 0, 'bug off'),
(770, 'Dominic', 21, 1493547831678, 0, 'do we have unlimited tickets?'),
(771, 'Alex', 21, 1493547837908, 0, 'u needa buy em'),
(772, 'Alex', 21, 1493547841864, 0, 'do u have credits?'),
(773, 'Alex', 21, 1493547844521, 0, 'ill buy them for you'),
(774, 'Dominic', 21, 1493547852687, 0, 'i got tickets now'),
(775, 'Alex', 21, 1493547856808, 0, 'oh'),
(776, 'Alex', 21, 1493547858401, 0, 'lol'),
(777, 'Dominic', 21, 1493547892679, 0, 'im hot as fuck in that video'),
(778, 'Alex', 21, 1493547902952, 0, 'yer babe ur body is soo gud'),
(779, 'Dominic', 21, 1493547908921, 0, 'Oh, how I\'ve missed this'),
(780, 'Dominic', 21, 1493547910603, 0, 'i know babe'),
(781, 'Alex', 21, 1493547949904, 0, 'LOL thanks xD'),
(782, 'Dominic', 21, 1493547953766, 0, '|||'),
(783, 'Alex', 21, 1493547957680, 0, '?'),
(784, 'Dominic', 21, 1493547968571, 0, 'How much else are you missing?'),
(785, 'Dominic', 21, 1493547970835, 0, 'What about SS?'),
(786, 'Alex', 21, 1493547978519, 0, 'doesnt exist in this version'),
(787, 'Dominic', 21, 1493547981617, 0, 'Ah'),
(788, 'Alex', 21, 1493547984023, 0, 'same with wobble squabble'),
(789, 'Alex', 21, 1493547987784, 0, '*squobble'),
(790, 'Dominic', 21, 1493547990740, 0, 'fuck this version then'),
(791, 'Alex', 21, 1493547994415, 0, 'wow :('),
(792, 'Alex', 21, 1493547998328, 0, 'it\'s from 2001'),
(793, 'Dominic', 21, 1493547999808, 0, 'not your emnulator'),
(794, 'Dominic', 21, 1493548006072, 0, 'your emulator is gud'),
(795, 'Alex', 21, 1493548009624, 0, 'the earliest habbo u can play xddd'),
(796, 'Dominic', 21, 1493548016871, 0, 'Besides MD'),
(797, 'Alex', 21, 1493548023280, 0, '...not habbo'),
(798, 'Dominic', 21, 1493548026771, 0, 'Oh yeah'),
(799, 'Dominic', 21, 1493548028078, 0, 'true'),
(800, 'Alex', 21, 1493548035735, 0, 'same protocol, same protocol'),
(801, 'Alex', 21, 1493548038447, 0, 'different game'),
(802, 'Alex', 21, 1493548046366, 0, 'same creators*'),
(803, 'Dominic', 21, 1493548048118, 0, 'same shit, different name'),
(804, 'Alex', 21, 1493548059008, 0, 'I meant to say: same protocol, same creators'),
(805, 'Dominic', 21, 1493548062600, 0, 'ehehehe'),
(806, 'Alex', 21, 1493548068439, 0, 'anyways'),
(807, 'Alex', 21, 1493548072876, 0, 'lol'),
(808, 'Dominic', 21, 1493548111079, 0, '10/10'),
(809, 'Alex', 21, 1493548120486, 0, 'bro i coded the voting for a reason'),
(810, 'Alex', 21, 1493548122890, 0, 'xD'),
(811, 'Alex', 21, 1493548124750, 0, 'jk lol'),
(812, 'Dominic', 21, 1493548129100, 0, 'was too lazy'),
(813, 'Dominic', 21, 1493548155471, 0, 'bruh'),
(814, 'Dominic', 21, 1493548158736, 0, 'ppl nowadays right'),
(815, 'Dominic', 21, 1493548171775, 0, 'they\'re making fastfood datas static'),
(816, 'Alex', 21, 1493548180079, 0, 'hmm?'),
(817, 'Dominic', 21, 1493548191668, 0, 'like drop speed, parachute speed'),
(818, 'Dominic', 21, 1493548192412, 0, 'etc'),
(819, 'Alex', 21, 1493548197148, 0, 'ah'),
(820, 'Dominic', 21, 1493548200808, 0, 'static data'),
(821, 'Alex', 21, 1493548203294, 0, 'shouldn\'t that shit be randomised? o_o'),
(822, 'Dominic', 21, 1493548206303, 0, 'ye'),
(823, 'Dominic', 21, 1493548211337, 0, 'it should rather be'),
(824, 'Alex', 21, 1493548211862, 0, 'lol'),
(825, 'JasonDev', 21, 1493548213845, 0, 'why credits'),
(826, 'JasonDev', 21, 1493548214580, 0, 'are '),
(827, 'JasonDev', 21, 1493548219451, 0, 'resetted?'),
(828, 'Alex', 21, 1493548225815, 0, 'uhm'),
(829, 'Dominic', 21, 1493548226040, 0, 'calculated from the height of the falling item'),
(830, 'Alex', 21, 1493548236080, 0, 'how credits do u have jason/'),
(831, 'Dominic', 21, 1493548245160, 0, 'i gotz 200'),
(832, 'Alex', 21, 1493548265118, 0, 'lol'),
(833, 'Alex', 21, 1493548266933, 0, 'btw dom'),
(834, 'Alex', 21, 1493548275846, 0, 'coding diving was suprisingly easier than i expected'),
(835, 'Dominic', 21, 1493548276748, 0, 'ye'),
(836, 'Alex', 21, 1493548281381, 0, 'i just need to code that queue '),
(837, 'Dominic', 21, 1493548281824, 0, 't\'was?'),
(838, 'Alex', 21, 1493548286622, 0, 'which see you see on the ground'),
(839, 'Alex', 21, 1493548299305, 0, 'hehe'),
(840, 'Alex', 21, 1493548306191, 0, 'i love how the doors close/open'),
(841, 'Alex', 21, 1493548308167, 0, 'so cute'),
(842, 'Dominic', 21, 1493548316424, 0, 'can you rephrase?'),
(843, 'Dominic', 21, 1493548324835, 0, '"which see you see on the ground"'),
(844, 'Alex', 21, 1493548337269, 0, 'See the arrows? It\'s a queue, it should auto walk yourself'),
(845, 'Alex', 21, 1493548340806, 0, 'I need to code that'),
(846, 'JasonDev', 21, 1493548349497, 0, 'yeah alex'),
(847, 'JasonDev', 21, 1493548351960, 0, 'give me that'),
(848, 'Alex', 21, 1493548352253, 0, 'Also 2/10 Jason did you even try?!?!'),
(849, 'JasonDev', 21, 1493548355074, 0, 'chat bubble |'),
(850, 'JasonDev', 21, 1493548356510, 0, 'lol'),
(851, 'JasonDev', 21, 1493548365173, 0, 'awww'),
(852, 'Alex', 21, 1493548370830, 0, 'lol'),
(853, 'JasonDev', 21, 1493548374360, 0, 'how to get red chat bubble?'),
(854, 'JasonDev', 21, 1493548379451, 0, 'weeeeee'),
(855, 'Alex', 21, 1493548387789, 0, 'you need red swimmers'),
(856, 'Dominic', 21, 1493548395457, 0, 'cheers babe'),
(857, 'Alex', 21, 1493548400454, 0, '?'),
(858, 'Alex', 21, 1493548418997, 0, 'The pool queue should be easy to code tbh'),
(859, 'Dominic', 21, 1493548431472, 0, 'yeah'),
(860, 'Alex', 21, 1493548438085, 0, 'afk dinner'),
(861, 'Dominic', 21, 1493548444496, 0, 'wouldn\'t it just be recognizing XYZ?'),
(862, 'JasonDev', 21, 1493548446664, 0, 'vote |'),
(863, 'Dominic', 21, 1493548651433, 0, 'im gay'),
(864, 'JasonDev', 21, 1493548946721, 0, ':SIt'),
(865, 'JasonDev', 71, 1493559810067, 0, 'welcome to fuse lol');

-- --------------------------------------------------------

--
-- Table structure for table `room_models`
--

CREATE TABLE `room_models` (
  `id` varchar(100) NOT NULL,
  `door_x` int(11) NOT NULL,
  `door_y` int(11) NOT NULL,
  `door_z` double NOT NULL,
  `door_dir` int(4) NOT NULL DEFAULT '2',
  `heightmap` text NOT NULL,
  `has_pool` tinyint(1) NOT NULL DEFAULT '0',
  `disable_height_check` tinyint(1) NOT NULL DEFAULT '0'
) ENGINE=MyISAM DEFAULT CHARSET=latin1;

--
-- Dumping data for table `room_models`
--

INSERT INTO `room_models` (`id`, `door_x`, `door_y`, `door_z`, `door_dir`, `heightmap`, `has_pool`, `disable_height_check`) VALUES
('model_a', 3, 5, 0, 2, 'xxxxxxxxxxxx xxxx00000000 xxxx00000000 xxxx00000000 xxxx00000000 xxxx00000000 xxxx00000000 xxxx00000000 xxxx00000000 xxxx00000000 xxxx00000000 xxxx00000000 xxxx00000000 xxxx00000000 xxxxxxxxxxxx xxxxxxxxxxxx', 0, 0),
('model_b', 0, 5, 0, 2, 'xxxxxxxxxxxx xxxxx0000000 xxxxx0000000 xxxxx0000000 xxxxx0000000 x00000000000 x00000000000 x00000000000 x00000000000 x00000000000 x00000000000 xxxxxxxxxxxx xxxxxxxxxxxx xxxxxxxxxxxx xxxxxxxxxxxx xxxxxxxxxxxx', 0, 0),
('model_c', 4, 7, 0, 2, 'xxxxxxxxxxxx xxxxxxxxxxxx xxxxxxxxxxxx xxxxxxxxxxxx xxxxxxxxxxxx xxxxx000000x xxxxx000000x xxxxx000000x xxxxx000000x xxxxx000000x xxxxx000000x xxxxxxxxxxxx xxxxxxxxxxxx xxxxxxxxxxxx xxxxxxxxxxxx xxxxxxxxxxxx', 0, 0),
('model_d', 4, 7, 0, 2, 'xxxxxxxxxxxx xxxxx000000x xxxxx000000x xxxxx000000x xxxxx000000x xxxxx000000x xxxxx000000x xxxxx000000x xxxxx000000x xxxxx000000x xxxxx000000x xxxxx000000x xxxxx000000x xxxxx000000x xxxxx000000x xxxxxxxxxxxx', 0, 0),
('model_e', 1, 5, 0, 2, 'xxxxxxxxxxxx xxxxxxxxxxxx xxxxxxxxxxxx xx0000000000 xx0000000000 xx0000000000 xx0000000000 xx0000000000 xx0000000000 xx0000000000 xx0000000000 xxxxxxxxxxxx xxxxxxxxxxxx xxxxxxxxxxxx xxxxxxxxxxxx xxxxxxxxxxxx', 0, 0),
('model_f', 2, 5, 0, 2, 'xxxxxxxxxxxx xxxxxxx0000x xxxxxxx0000x xxx00000000x xxx00000000x xxx00000000x xxx00000000x x0000000000x x0000000000x x0000000000x x0000000000x xxxxxxxxxxxx xxxxxxxxxxxx xxxxxxxxxxxx xxxxxxxxxxxx xxxxxxxxxxxx', 0, 0),
('floorlobby_b', 9, 21, 0, 0, 'XXXXXXXXXXXXXXXXXXXXXXXXXXX XXXXXXXXXXXXXXXXXXXXXXXXXXX XXX0000000000000000XXXXXXX0 XXX000000000000000000XXXX00 X00000000000000000000000000 X00000000000000000000000000 XXX000000000000000000000000 XXXXXXX00000000000000000000 XXX111100000011111111111111 XXX111100000011111111111111 XXX111100000011111111111111 XXX111100000011111111111111 XXX111100000011111111111111 XXX111100000011111111111111 XXX1XX100000011111111111111 XXX1XX100000011111111111111 XXX111100000011111111111111 XXX111100000011111111111111 XXX111100000011111111111111 XXXXXXXX0000XXXXXXXXXXXXXXX XXXXXXXX0000XXXXXXXXXXXXXXX XXXXXXXX0000XXXXXXXXXXXXXXX', 0, 0),
('floorlobby_a', 9, 21, 0, 0, 'XXXXXXXXXXXXXXXXXXXXXXXXXXX XXXXXXXXXXXXXXXXXXXXXXXXXXX XXX0000000000000000XXXXXXX0 XXX000000000000000000XXXX00 X00000000000000000000000000 X00000000000000000000000000 XXX000000000000000000000000 XXXXXXX00000000000000000000 XXX111100000011111111111111 XXX111100000011111111111111 XXX111100000011111111111111 XXX111100000011111111111111 XXX111100000011111111111111 XXX111100000011111111111111 XXX1XX100000011111111111111 XXX1XX100000011111111111111 XXX111100000011111111111111 XXX111100000011111111111111 XXX111100000011111111111111 XXXXXXXX0000XXXXXXXXXXXXXXX XXXXXXXX0000XXXXXXXXXXXXXXX XXXXXXXX0000XXXXXXXXXXXXXXX', 0, 0),
('theater', 20, 27, 0, 2, 'XXXXXXXXXXXXXXXXXXXXXXX XXXXXXXXXXXXXXXXXXXXXXX XXXXXXXXXXXXXXXXXXXXXXX XXXXXXXXXXXXXXXXXXXXXXX XXXXXXXXXXXXXXXXXXXXXXX XXXXXXXXXXXXXXXXXXXXXXX XXXXXXX111111111XXXXXXX XXXXXXX11111111100000XX XXXX00X11111111100000XX XXXX00x11111111100000XX 4XXX00X11111111100000XX 4440000XXXXXXXXX00000XX 444000000000000000000XX 4XX000000000000000000XX 4XX0000000000000000000X 44400000000000000000000 44400000000000000000000 44X0000000000000000O000 44X11111111111111111000 44X11111111111111111000 33X11111111111111111000 22X11111111111111111000 22X11111111111111111000 22X11111111111111111000 22X11111111111111111000 22X11111111111111111000 22211111111111111111000 22211111111111111111000 XXXXXXXXXXXXXXXXXXXX00X XXXXXXXXXXXXXXXXXXXX00X', 0, 0),
('pool_b', 9, 21, 7, 2, 'xxxxxxxxxxxxxxxxxxxxxxxxxxxxxxxxxxxxxxxxxxxxx xxxxxxxxxxxxxxxxxxxxxxxxxxxxxxxx7xxxxxxxxxxxx xxxxxxxxxxxxxxxxxxxxxxxxxxxxxxx777xxxxxxxxxxx xxxxxxxxxxxxxxxxxx8888888x7xxx77777xxxxxxxxxx xxxxxxxxxxxxxxxxxx8888888x7xxx777777xxxxxxxxx xxxxxxxxxxxxxxxx88xxxxx77x7x777777777xxxxxxxx xxxxxxxxxxxxxxxx88x7777777777777777777xxxxxxx xxxxxxxxxxxxxxxx88x77777777777777777777xxxxxx xxxxxxxxxxxxxx9988x77777777777777777777xxxxxx xxxxxxxxxxxxxx9988x7777777777777777777x00xxxx xxxxxxxxxxxxxx9988x777777777777777777x0000xxx xxxxxxxxxxxxxx9988x7777777x0000000000000000xx xxxxxxxxxxxxxx9988x777777x000000000000000000x 7777777777xxxx9988777777x0x0000000000000000xx x7777777777xxx998877777x000x00000000000000xxx xx7777777777xx99887777x00000x000000000000xxxx xxx7777777777x9988777x0000000x0000000000xxxxx xxxx777777777x777777x00000000x000000000xxxxxx xxxxx777777777777777000000000x00000000xxxxxxx xxxxxx77777777777777000000000x0000000xxxxxxxx xxxxxxx777777x7777770000000000xxxx00xxxxxxxxx xxxxxxxx77777777777xx0000000000000xxxxxxxxxxx xxxxxxxxx777777110000x000000000000xxxxxxxxxxx xxxxxxxxxx7x77x1100000x0000000000xxxxxxxxxxxx xxxxxxxxxxx777x11000000x00000000xxxxxxxxxxxxx xxxxxxxxxxxx771110000000x000000xxxxxxxxxxxxxx xxxxxxxxxxxxx111100000000x0000xxxxxxxxxxxxxxx xxxxxxxxxxxxxx11100000000x000xxxxxxxxxxxxxxxx xxxxxxxxxxxxxxx1100000000x00xxxxxxxxxxxxxxxxx xxxxxxxxxxxxxxxx110000000x0xxxxxxxxxxxxxxxxxx xxxxxxxxxxxxxxxxx110000000xxxxxxxxxxxxxxxxxxx xxxxxxxxxxxxxxxxxx1100000xxxxxxxxxxxxxxxxxxxx xxxxxxxxxxxxxxxxxxx11000xxxxxxxxxxxxxxxxxxxxx xxxxxxxxxxxxxxxxxxxx110xxxxxxxxxxxxxxxxxxxxxx xxxxxxxxxxxxxxxxxxxxx1xxxxxxxxxxxxxxxxxxxxxxx xxxxxxxxxxxxxxxxxxxxxxxxxxxxxxxxxxxxxxxxxxxxx xxxxxxxxxxxxxxxxxxxxxxxxxxxxxxxxxxxxxxxxxxxxx xxxxxxxxxxxxxxxxxxxxxxxxxxxxxxxxxxxxxxxxxxxxx xxxxxxxxxxxxxxxxxxxxxxxxxxxxxxxxxxxxxxxxxxxxx xxxxxxxxxxxxxxxxxxxxxxxxxxxxxxxxxxxxxxxxxxxxx xxxxxxxxxxxxxxxxxxxxxxxxxxxxxxxxxxxxxxxxxxxxx xxxxxxxxxxxxxxxxxxxxxxxxxxxxxxxxxxxxxxxxxxxxx xxxxxxxxxxxxxxxxxxxxxxxxxxxxxxxxxxxxxxxxxxxxx xxxxxxxxxxxxxxxxxxxxxxxxxxxxxxxxxxxxxxxxxxxxx xxxxxxxxxxxxxxxxxxxxxxxxxxxxxxxxxxxxxxxxxxxxx xxxxxxxxxxxxxxxxxxxxxxxxxxxxxxxxxxxxxxxxxxxxx xxxxxxxxxxxxxxxxxxxxxxxxxxxxxxxxxxxxxxxxxxxxx xxxxxxxxxxxxxxxxxxxxxxxxxxxxxxxxxxxxxxxxxxxxx', 1, 0),
('cr_kitchen', 7, 21, 0, 2, 'X0XXXX000XXXX000X0X X000000000000000000 X000000000000000000 X000000000000000XXX X00XXXX00XXXX000XXX X00XXXX00XXXX00XXXX X00000000000000XXXX X00000000000000XXXX X00000000000000XXXX X00XXXXXXXXXX00XXXX X00XXXXXXXXXX00XXXX X00XXXXXXXXXX000XXX 0000000000000000XXX 000000000000000XXXX 000000000000000XXXX 000XXX0000XXX00XXXX 000XXX0000XXX00XXXX 000000000000000XXXX 000000000000000XXXX 000000000000000XXXX XXXXXXX00XXXXXXXXXX XXXXXXX00XXXXXXXXXX XXXXXXX00XXXXXXXXXX', 0, 0),
('taivas_cafe', 14, 29, 0, 2, 'XXXXXXXXXXXXX111111X XXXXXXXXXXXXX1111111 XXXXXXXXXXXXX1111111 XXXXXXXXXXXXX1111111 XXXXXXXXXXXXX1111111 XXX11111111111111111 XXX11111111111111111 XX111111111111111111 XX111111111111111111 XX111111111111111111 XXX11111111111111111 111111111XXXXXXX1111 111111111X0000000000 111111111X0000000000 111111111X0000000000 111111111X0000000000 111111111X0000000000 111111111X0000000000 111111111X0000000000 111111111X0000000000 111111111X0000000000 X11111111X0000000000 XX1111111X0000000000 XXX111111X0000000000 XXXX11111X0000000000 XXXXX111110000000000 XXXXXX11110000000000 XXXXXXX1110000000000 XXXXXXXX11000000000X XXXXXXXXXX00000000XX XXXXXXXXXXXXXX00XXXX XXXXXXXXXXXXXX00XXXX', 0, 0),
('bar_a', 5, 1, 7, 2, 'xxxx8888xxxxxxxxxxx xxxx7777xxxxxxxxxxx xxxx6666xxxxxxxxxxx xxx6666666555555555 xxx6666666555555555 xxx6666666555555555 xxx6666666555555555 xxx6666666555555555 xxx6666666555555555 xxx6666666555555555 xxx6666666555xxxxxx xxx6666666555555555 xxx5555555555555555 xxx5555555555555555 xxx5555555555555555 xxx5555555555555555 xxx5555555555xxxxxx xxx5555555555555555 xxx5555555555555555 xxx5555555555555555 xxx5555555555555555 xxx5555555555555555 xxx5555555555xxxxxx xxxx555555555555555 55xx555555555555555 55xx555555555555555 5555555555555555555 5555555555555555555 xxxxxxxx55555xxxxxx xxxxxxxxx5555xxxxxx xxxxxxxxx5555xxxxxx xxxxxxxxx5555xxxxxx xxxxxxxxx4444xxxxxx xxxxxxxxx3333xxxxxx', 0, 0),
('pub_a', 15, 25, 0, 2, 'xxxxxxxxxxxxxxxxxxxxxxxxx xxxxxxxxx2222222211111xxx xxxxxxxxx2222222211111xxx xxxxxxxxx2222222211111xxx xxxxxxxxx2222222211111xxx xxxxxxxxx2222222222111xxx xxxxxxxxx2222222222111xxx xxxxxxxxx2222222222000xxx xxxxxxxxx2222222222000xxx xxxxxxxxx2222222222000xxx xxxxxxxxx2222222222000xxx x333333332222222222000xxx x333333332222222222000xxx x333333332222222222000xxx x333333332222222222000xxx x333333332222222222000xxx x333332222222222222000xxx x333332222222222222000xxx x333332222222222222000xxx x333332222222222222000xxx x333333332222222222000xxx xxxxx31111112222222000xxx xxxxx31111111000000000xxx xxxxx31111111000000000xxx xxxxx31111111000000000xxx xxxxx31111111000000000xxx xxxxxxxxxxxxxxx00xxxxxxxx xxxxxxxxxxxxxxx00xxxxxxxx xxxxxxxxxxxxxxx00xxxxxxxx xxxxxxxxxxxxxxx00xxxxxxxx xxxxxxxxxxxxxxxxxxxxxxxxx', 0, 0),
('pool_a', 2, 25, 7, 2, 'xxxxxxxxxxxxxxxxxxxxxxxxxxxxxxxxxxxxxxxxxxx xxxxxxxxxxxxxxxxxxxxxxxxxxxxxxxxxxxxxxxxxxx xxxxxxxxxxxxxxxxx7xxxxxxxxxxxxxxxxxxxxxxxxx xxxxxxxxxxxxxxxxx777xxxxxxxxxxxxxxxxxxxxxxx xxxxxxxxxxxxxx7777777xxxxxxxxxxxxxxxxxxxxxx xxxxxxxxxxxxxx77777777xxxxxxxxxxxxxxxxxxxxx xxxxxxxxxxxxxxx77777777xxxxxxxxxxxxxxxxxxxx xxxxxxxxxxxxxxx777777777xxxxxxxxxxxxxxxxxxx xxxxxxxxxxxxxxx7xxx777777xxxxxxxxxxxxxxxxxx xxxxxxxxxxxxxxx7x777777777xxxxxxxxxxxxxxxxx xxxxxxxxxxxxxxx7xxx77777777xxxxxxxxxxxxxxxx xxxxxxxxxxxxxxx7x777777777x7xxxxxxxxxxxxxxx xxxxxxxxxxxxxxx7xxx7777777777xxxxxxxxxxxxxx xxxxxxxxxxxxxxx777777777777xxxxxxxxxxxxxxxx xxxxxxxxxxxxxxx77777777777x2111xxxxxxxxxxxx xxxxxxxxxxxxxxx7777777777x221111xxxxxxxxxxx xxxxxxxxx7777777777777777x2211111xxxxxxxxxx xxxxxxxxx7777777777777777x22211111xxxxxxxxx xxxxxxxxx7777777777777777x222211111xxxxxxxx xxxxxx77777777777777777777x222211111xxxxxxx xxxxxx7777777xx777777777777x222211111xxxxxx xxxxxx7777777xx77777777777772222111111xxxxx xxxxxx777777777777777777777x22221111111xxxx xx7777777777777777777777x322222211111111xxx 77777777777777777777777x33222222111111111xx 7777777777777777777777x333222222211111111xx xx7777777777777777777x333322222222111111xxx xx7777777777777777777333332222222221111xxxx xx777xxx777777777777733333222222222211xxxxx xx777x7x77777777777773333322222222222xxxxxx xx777x7x7777777777777x33332222222222xxxxxxx xxx77x7x7777777777777xx333222222222xxxxxxxx xxxx77777777777777777xxx3222222222xxxxxxxxx xxxxx777777777777777777xx22222222xxxxxxxxxx xxxxxx777777777777777777x2222222xxxxxxxxxxx xxxxxxx777777777777777777222222xxxxxxxxxxxx xxxxxxxx7777777777777777722222xxxxxxxxxxxxx xxxxxxxxx77777777777777772222xxxxxxxxxxxxxx xxxxxxxxxx777777777777777222xxxxxxxxxxxxxxx xxxxxxxxxxx77777777777777x2xxxxxxxxxxxxxxxx xxxxxxxxxxxx77777777777777xxxxxxxxxxxxxxxxx xxxxxxxxxxxxx777777777777xxxxxxxxxxxxxxxxxx xxxxxxxxxxxxxx7777777777xxxxxxxxxxxxxxxxxxx xxxxxxxxxxxxxxx77777777xxxxxxxxxxxxxxxxxxxx xxxxxxxxxxxxxxxx777777xxxxxxxxxxxxxxxxxxxxx xxxxxxxxxxxxxxxxx7777xxxxxxxxxxxxxxxxxxxxxx xxxxxxxxxxxxxxxxxx77xxxxxxxxxxxxxxxxxxxxxxx xxxxxxxxxxxxxxxxxxxxxxxxxxxxxxxxxxxxxxxxxxx', 1, 0),
('lobby_a', 12, 27, 0, 0, 'XXXXXXXXX77777777777XXXXX XXXXXXXXX777777777777XXXX XXXXXXXXX777777777766XXXX XXXXXXXXX777777777755XXXX XX333333333333333334433XX XX333333333333333333333XX XX333333333333333333333XX 33333333333333333333333XX 333333XXXXXXX3333333333XX 333333XXXXXXX2222222222XX 333333XXXXXXX2222222222XX XX3333XXXXXXX2222222222XX XX3333XXXXXXX222222221111 XX3333XXXXXXX111111111111 333333XXXXXXX111111111111 3333333222211111111111111 3333333222211111111111111 3333333222211111111111111 XX33333222211111111111111 XX33333222211111111111111 XX3333322221111111XXXXXXX XXXXXXX22221111111XXXXXXX XXXXXXX22221111111XXXXXXX XXXXXXX22221111111XXXXXXX XXXXXXX22221111111XXXXXXX XXXXXXX222X1111111XXXXXXX XXXXXXX222X1111111XXXXXXX XXXXXXXXXXXX11XXXXXXXXXXX XXXXXXXXXXXX11XXXXXXXXXXX XXXXXXXXXXXX11XXXXXXXXXXX XXXXXXXXXXXX11XXXXXXXXXXX', 0, 0),
('floorlobby_c', 9, 21, 0, 0, 'XXXXXXXXXXXXXXXXXXXXXXXXXXX XXXXXXXXXXXXXXXXXXXXXXXXXXX XXX0000000000000000XXXXXXX0 XXX000000000000000000XXXX00 X00000000000000000000000000 X00000000000000000000000000 XXX000000000000000000000000 XXXXXXX00000000000000000000 XXX111100000011111111111111 XXX111100000011111111111111 XXX111100000011111111111111 XXX111100000011111111111111 XXX111100000011111111111111 XXX111100000011111111111111 XXX1XX100000011111111111111 XXX1XX100000011111111111111 XXX111100000011111111111111 XXX111100000011111111111111 XXX111100000011111111111111 XXXXXXXX0000XXXXXXXXXXXXXXX XXXXXXXX0000XXXXXXXXXXXXXXX XXXXXXXX0000XXXXXXXXXXXXXXX', 0, 0),
('habburger', 22, 10, 0, 6, '22222222222222222222xxx 22222222222222222222xxx 22222222222222222222xxx 22222222222222222222xxx xxxxxxxxxxxxxxxx1111xxx xxxxxxxxxxxxxxxx0000xxx xxx00000000000000000xxx 00000000000000000000xxx 00000000000000000000xxx 00000000000000000000000 00000000000000000000000 00000000000000000000xxx 00000000000000000000xxx 00000000000000000000xxx xxx00000000000000000xxx', 0, 0),
('bar_b', 2, 12, 4, 2, 'xxxxx4xxxxxxxxxxxx xxxx4444444xxxxxxx xxxx4444444xxxxxxx xxx444444444444444 xxx444444444444444 xxx444444444444444 xxx444444444444444 xxx444444444444444 xxx444444444444444 xxx444444444444444 654444444444444444 654444444444444444 654444444444444444 654444444444444444 xxx444444444444444 xxx444444444444444 xxx444444444444444 xxx444444444444444 xxx444444444444444 xxxx44444444444444 xxxx33444444444444 xxxx22444444444444 xxxx2222222222xx44 xxxx2222222222xx44 xxxxx222222222xxxx xxxxxx22222222xxxx xxxxxx22222222xxxx xxxxxx22222222xxxx xxxxxx22222222xxxx xxxxxx22222222xxxx xxxxxx22222222xxxx', 0, 1),
('hallC', 1, 1, 1, 4, '11xxxxxxxxxxxxxxx 11111111111111111 11111111111111111 11111111111111111 11111111111111111 11111111111111111 11111111111111111 11111111111111111 11111111111111111 11111111111111111 11111111111111111 11111111111111111 11111111111111111 11111111111111111 11111111111111111 11111111111111111 11111111111111111 11111111111111111', 0, 0),
('hallA', 1, 1, 1, 4, '11xxxxxxxxxxxxxxx 11111111111111111 11111111111111111 11111111111111111 11111111111111111 11111111111111111 11111111111111111 11111111111111111 11111111111111111 11111111111111111 11111111111111111 11111111111111111 11111111111111111 11111111111111111 11111111111111111 11111111111111111 11111111111111111 11111111111111111', 0, 0),
('hallB', 1, 1, 1, 4, '11xxxxxxxxxxxxxxx 11111111111111111 11111111111111111 11111111111111111 11111111111111111 11111111111111111 11111111111111111 11111111111111111 11111111111111111 11111111111111111 11111111111111111 11111111111111111 11111111111111111 11111111111111111 11111111111111111 11111111111111111 11111111111111111 11111111111111111', 0, 0),
('hallD', 1, 1, 1, 4, '11xxxxxxxxxxxxxxx 11111111111111111 11111111111111111 11111111111111111 11111111111111111 11111111111111111 11111111111111111 11111111111111111 11111111111111111 11111111111111111 11111111111111111 11111111111111111 11111111111111111 11111111111111111 11111111111111111 11111111111111111 11111111111111111 11111111111111111', 0, 0),
('malja_bar_b', 5, 24, 3, 0, '6666333333333333 6666333333333333 6666333333333333 7766333333333333 7755333333333333 8855333333332223 8844333311111111 9944333311111111 9933333311111111 9933333311111111 9933333311111111 9933333311111111 9933333311111111 9933333311111111 9933333211111111 9933333211111111 9933333211111111 9933333311111111 99333333xxxxxxxx 99333333xxxxxxxx xxx33333xxxxxxxx xxx33333xxxxxxxx 3xx33333xxxxxxxx xxx33333xxxxxxxx xxx33333xxxxxxxx xxx33333xxxxxxxx', 0, 0),
('entryhall', 17, 18, 1, 0, 'xx11xxxx11xxxx11xxxx x1111111111111111111 11111111111111111111 11111111111111111111 x1111111111111111111 x1111111111111111111 x1111111111111111111 x1111111111111111111 x1111111111111111111 x1111111111111111111 x1111111111111111111 x1111111111111111111 x1111111111111111111 x1111111111111111111 x1111111111111111111 x1111111111111111111 x1111111111111111111 x1111111111111111111 x1111111111111111111 x1111111111111111111 xxxxxxxxxxxxxxxxx11x', 0, 0),
('malja_bar_a', 4, 24, 1, 0, 'xxxxxxxxxxx44444 xxxx444444444444 xxxx444444444444 xxxx444444444444 xxxx444444444444 xxxx444444444444 xxxxxxxxxxxxx333 1111111111111222 1111111111111111 1111111111111111 1111111111111111 1111111111111111 1111111111111111 1111111111111111 1111111111111111 1111111111111111 1111111111111111 1111111111111111 1111111111111111 111111111xxxxxxx xxx11111xxxxxxxx 11111111xxxxxxxx 11111111xxxxxxxx 11111111xxxxxxxx 11111111xxxxxxxx', 0, 0);

-- --------------------------------------------------------

--
-- Table structure for table `room_public_connections`
--

CREATE TABLE `room_public_connections` (
  `id` int(11) NOT NULL,
  `room_id` int(11) NOT NULL,
  `to_id` int(11) NOT NULL,
  `coordinates` varchar(100) NOT NULL DEFAULT '0,0',
  `door_x` int(11) NOT NULL DEFAULT '-1',
  `door_y` int(11) NOT NULL DEFAULT '-1',
  `door_z` int(11) NOT NULL DEFAULT '-1',
  `door_rotation` int(11) NOT NULL DEFAULT '-1'
) ENGINE=InnoDB DEFAULT CHARSET=latin1;

--
-- Dumping data for table `room_public_connections`
--

INSERT INTO `room_public_connections` (`id`, `room_id`, `to_id`, `coordinates`, `door_x`, `door_y`, `door_z`, `door_rotation`) VALUES
(1, 22, 29, '11,33', -1, -1, -1, -1),
(2, 29, 22, '1,12', 11, 30, 5, 0),
(3, 13, 21, '19,3 20,4 21,5 22,6 23,7 24,8 25,9 26,10 27,11 28,12', -1, -1, -1, -1),
(4, 21, 13, '2,15 3,16 4,17 5,18 6,19 7,20 8,21 9,22 10,23 11,24 12,25', 22, 7, 7, 5),
(5, 30, 31, '14,0 15,0', -1, -1, -1, -1),
(6, 31, 30, '0,0 1,0', 15, 1, 1, 4),
(7, 30, 32, '8,0 9,0', -1, -1, -1, -1),
(8, 32, 30, '1,0', 9, 1, 1, 4),
(9, 30, 33, '2,0 3,0', -1, -1, -1, -1),
(10, 33, 30, '0,0 1,0', 3, 1, 1, 4),
(11, 30, 34, '0,0 0,2', -1, -1, -1, -1),
(12, 34, 30, '1,0 0,0', 1, 2, 1, 2),
(13, 35, 36, '14,0 15,0', -1, -1, -1, -1),
(14, 36, 35, '5,25', 15, 1, 4, 4);

-- --------------------------------------------------------

--
-- Table structure for table `room_public_items`
--

CREATE TABLE `room_public_items` (
  `id` int(10) NOT NULL,
  `definitionid` int(10) NOT NULL,
  `model` varchar(100) NOT NULL,
  `x` smallint(3) NOT NULL,
  `y` smallint(3) NOT NULL,
  `z` float NOT NULL,
  `rotation` tinyint(1) NOT NULL,
  `object` varchar(255) DEFAULT NULL,
  `data` varchar(255) DEFAULT NULL
) ENGINE=MyISAM DEFAULT CHARSET=latin1;

--
-- Dumping data for table `room_public_items`
--

INSERT INTO `room_public_items` (`id`, `definitionid`, `model`, `x`, `y`, `z`, `rotation`, `object`, `data`) VALUES
(1, 501, 'pool_a', 17, 11, 0, 0, 'curtains1', '19,11'),
(2, 501, 'pool_a', 17, 9, 0, 0, 'curtains2', '19,9'),
(3, 502, 'pool_a', 20, 28, 0, 0, 'Splash0', '21,28 22,28'),
(4, 503, 'pool_a', 21, 28, 0, 0, 'Splash0', '20,28 19,28'),
(5, 502, 'pool_b', 17, 21, 0, 0, 'Splash0', '17,22 17,23'),
(6, 503, 'pool_b', 17, 22, 0, 0, 'Splash0', '17,21 17,20'),
(7, 502, 'pool_b', 31, 10, 0, 0, 'Splash2', '31,11 31,12'),
(8, 503, 'pool_b', 31, 11, 0, 0, 'Splash2', '31,10 31,9'),
(9, 503, 'pool_b', 20, 19, 0, 0, 'Splash1', '19,19 18,19'),
(10, 504, 'pool_b', 26, 4, 0, 0, 'door', '20,19'),
(11, 501, 'md_a', 8, 0, 0, 0, 'curtains1', '8,2'),
(12, 501, 'md_a', 9, 0, 0, 0, 'curtains2', '9,2'),
(13, 502, 'md_a', 11, 11, 0, 0, 'Splash0', '12,11 13,11'),
(14, 503, 'md_a', 12, 11, 0, 0, 'Splash0', '11,11 10,11'),
(15, 502, 'md_a', 11, 12, 0, 0, 'Splash0', '12,12 13,12'),
(16, 503, 'md_a', 12, 12, 0, 0, 'Splash0', '11,12 10,12'),
(17, 510, 'md_a', 21, 15, 8, 0, 'wsQueueTile', '21,14'),
(18, 510, 'md_a', 21, 16, 8, 0, 'wsQueueTile', '21,15'),
(19, 510, 'md_a', 21, 17, 8, 0, 'wsQueueTile', '21,16'),
(20, 510, 'md_a', 21, 18, 8, 0, 'wsQueueTile', '21,17'),
(21, 511, 'md_a', 21, 12, 8, 0, 'wsSetPlayer', '1'),
(22, 511, 'md_a', 21, 13, 8, 0, NULL, NULL),
(23, 511, 'md_a', 21, 14, 8, 0, 'wsSetPlayer', '0'),
(24, 512, 'md_a', 21, 8, 8, 0, 'wsQueueTile', '21,9'),
(25, 512, 'md_a', 21, 9, 8, 0, 'wsQueueTile', '21,10'),
(26, 512, 'md_a', 21, 10, 8, 0, 'wsQueueTile', '21,11'),
(27, 512, 'md_a', 21, 11, 8, 0, 'wsQueueTile', '21,12'),
(28, 513, 'md_a', 21, 19, 0, 0, 'qstart', '21,18'),
(29, 513, 'md_a', 21, 7, 0, 0, 'qstart', '21,8'),
(30, 2415, 'lobby_a', 9, 0, 7, 0, NULL, NULL),
(31, 2416, 'lobby_a', 11, 0, 7, 4, NULL, NULL),
(32, 2417, 'lobby_a', 12, 0, 7, 4, NULL, NULL),
(33, 2418, 'lobby_a', 13, 0, 7, 2, NULL, NULL),
(34, 2416, 'lobby_a', 14, 0, 7, 4, NULL, NULL),
(35, 2417, 'lobby_a', 15, 0, 7, 4, NULL, NULL),
(36, 2419, 'lobby_a', 16, 0, 7, 4, NULL, NULL),
(37, 2420, 'lobby_a', 9, 2, 7, 2, NULL, NULL),
(38, 2415, 'lobby_a', 9, 3, 7, 0, NULL, NULL),
(39, 2421, 'lobby_a', 11, 3, 7, 0, NULL, NULL),
(40, 2417, 'lobby_a', 12, 3, 7, 0, NULL, NULL),
(41, 2418, 'lobby_a', 13, 3, 7, 2, NULL, NULL),
(42, 2421, 'lobby_a', 14, 3, 7, 0, NULL, NULL),
(43, 2417, 'lobby_a', 15, 3, 7, 0, NULL, NULL),
(44, 2415, 'lobby_a', 12, 4, 3, 0, NULL, NULL),
(45, 2415, 'lobby_a', 16, 4, 3, 0, NULL, NULL),
(46, 2416, 'lobby_a', 0, 7, 3, 4, NULL, NULL),
(47, 2417, 'lobby_a', 1, 7, 3, 4, NULL, NULL),
(48, 2421, 'lobby_a', 0, 10, 3, 0, NULL, NULL),
(49, 2417, 'lobby_a', 1, 10, 3, 0, NULL, NULL),
(50, 2422, 'lobby_a', 21, 12, 1, 4, NULL, NULL),
(51, 2422, 'lobby_a', 22, 12, 1, 4, NULL, NULL),
(52, 2422, 'lobby_a', 23, 12, 1, 4, NULL, NULL),
(53, 2422, 'lobby_a', 24, 12, 1, 4, NULL, NULL),
(54, 2416, 'lobby_a', 0, 14, 3, 4, NULL, NULL),
(55, 2417, 'lobby_a', 1, 14, 3, 4, NULL, NULL),
(56, 2419, 'lobby_a', 13, 14, 1, 2, NULL, NULL),
(57, 2419, 'lobby_a', 12, 15, 1, 4, NULL, NULL),
(58, 2423, 'lobby_a', 19, 16, 1, 4, NULL, NULL),
(59, 2424, 'lobby_a', 21, 16, 1, 2, NULL, NULL),
(60, 2423, 'lobby_a', 23, 16, 1, 4, NULL, NULL),
(61, 2421, 'lobby_a', 0, 17, 3, 0, NULL, NULL),
(62, 2417, 'lobby_a', 1, 17, 3, 0, NULL, NULL),
(63, 2425, 'lobby_a', 21, 17, 1, 2, NULL, NULL),
(64, 2423, 'lobby_a', 19, 18, 1, 0, NULL, NULL),
(65, 2426, 'lobby_a', 21, 18, 1, 2, NULL, NULL),
(66, 2423, 'lobby_a', 23, 18, 1, 0, NULL, NULL),
(67, 2416, 'lobby_a', 7, 21, 2, 2, NULL, NULL),
(68, 2427, 'lobby_a', 7, 22, 2, 2, NULL, NULL),
(69, 2427, 'lobby_a', 7, 23, 2, 2, NULL, NULL),
(70, 2427, 'lobby_a', 7, 24, 2, 2, NULL, NULL),
(71, 2417, 'lobby_a', 7, 25, 2, 2, NULL, NULL),
(72, 2418, 'lobby_a', 7, 26, 2, 2, NULL, NULL),
(73, 2428, 'lobby_a', 10, 26, 1, 2, NULL, NULL),
(74, 2429, 'cinema_a', 2, 4, 3, 0, NULL, NULL),
(75, 2430, 'cinema_a', 7, 4, 3, 2, NULL, NULL),
(76, 2431, 'cinema_a', 8, 4, 3, 0, NULL, NULL),
(77, 2430, 'cinema_a', 9, 4, 3, 6, NULL, NULL),
(78, 2430, 'cinema_a', 2, 5, 3, 4, NULL, NULL),
(79, 2430, 'cinema_a', 7, 5, 3, 2, NULL, NULL),
(80, 2432, 'cinema_a', 8, 5, 3, 0, NULL, NULL),
(81, 2430, 'cinema_a', 9, 5, 3, 6, NULL, NULL),
(82, 2433, 'cinema_a', 2, 6, 3, 0, NULL, NULL),
(83, 2430, 'cinema_a', 2, 7, 3, 0, NULL, NULL),
(84, 2434, 'cinema_a', 13, 7, 1, 0, NULL, NULL),
(85, 2434, 'cinema_a', 14, 7, 1, 0, NULL, NULL),
(86, 2434, 'cinema_a', 15, 7, 1, 0, NULL, NULL),
(87, 2434, 'cinema_a', 16, 7, 1, 0, NULL, NULL),
(88, 2434, 'cinema_a', 17, 7, 1, 0, NULL, NULL),
(89, 2434, 'cinema_a', 18, 7, 1, 0, NULL, NULL),
(90, 2435, 'cinema_a', 21, 7, 1, 0, NULL, NULL),
(91, 2436, 'cinema_a', 9, 8, 3, 0, NULL, NULL),
(92, 2437, 'cinema_a', 13, 8, 2, 2, NULL, NULL),
(93, 2437, 'cinema_a', 14, 8, 2, 0, NULL, NULL),
(94, 2437, 'cinema_a', 15, 8, 2, 0, NULL, NULL),
(95, 2437, 'cinema_a', 16, 8, 2, 0, NULL, NULL),
(96, 2437, 'cinema_a', 17, 8, 2, 0, NULL, NULL),
(97, 2437, 'cinema_a', 18, 8, 2, 0, NULL, NULL),
(98, 2437, 'cinema_a', 19, 8, 2, 1, NULL, NULL),
(99, 2435, 'cinema_a', 21, 8, 1, 0, NULL, NULL),
(100, 2429, 'cinema_a', 2, 9, 3, 0, NULL, NULL),
(101, 2434, 'cinema_a', 13, 9, 2, 0, NULL, NULL),
(102, 2434, 'cinema_a', 14, 9, 2, 0, NULL, NULL),
(103, 2434, 'cinema_a', 15, 9, 2, 0, NULL, NULL),
(104, 2434, 'cinema_a', 16, 9, 2, 0, NULL, NULL),
(105, 2434, 'cinema_a', 17, 9, 2, 0, NULL, NULL),
(106, 2434, 'cinema_a', 18, 9, 2, 0, NULL, NULL),
(107, 2434, 'cinema_a', 19, 9, 2, 0, NULL, NULL),
(108, 2434, 'cinema_a', 20, 9, 2, 0, NULL, NULL),
(109, 2435, 'cinema_a', 21, 9, 1, 0, NULL, NULL),
(110, 2430, 'cinema_a', 2, 10, 3, 4, NULL, NULL),
(111, 2430, 'cinema_a', 9, 10, 3, 4, NULL, NULL),
(112, 2433, 'cinema_a', 2, 11, 3, 0, NULL, NULL),
(113, 2433, 'cinema_a', 9, 11, 3, 0, NULL, NULL),
(114, 2430, 'cinema_a', 2, 12, 3, 0, NULL, NULL),
(115, 2430, 'cinema_a', 9, 12, 3, 0, NULL, NULL),
(116, 2438, 'cinema_a', 17, 12, 1, 6, NULL, NULL),
(117, 2439, 'cinema_a', 19, 12, 1, 2, NULL, NULL),
(118, 2438, 'cinema_a', 15, 13, 1, 2, NULL, NULL),
(119, 2436, 'cinema_a', 19, 13, 1, 0, NULL, NULL),
(120, 2438, 'cinema_a', 20, 13, 1, 6, NULL, NULL),
(121, 2436, 'cinema_a', 9, 14, 3, 0, NULL, NULL),
(122, 2430, 'cinema_a', 2, 15, 3, 4, NULL, NULL),
(123, 2438, 'cinema_a', 14, 15, 1, 4, NULL, NULL),
(124, 2439, 'cinema_a', 19, 15, 1, 4, NULL, NULL),
(125, 2433, 'cinema_a', 2, 16, 3, 0, NULL, NULL),
(126, 2430, 'cinema_a', 7, 16, 3, 2, NULL, NULL),
(127, 2433, 'cinema_a', 8, 16, 3, 2, NULL, NULL),
(128, 2430, 'cinema_a', 9, 16, 3, 6, NULL, NULL),
(129, 2438, 'cinema_a', 13, 16, 1, 2, NULL, NULL),
(130, 2438, 'cinema_a', 14, 16, 1, 6, NULL, NULL),
(131, 2429, 'cinema_a', 19, 16, 1, 0, NULL, NULL),
(132, 2430, 'cinema_a', 2, 17, 3, 0, NULL, NULL),
(133, 2430, 'cinema_a', 7, 17, 3, 2, NULL, NULL),
(134, 2433, 'cinema_a', 8, 17, 3, 2, NULL, NULL),
(135, 2430, 'cinema_a', 9, 17, 3, 6, NULL, NULL),
(136, 2438, 'cinema_a', 19, 17, 1, 2, NULL, NULL),
(137, 2429, 'cinema_a', 2, 18, 3, 0, NULL, NULL),
(138, 2438, 'cinema_a', 14, 18, 1, 4, NULL, NULL),
(139, 2440, 'cinema_a', 2, 19, 3, 0, NULL, NULL),
(140, 2440, 'cinema_a', 2, 20, 3, 1, NULL, NULL),
(141, 2441, 'cinema_a', 3, 20, 3, 6, NULL, NULL),
(142, 2436, 'cinema_a', 9, 20, 3, 0, NULL, NULL),
(143, 2438, 'cinema_a', 14, 20, 1, 0, NULL, NULL),
(144, 2438, 'cinema_a', 19, 20, 1, 2, NULL, NULL),
(145, 2439, 'cinema_a', 20, 20, 1, 6, NULL, NULL),
(146, 2440, 'cinema_a', 2, 21, 3, 1, NULL, NULL),
(147, 2441, 'cinema_a', 3, 21, 3, 6, NULL, NULL),
(148, 2438, 'cinema_a', 19, 21, 1, 0, NULL, NULL),
(149, 2440, 'cinema_a', 2, 22, 3, 1, NULL, NULL),
(150, 2441, 'cinema_a', 3, 22, 3, 6, NULL, NULL),
(151, 2436, 'cinema_a', 16, 22, 1, 0, NULL, NULL),
(152, 2439, 'cinema_a', 18, 22, 1, 0, NULL, NULL),
(153, 2440, 'cinema_a', 2, 23, 3, 1, NULL, NULL),
(154, 2441, 'cinema_a', 3, 23, 3, 6, NULL, NULL),
(155, 2440, 'cinema_a', 2, 24, 3, 1, NULL, NULL),
(156, 2441, 'cinema_a', 3, 24, 3, 6, NULL, NULL),
(157, 2440, 'cinema_a', 2, 25, 3, 2, NULL, NULL),
(158, 2442, 'theater', 11, 10, 1, 0, NULL, NULL),
(159, 2443, 'theater', 2, 11, 4, 2, NULL, NULL),
(160, 2443, 'theater', 2, 12, 4, 2, NULL, NULL),
(161, 2443, 'theater', 2, 15, 4, 2, NULL, NULL),
(162, 2444, 'theater', 6, 15, 0, 0, NULL, NULL),
(163, 2444, 'theater', 7, 15, 0, 0, NULL, NULL),
(164, 2444, 'theater', 8, 15, 0, 0, NULL, NULL),
(165, 2444, 'theater', 9, 15, 0, 0, NULL, NULL),
(166, 2444, 'theater', 10, 15, 0, 0, NULL, NULL),
(167, 2444, 'theater', 12, 15, 0, 0, NULL, NULL),
(168, 2444, 'theater', 13, 15, 0, 0, NULL, NULL),
(169, 2444, 'theater', 14, 15, 0, 0, NULL, NULL),
(170, 2444, 'theater', 15, 15, 0, 0, NULL, NULL),
(171, 2444, 'theater', 16, 15, 0, 0, NULL, NULL),
(172, 2443, 'theater', 2, 16, 4, 2, NULL, NULL),
(173, 2444, 'theater', 6, 20, 1, 0, NULL, NULL),
(174, 2444, 'theater', 7, 20, 1, 0, NULL, NULL),
(175, 2444, 'theater', 8, 20, 1, 0, NULL, NULL),
(176, 2444, 'theater', 9, 20, 1, 0, NULL, NULL),
(177, 2444, 'theater', 10, 20, 1, 0, NULL, NULL),
(178, 2444, 'theater', 12, 20, 1, 0, NULL, NULL),
(179, 2444, 'theater', 13, 20, 1, 0, NULL, NULL),
(180, 2444, 'theater', 14, 20, 1, 0, NULL, NULL),
(181, 2444, 'theater', 15, 20, 1, 0, NULL, NULL),
(182, 2444, 'theater', 16, 20, 1, 0, NULL, NULL),
(183, 2444, 'theater', 6, 23, 1, 0, NULL, NULL),
(184, 2444, 'theater', 7, 23, 1, 0, NULL, NULL),
(185, 2444, 'theater', 8, 23, 1, 0, NULL, NULL),
(186, 2444, 'theater', 9, 23, 1, 0, NULL, NULL),
(187, 2444, 'theater', 10, 23, 1, 0, NULL, NULL),
(188, 2444, 'theater', 12, 23, 1, 0, NULL, NULL),
(189, 2444, 'theater', 13, 23, 1, 0, NULL, NULL),
(190, 2444, 'theater', 14, 23, 1, 0, NULL, NULL),
(191, 2444, 'theater', 15, 23, 1, 0, NULL, NULL),
(192, 2444, 'theater', 16, 23, 1, 0, NULL, NULL),
(193, 2444, 'theater', 6, 26, 1, 0, NULL, NULL),
(194, 2444, 'theater', 7, 26, 1, 0, NULL, NULL),
(195, 2444, 'theater', 8, 26, 1, 0, NULL, NULL),
(196, 2444, 'theater', 9, 26, 1, 0, NULL, NULL),
(197, 2444, 'theater', 10, 26, 1, 0, NULL, NULL),
(198, 2444, 'theater', 12, 26, 1, 0, NULL, NULL),
(199, 2444, 'theater', 13, 26, 1, 0, NULL, NULL),
(200, 2444, 'theater', 14, 26, 1, 0, NULL, NULL),
(201, 2444, 'theater', 15, 26, 1, 0, NULL, NULL),
(202, 2444, 'theater', 16, 26, 1, 0, NULL, NULL),
(203, 2446, 'habburger', 0, 0, 2, 2, NULL, NULL),
(204, 2447, 'habburger', 1, 0, 2, 4, NULL, NULL),
(205, 2446, 'habburger', 2, 0, 2, 6, NULL, NULL),
(206, 2446, 'habburger', 6, 0, 2, 2, NULL, NULL),
(207, 2448, 'habburger', 7, 0, 2, 4, NULL, NULL),
(208, 2446, 'habburger', 8, 0, 2, 6, NULL, NULL),
(209, 2446, 'habburger', 12, 0, 2, 2, NULL, NULL),
(210, 2447, 'habburger', 13, 0, 2, 4, NULL, NULL),
(211, 2446, 'habburger', 14, 0, 2, 6, NULL, NULL),
(212, 2449, 'habburger', 15, 0, 2, 0, NULL, NULL),
(213, 2450, 'habburger', 0, 1, 2, 2, NULL, NULL),
(214, 2426, 'habburger', 1, 1, 2, 4, NULL, NULL),
(215, 2450, 'habburger', 2, 1, 2, 6, NULL, NULL),
(216, 2450, 'habburger', 6, 1, 2, 2, NULL, NULL),
(217, 2426, 'habburger', 7, 1, 2, 4, NULL, NULL),
(218, 2450, 'habburger', 8, 1, 2, 6, NULL, NULL),
(219, 2450, 'habburger', 12, 1, 2, 2, NULL, NULL),
(220, 2426, 'habburger', 13, 1, 2, 4, NULL, NULL),
(221, 2450, 'habburger', 14, 1, 2, 6, NULL, NULL),
(222, 2451, 'habburger', 2, 7, 0, 0, NULL, NULL),
(223, 2446, 'habburger', 7, 7, 0, 4, NULL, NULL),
(224, 2450, 'habburger', 8, 7, 0, 4, NULL, NULL),
(225, 2446, 'habburger', 12, 7, 0, 4, NULL, NULL),
(226, 2450, 'habburger', 13, 7, 0, 4, NULL, NULL),
(227, 2452, 'habburger', 2, 8, 0, 0, NULL, NULL),
(228, 2448, 'habburger', 7, 8, 0, 2, NULL, NULL),
(229, 2426, 'habburger', 8, 8, 0, 2, NULL, NULL),
(230, 2447, 'habburger', 12, 8, 0, 2, NULL, NULL),
(231, 2426, 'habburger', 13, 8, 0, 2, NULL, NULL),
(232, 2453, 'habburger', 2, 9, 0, 0, NULL, NULL),
(233, 2446, 'habburger', 7, 9, 0, 0, NULL, NULL),
(234, 2450, 'habburger', 8, 9, 0, 0, NULL, NULL),
(235, 2446, 'habburger', 12, 9, 0, 0, NULL, NULL),
(236, 2450, 'habburger', 13, 9, 0, 0, NULL, NULL),
(237, 2454, 'habburger', 2, 10, 0, 0, NULL, NULL),
(238, 2453, 'habburger', 2, 11, 0, 0, NULL, NULL),
(239, 2453, 'habburger', 2, 12, 0, 0, NULL, NULL),
(240, 2446, 'habburger', 7, 12, 0, 4, NULL, NULL),
(241, 2450, 'habburger', 8, 12, 0, 4, NULL, NULL),
(242, 2446, 'habburger', 12, 12, 0, 4, NULL, NULL),
(243, 2450, 'habburger', 13, 12, 0, 4, NULL, NULL),
(244, 2453, 'habburger', 2, 13, 0, 0, NULL, NULL),
(245, 2447, 'habburger', 7, 13, 0, 2, NULL, NULL),
(246, 2426, 'habburger', 8, 13, 0, 2, NULL, NULL),
(247, 2448, 'habburger', 12, 13, 0, 2, NULL, NULL),
(248, 2426, 'habburger', 13, 13, 0, 2, NULL, NULL),
(249, 2446, 'habburger', 7, 14, 0, 0, NULL, NULL),
(250, 2450, 'habburger', 8, 14, 0, 0, NULL, NULL),
(251, 2446, 'habburger', 12, 14, 0, 0, NULL, NULL),
(252, 2450, 'habburger', 13, 14, 0, 0, NULL, NULL),
(253, 2455, 'pool_a', 2, 28, 7, 0, NULL, NULL),
(254, 2456, 'pool_a', 2, 29, 7, 0, NULL, NULL),
(255, 2455, 'pool_a', 19, 30, 7, 0, NULL, NULL),
(256, 2456, 'pool_a', 19, 31, 7, 0, NULL, NULL),
(257, 2457, 'pool_a', 6, 32, 7, 0, NULL, NULL),
(258, 2415, 'pool_a', 13, 33, 7, 0, NULL, NULL),
(259, 2458, 'pool_a', 10, 34, 7, 4, NULL, NULL),
(260, 2459, 'pool_a', 8, 35, 7, 0, NULL, NULL),
(261, 2458, 'pool_a', 9, 35, 7, 2, NULL, NULL),
(262, 2460, 'pool_a', 10, 35, 7, 0, NULL, NULL),
(263, 2458, 'pool_a', 11, 35, 7, 6, NULL, NULL),
(264, 2461, 'pool_a', 15, 35, 7, 0, NULL, NULL),
(265, 2458, 'pool_a', 10, 36, 7, 0, NULL, NULL),
(266, 2462, 'pool_a', 15, 36, 7, 4, NULL, NULL),
(267, 2463, 'pool_a', 22, 36, 7, 4, NULL, NULL),
(268, 2462, 'pool_a', 14, 37, 7, 2, NULL, NULL),
(269, 2464, 'pool_a', 15, 37, 7, 0, NULL, NULL),
(270, 2462, 'pool_a', 16, 37, 7, 6, NULL, NULL),
(271, 2465, 'pool_a', 20, 37, 7, 0, NULL, NULL),
(272, 2463, 'pool_a', 21, 37, 7, 2, NULL, NULL),
(273, 2466, 'pool_a', 22, 37, 7, 0, NULL, NULL),
(274, 2463, 'pool_a', 22, 38, 7, 0, NULL, NULL),
(275, 2467, 'pool_a', 18, 42, 7, 4, NULL, NULL),
(276, 2468, 'pool_a', 16, 43, 7, 0, NULL, NULL),
(277, 2467, 'pool_a', 17, 43, 7, 2, NULL, NULL),
(278, 2469, 'pool_a', 18, 43, 7, 0, NULL, NULL),
(279, 2467, 'pool_a', 19, 43, 7, 6, NULL, NULL),
(280, 2467, 'pool_a', 18, 44, 7, 0, NULL, NULL),
(281, 2470, 'pool_b', 33, 2, 7, 0, NULL, NULL),
(282, 2471, 'pool_b', 18, 3, 8, 4, NULL, NULL),
(283, 2472, 'pool_b', 19, 3, 8, 4, NULL, NULL),
(284, 2471, 'pool_b', 20, 3, 8, 4, NULL, NULL),
(285, 2472, 'pool_b', 21, 3, 8, 4, NULL, NULL),
(286, 2471, 'pool_b', 22, 3, 8, 4, NULL, NULL),
(287, 2472, 'pool_b', 23, 3, 8, 4, NULL, NULL),
(288, 2473, 'pool_b', 33, 3, 7, 4, NULL, NULL),
(289, 2473, 'pool_b', 32, 4, 7, 2, NULL, NULL),
(290, 2474, 'pool_b', 33, 4, 7, 0, NULL, NULL),
(291, 2473, 'pool_b', 34, 4, 7, 6, NULL, NULL),
(292, 2471, 'pool_b', 16, 5, 8, 2, NULL, NULL),
(293, 2473, 'pool_b', 33, 5, 7, 0, NULL, NULL),
(294, 2472, 'pool_b', 16, 6, 8, 2, NULL, NULL),
(295, 2471, 'pool_b', 16, 7, 8, 2, NULL, NULL),
(296, 2473, 'pool_b', 35, 7, 7, 4, NULL, NULL),
(297, 2415, 'pool_b', 14, 8, 9, 0, NULL, NULL),
(298, 2472, 'pool_b', 16, 8, 8, 2, NULL, NULL),
(299, 2470, 'pool_b', 33, 8, 7, 0, NULL, NULL),
(300, 2473, 'pool_b', 34, 8, 7, 2, NULL, NULL),
(301, 2474, 'pool_b', 35, 8, 7, 0, NULL, NULL),
(302, 2473, 'pool_b', 36, 8, 7, 6, NULL, NULL),
(303, 2471, 'pool_b', 14, 9, 9, 2, NULL, NULL),
(304, 2471, 'pool_b', 16, 9, 8, 2, NULL, NULL),
(305, 2473, 'pool_b', 35, 9, 7, 0, NULL, NULL),
(306, 2472, 'pool_b', 14, 10, 9, 2, NULL, NULL),
(307, 2472, 'pool_b', 16, 10, 8, 2, NULL, NULL),
(308, 2471, 'pool_b', 14, 11, 9, 2, NULL, NULL),
(309, 2471, 'pool_b', 16, 11, 8, 2, NULL, NULL),
(310, 2472, 'pool_b', 14, 12, 9, 2, NULL, NULL),
(311, 2472, 'pool_b', 16, 12, 8, 2, NULL, NULL),
(312, 2455, 'pool_b', 3, 13, 7, 2, NULL, NULL),
(313, 2456, 'pool_b', 4, 13, 7, 2, NULL, NULL),
(314, 2471, 'pool_b', 14, 13, 9, 2, NULL, NULL),
(315, 2471, 'pool_b', 16, 13, 8, 2, NULL, NULL),
(316, 2472, 'pool_b', 14, 14, 9, 2, NULL, NULL),
(317, 2472, 'pool_b', 16, 14, 8, 2, NULL, NULL),
(318, 2475, 'floorlobby_a', 3, 2, 0, 0, NULL, NULL),
(319, 2422, 'floorlobby_a', 5, 2, 0, 4, NULL, NULL),
(320, 2422, 'floorlobby_a', 7, 2, 0, 4, NULL, NULL),
(321, 2422, 'floorlobby_a', 9, 2, 0, 4, NULL, NULL),
(322, 2422, 'floorlobby_a', 11, 2, 0, 4, NULL, NULL),
(323, 2422, 'floorlobby_a', 13, 2, 0, 4, NULL, NULL),
(324, 2419, 'floorlobby_a', 26, 2, 0, 4, NULL, NULL),
(325, 2476, 'floorlobby_a', 3, 8, 1, 0, NULL, NULL),
(326, 2477, 'floorlobby_a', 14, 8, 1, 6, NULL, NULL),
(327, 2477, 'floorlobby_a', 15, 8, 1, 0, NULL, NULL),
(328, 2477, 'floorlobby_a', 16, 8, 1, 0, NULL, NULL),
(329, 2477, 'floorlobby_a', 17, 8, 1, 0, NULL, NULL),
(330, 2477, 'floorlobby_a', 18, 8, 1, 0, NULL, NULL),
(331, 2477, 'floorlobby_a', 19, 8, 1, 0, NULL, NULL),
(332, 2477, 'floorlobby_a', 20, 8, 1, 0, NULL, NULL),
(333, 2477, 'floorlobby_a', 21, 8, 1, 0, NULL, NULL),
(334, 2477, 'floorlobby_a', 22, 8, 1, 0, NULL, NULL),
(335, 2477, 'floorlobby_a', 23, 8, 1, 0, NULL, NULL),
(336, 2477, 'floorlobby_a', 24, 8, 1, 0, NULL, NULL),
(337, 2477, 'floorlobby_a', 25, 8, 1, 0, NULL, NULL),
(338, 2477, 'floorlobby_a', 26, 8, 1, 2, NULL, NULL),
(339, 2423, 'floorlobby_a', 3, 9, 1, 2, NULL, NULL),
(340, 2423, 'floorlobby_a', 5, 9, 1, 6, NULL, NULL),
(341, 2475, 'floorlobby_a', 15, 9, 1, 0, NULL, NULL),
(342, 2416, 'floorlobby_a', 16, 9, 1, 4, NULL, NULL),
(343, 2427, 'floorlobby_a', 17, 9, 1, 4, NULL, NULL),
(344, 2417, 'floorlobby_a', 18, 9, 1, 4, NULL, NULL),
(345, 2475, 'floorlobby_a', 19, 9, 1, 4, NULL, NULL),
(346, 2475, 'floorlobby_a', 21, 9, 1, 0, NULL, NULL),
(347, 2416, 'floorlobby_a', 22, 9, 1, 4, NULL, NULL),
(348, 2427, 'floorlobby_a', 23, 9, 1, 4, NULL, NULL),
(349, 2417, 'floorlobby_a', 24, 9, 1, 4, NULL, NULL),
(350, 2475, 'floorlobby_a', 25, 9, 1, 4, NULL, NULL),
(351, 2423, 'floorlobby_a', 3, 11, 1, 2, NULL, NULL),
(352, 2423, 'floorlobby_a', 5, 11, 1, 6, NULL, NULL),
(353, 2478, 'floorlobby_a', 3, 12, 1, 0, NULL, NULL),
(354, 2423, 'floorlobby_a', 16, 14, 1, 4, NULL, NULL),
(355, 2423, 'floorlobby_a', 18, 14, 1, 4, NULL, NULL),
(356, 2423, 'floorlobby_a', 22, 14, 1, 4, NULL, NULL),
(357, 2423, 'floorlobby_a', 24, 14, 1, 4, NULL, NULL),
(358, 2478, 'floorlobby_a', 17, 15, 1, 0, NULL, NULL),
(359, 2478, 'floorlobby_a', 23, 15, 1, 0, NULL, NULL),
(360, 2478, 'floorlobby_a', 3, 16, 1, 0, NULL, NULL),
(361, 2423, 'floorlobby_a', 16, 16, 1, 0, NULL, NULL),
(362, 2423, 'floorlobby_a', 18, 16, 1, 0, NULL, NULL),
(363, 2423, 'floorlobby_a', 22, 16, 1, 0, NULL, NULL),
(364, 2423, 'floorlobby_a', 24, 16, 1, 0, NULL, NULL),
(365, 2423, 'floorlobby_a', 3, 17, 1, 2, NULL, NULL),
(366, 2423, 'floorlobby_a', 5, 17, 1, 6, NULL, NULL),
(367, 2476, 'floorlobby_a', 3, 18, 1, 0, NULL, NULL),
(368, 2479, 'floorlobby_a', 14, 18, 1, 6, NULL, NULL),
(369, 2479, 'floorlobby_a', 15, 18, 1, 0, NULL, NULL),
(370, 2479, 'floorlobby_a', 16, 18, 1, 0, NULL, NULL),
(371, 2479, 'floorlobby_a', 17, 18, 1, 0, NULL, NULL),
(372, 2479, 'floorlobby_a', 18, 18, 1, 0, NULL, NULL),
(373, 2479, 'floorlobby_a', 19, 18, 1, 0, NULL, NULL),
(374, 2479, 'floorlobby_a', 20, 18, 1, 0, NULL, NULL),
(375, 2479, 'floorlobby_a', 21, 18, 1, 0, NULL, NULL),
(376, 2479, 'floorlobby_a', 22, 18, 1, 0, NULL, NULL),
(377, 2479, 'floorlobby_a', 23, 18, 1, 0, NULL, NULL),
(378, 2479, 'floorlobby_a', 24, 18, 1, 0, NULL, NULL),
(379, 2479, 'floorlobby_a', 25, 18, 1, 0, NULL, NULL),
(380, 2479, 'floorlobby_a', 26, 18, 1, 2, NULL, NULL),
(381, 2475, 'floorlobby_b', 3, 2, 0, 0, NULL, NULL),
(382, 2422, 'floorlobby_b', 5, 2, 0, 4, NULL, NULL),
(383, 2422, 'floorlobby_b', 7, 2, 0, 4, NULL, NULL),
(384, 2422, 'floorlobby_b', 9, 2, 0, 4, NULL, NULL),
(385, 2422, 'floorlobby_b', 11, 2, 0, 4, NULL, NULL),
(386, 2422, 'floorlobby_b', 13, 2, 0, 4, NULL, NULL),
(387, 2419, 'floorlobby_b', 26, 2, 0, 4, NULL, NULL),
(388, 2476, 'floorlobby_b', 3, 8, 1, 0, NULL, NULL),
(389, 2480, 'floorlobby_b', 14, 8, 1, 6, NULL, NULL),
(390, 2480, 'floorlobby_b', 15, 8, 1, 0, NULL, NULL),
(391, 2480, 'floorlobby_b', 16, 8, 1, 0, NULL, NULL),
(392, 2480, 'floorlobby_b', 17, 8, 1, 0, NULL, NULL),
(393, 2480, 'floorlobby_b', 18, 8, 1, 0, NULL, NULL),
(394, 2480, 'floorlobby_b', 19, 8, 1, 0, NULL, NULL),
(395, 2480, 'floorlobby_b', 20, 8, 1, 0, NULL, NULL),
(396, 2480, 'floorlobby_b', 21, 8, 1, 0, NULL, NULL),
(397, 2480, 'floorlobby_b', 22, 8, 1, 0, NULL, NULL),
(398, 2480, 'floorlobby_b', 23, 8, 1, 0, NULL, NULL),
(399, 2480, 'floorlobby_b', 24, 8, 1, 0, NULL, NULL),
(400, 2480, 'floorlobby_b', 25, 8, 1, 0, NULL, NULL),
(401, 2480, 'floorlobby_b', 26, 8, 1, 2, NULL, NULL),
(402, 2416, 'floorlobby_b', 3, 9, 1, 4, NULL, NULL),
(403, 2427, 'floorlobby_b', 4, 9, 1, 4, NULL, NULL),
(404, 2417, 'floorlobby_b', 5, 9, 1, 4, NULL, NULL),
(405, 2475, 'floorlobby_b', 15, 9, 1, 0, NULL, NULL),
(406, 2416, 'floorlobby_b', 16, 9, 1, 4, NULL, NULL),
(407, 2427, 'floorlobby_b', 17, 9, 1, 4, NULL, NULL),
(408, 2417, 'floorlobby_b', 18, 9, 1, 4, NULL, NULL),
(409, 2475, 'floorlobby_b', 19, 9, 1, 4, NULL, NULL),
(410, 2475, 'floorlobby_b', 21, 9, 1, 0, NULL, NULL),
(411, 2416, 'floorlobby_b', 22, 9, 1, 4, NULL, NULL),
(412, 2427, 'floorlobby_b', 23, 9, 1, 4, NULL, NULL),
(413, 2417, 'floorlobby_b', 24, 9, 1, 4, NULL, NULL),
(414, 2475, 'floorlobby_b', 25, 9, 1, 4, NULL, NULL),
(415, 2423, 'floorlobby_b', 3, 11, 1, 0, NULL, NULL),
(416, 2478, 'floorlobby_b', 4, 11, 1, 0, NULL, NULL),
(417, 2423, 'floorlobby_b', 5, 11, 1, 0, NULL, NULL),
(418, 2423, 'floorlobby_b', 16, 14, 1, 2, NULL, NULL),
(419, 2423, 'floorlobby_b', 18, 14, 1, 6, NULL, NULL),
(420, 2423, 'floorlobby_b', 22, 14, 1, 2, NULL, NULL),
(421, 2423, 'floorlobby_b', 24, 14, 1, 6, NULL, NULL),
(422, 2478, 'floorlobby_b', 17, 15, 1, 0, NULL, NULL),
(423, 2478, 'floorlobby_b', 23, 15, 1, 0, NULL, NULL),
(424, 2478, 'floorlobby_b', 3, 16, 1, 0, NULL, NULL),
(425, 2423, 'floorlobby_b', 16, 16, 1, 2, NULL, NULL),
(426, 2423, 'floorlobby_b', 18, 16, 1, 6, NULL, NULL),
(427, 2423, 'floorlobby_b', 22, 16, 1, 2, NULL, NULL),
(428, 2423, 'floorlobby_b', 24, 16, 1, 6, NULL, NULL),
(429, 2423, 'floorlobby_b', 3, 17, 1, 2, NULL, NULL),
(430, 2423, 'floorlobby_b', 5, 17, 1, 6, NULL, NULL),
(431, 2476, 'floorlobby_b', 3, 18, 1, 0, NULL, NULL),
(432, 2481, 'floorlobby_b', 14, 18, 1, 6, NULL, NULL),
(433, 2481, 'floorlobby_b', 15, 18, 1, 0, NULL, NULL),
(434, 2481, 'floorlobby_b', 16, 18, 1, 0, NULL, NULL),
(435, 2481, 'floorlobby_b', 17, 18, 1, 0, NULL, NULL),
(436, 2481, 'floorlobby_b', 18, 18, 1, 0, NULL, NULL),
(437, 2481, 'floorlobby_b', 19, 18, 1, 0, NULL, NULL),
(438, 2481, 'floorlobby_b', 20, 18, 1, 0, NULL, NULL),
(439, 2481, 'floorlobby_b', 21, 18, 1, 0, NULL, NULL),
(440, 2481, 'floorlobby_b', 22, 18, 1, 0, NULL, NULL),
(441, 2481, 'floorlobby_b', 23, 18, 1, 0, NULL, NULL),
(442, 2481, 'floorlobby_b', 24, 18, 1, 0, NULL, NULL),
(443, 2481, 'floorlobby_b', 25, 18, 1, 0, NULL, NULL),
(444, 2481, 'floorlobby_b', 26, 18, 1, 2, NULL, NULL),
(445, 2475, 'floorlobby_c', 3, 2, 0, 0, NULL, NULL),
(446, 2422, 'floorlobby_c', 5, 2, 0, 4, NULL, NULL),
(447, 2422, 'floorlobby_c', 7, 2, 0, 4, NULL, NULL),
(448, 2422, 'floorlobby_c', 9, 2, 0, 4, NULL, NULL),
(449, 2422, 'floorlobby_c', 11, 2, 0, 4, NULL, NULL),
(450, 2422, 'floorlobby_c', 13, 2, 0, 4, NULL, NULL),
(451, 2419, 'floorlobby_c', 26, 2, 0, 4, NULL, NULL),
(452, 2482, 'floorlobby_c', 14, 8, 1, 6, NULL, NULL),
(453, 2482, 'floorlobby_c', 15, 8, 1, 0, NULL, NULL),
(454, 2482, 'floorlobby_c', 16, 8, 1, 0, NULL, NULL),
(455, 2482, 'floorlobby_c', 17, 8, 1, 0, NULL, NULL),
(456, 2482, 'floorlobby_c', 18, 8, 1, 0, NULL, NULL),
(457, 2482, 'floorlobby_c', 19, 8, 1, 0, NULL, NULL),
(458, 2482, 'floorlobby_c', 20, 8, 1, 0, NULL, NULL),
(459, 2482, 'floorlobby_c', 21, 8, 1, 0, NULL, NULL),
(460, 2482, 'floorlobby_c', 22, 8, 1, 0, NULL, NULL),
(461, 2482, 'floorlobby_c', 23, 8, 1, 0, NULL, NULL),
(462, 2482, 'floorlobby_c', 24, 8, 1, 0, NULL, NULL),
(463, 2482, 'floorlobby_c', 25, 8, 1, 0, NULL, NULL),
(464, 2482, 'floorlobby_c', 26, 8, 1, 2, NULL, NULL),
(465, 2483, 'floorlobby_c', 3, 9, 1, 2, NULL, NULL),
(466, 2483, 'floorlobby_c', 5, 9, 1, 6, NULL, NULL),
(467, 2475, 'floorlobby_c', 15, 9, 1, 0, NULL, NULL),
(468, 2484, 'floorlobby_c', 16, 9, 1, 4, NULL, NULL),
(469, 2485, 'floorlobby_c', 17, 9, 1, 4, NULL, NULL),
(470, 2486, 'floorlobby_c', 18, 9, 1, 4, NULL, NULL),
(471, 2475, 'floorlobby_c', 19, 9, 1, 4, NULL, NULL),
(472, 2475, 'floorlobby_c', 21, 9, 1, 0, NULL, NULL),
(473, 2484, 'floorlobby_c', 22, 9, 1, 4, NULL, NULL),
(474, 2485, 'floorlobby_c', 23, 9, 1, 4, NULL, NULL),
(475, 2486, 'floorlobby_c', 24, 9, 1, 4, NULL, NULL),
(476, 2475, 'floorlobby_c', 25, 9, 1, 4, NULL, NULL),
(477, 2483, 'floorlobby_c', 3, 11, 1, 2, NULL, NULL),
(478, 2483, 'floorlobby_c', 5, 11, 1, 6, NULL, NULL),
(479, 2487, 'floorlobby_c', 3, 12, 1, 0, NULL, NULL),
(480, 2483, 'floorlobby_c', 16, 14, 1, 4, NULL, NULL),
(481, 2483, 'floorlobby_c', 18, 14, 1, 4, NULL, NULL),
(482, 2483, 'floorlobby_c', 22, 14, 1, 4, NULL, NULL),
(483, 2483, 'floorlobby_c', 24, 14, 1, 4, NULL, NULL),
(484, 2487, 'floorlobby_c', 17, 15, 1, 0, NULL, NULL),
(485, 2487, 'floorlobby_c', 23, 15, 1, 0, NULL, NULL),
(486, 2487, 'floorlobby_c', 3, 16, 1, 0, NULL, NULL),
(487, 2483, 'floorlobby_c', 16, 16, 1, 0, NULL, NULL),
(488, 2483, 'floorlobby_c', 18, 16, 1, 0, NULL, NULL),
(489, 2483, 'floorlobby_c', 22, 16, 1, 0, NULL, NULL),
(490, 2483, 'floorlobby_c', 24, 16, 1, 0, NULL, NULL),
(491, 2483, 'floorlobby_c', 3, 17, 1, 2, NULL, NULL),
(492, 2483, 'floorlobby_c', 5, 17, 1, 6, NULL, NULL),
(493, 2488, 'floorlobby_c', 14, 18, 1, 6, NULL, NULL),
(494, 2488, 'floorlobby_c', 15, 18, 1, 0, NULL, NULL),
(495, 2488, 'floorlobby_c', 16, 18, 1, 0, NULL, NULL),
(496, 2488, 'floorlobby_c', 17, 18, 1, 0, NULL, NULL),
(497, 2488, 'floorlobby_c', 18, 18, 1, 0, NULL, NULL),
(498, 2488, 'floorlobby_c', 19, 18, 1, 0, NULL, NULL),
(499, 2488, 'floorlobby_c', 20, 18, 1, 0, NULL, NULL),
(500, 2488, 'floorlobby_c', 21, 18, 1, 0, NULL, NULL),
(501, 2488, 'floorlobby_c', 22, 18, 1, 0, NULL, NULL),
(502, 2488, 'floorlobby_c', 23, 18, 1, 0, NULL, NULL),
(503, 2488, 'floorlobby_c', 24, 18, 1, 0, NULL, NULL),
(504, 2488, 'floorlobby_c', 25, 18, 1, 0, NULL, NULL),
(505, 2488, 'floorlobby_c', 26, 18, 1, 2, NULL, NULL),
(506, 2489, 'bar_a', 12, 3, 5, 2, NULL, NULL),
(507, 2490, 'bar_a', 13, 3, 5, 0, NULL, NULL),
(508, 2489, 'bar_a', 14, 3, 5, 6, NULL, NULL),
(509, 2489, 'bar_a', 13, 4, 5, 0, NULL, NULL),
(510, 2489, 'bar_a', 18, 5, 5, 4, NULL, NULL),
(511, 2489, 'bar_a', 17, 6, 5, 2, NULL, NULL),
(512, 2490, 'bar_a', 18, 6, 5, 0, NULL, NULL),
(513, 2489, 'bar_a', 18, 7, 5, 0, NULL, NULL),
(514, 2491, 'bar_a', 13, 11, 5, 3, NULL, NULL),
(515, 2492, 'bar_a', 14, 11, 5, 4, NULL, NULL),
(516, 2492, 'bar_a', 15, 11, 5, 4, NULL, NULL),
(517, 2492, 'bar_a', 16, 11, 5, 4, NULL, NULL),
(518, 2492, 'bar_a', 17, 11, 5, 4, NULL, NULL),
(519, 2491, 'bar_a', 18, 11, 5, 5, NULL, NULL),
(520, 2493, 'bar_a', 18, 12, 5, 6, NULL, NULL),
(521, 2494, 'bar_a', 14, 13, 5, 0, NULL, NULL),
(522, 2495, 'bar_a', 15, 13, 5, 0, NULL, NULL),
(523, 2496, 'bar_a', 16, 13, 5, 0, NULL, NULL),
(524, 2493, 'bar_a', 18, 13, 5, 6, NULL, NULL),
(525, 2493, 'bar_a', 18, 14, 5, 6, NULL, NULL),
(526, 2497, 'bar_a', 13, 15, 5, 1, NULL, NULL),
(527, 2493, 'bar_a', 14, 15, 5, 0, NULL, NULL),
(528, 2493, 'bar_a', 15, 15, 5, 0, NULL, NULL),
(529, 2493, 'bar_a', 16, 15, 5, 0, NULL, NULL),
(530, 2493, 'bar_a', 17, 15, 5, 0, NULL, NULL),
(531, 2497, 'bar_a', 18, 15, 5, 7, NULL, NULL),
(532, 2489, 'bar_a', 3, 16, 5, 4, NULL, NULL),
(533, 2489, 'bar_a', 8, 16, 5, 4, NULL, NULL),
(534, 2490, 'bar_a', 3, 17, 5, 0, NULL, NULL),
(535, 2489, 'bar_a', 4, 17, 5, 6, NULL, NULL),
(536, 2489, 'bar_a', 7, 17, 5, 2, NULL, NULL),
(537, 2490, 'bar_a', 8, 17, 5, 0, NULL, NULL),
(538, 2489, 'bar_a', 9, 17, 5, 6, NULL, NULL),
(539, 2497, 'bar_a', 13, 17, 5, 3, NULL, NULL),
(540, 2493, 'bar_a', 14, 17, 5, 4, NULL, NULL),
(541, 2493, 'bar_a', 15, 17, 5, 4, NULL, NULL),
(542, 2493, 'bar_a', 16, 17, 5, 4, NULL, NULL),
(543, 2493, 'bar_a', 17, 17, 5, 4, NULL, NULL),
(544, 2497, 'bar_a', 18, 17, 5, 5, NULL, NULL),
(545, 2489, 'bar_a', 3, 18, 5, 0, NULL, NULL),
(546, 2489, 'bar_a', 8, 18, 5, 0, NULL, NULL),
(547, 2493, 'bar_a', 18, 18, 5, 6, NULL, NULL),
(548, 2494, 'bar_a', 14, 19, 5, 0, NULL, NULL),
(549, 2495, 'bar_a', 15, 19, 5, 0, NULL, NULL),
(550, 2496, 'bar_a', 16, 19, 5, 0, NULL, NULL),
(551, 2493, 'bar_a', 18, 19, 5, 6, NULL, NULL),
(552, 2493, 'bar_a', 18, 20, 5, 6, NULL, NULL),
(553, 2497, 'bar_a', 13, 21, 5, 1, NULL, NULL),
(554, 2493, 'bar_a', 14, 21, 5, 0, NULL, NULL),
(555, 2493, 'bar_a', 15, 21, 5, 0, NULL, NULL),
(556, 2493, 'bar_a', 16, 21, 5, 0, NULL, NULL),
(557, 2493, 'bar_a', 17, 21, 5, 0, NULL, NULL),
(558, 2497, 'bar_a', 18, 21, 5, 7, NULL, NULL),
(559, 2498, 'bar_a', 4, 23, 5, 6, NULL, NULL),
(560, 2498, 'bar_a', 5, 23, 5, 5, NULL, NULL),
(561, 2498, 'bar_a', 6, 23, 5, 4, NULL, NULL),
(562, 2498, 'bar_a', 7, 23, 5, 3, NULL, NULL),
(563, 2497, 'bar_a', 13, 23, 5, 3, NULL, NULL),
(564, 2493, 'bar_a', 14, 23, 5, 4, NULL, NULL),
(565, 2493, 'bar_a', 15, 23, 5, 4, NULL, NULL),
(566, 2493, 'bar_a', 16, 23, 5, 4, NULL, NULL),
(567, 2493, 'bar_a', 17, 23, 5, 4, NULL, NULL),
(568, 2497, 'bar_a', 18, 23, 5, 5, NULL, NULL),
(569, 2498, 'bar_a', 7, 24, 5, 2, NULL, NULL),
(570, 2493, 'bar_a', 18, 24, 5, 6, NULL, NULL),
(571, 2498, 'bar_a', 7, 25, 5, 2, NULL, NULL),
(572, 2494, 'bar_a', 14, 25, 5, 0, NULL, NULL),
(573, 2495, 'bar_a', 15, 25, 5, 0, NULL, NULL),
(574, 2496, 'bar_a', 16, 25, 5, 0, NULL, NULL),
(575, 2493, 'bar_a', 18, 25, 5, 6, NULL, NULL),
(576, 2498, 'bar_a', 7, 26, 5, 2, NULL, NULL),
(577, 2493, 'bar_a', 18, 26, 5, 6, NULL, NULL),
(578, 2498, 'bar_a', 7, 27, 5, 2, NULL, NULL),
(579, 2497, 'bar_a', 13, 27, 5, 1, NULL, NULL),
(580, 2493, 'bar_a', 14, 27, 5, 0, NULL, NULL),
(581, 2493, 'bar_a', 15, 27, 5, 0, NULL, NULL),
(582, 2493, 'bar_a', 16, 27, 5, 0, NULL, NULL),
(583, 2493, 'bar_a', 17, 27, 5, 0, NULL, NULL),
(584, 2497, 'bar_a', 18, 27, 5, 7, NULL, NULL),
(585, 2521, 'pub_a', 8, 12, 3, 0, NULL, NULL),
(586, 2521, 'pub_a', 18, 11, 2, 0, NULL, NULL),
(587, 2521, 'pub_a', 8, 11, 3, 1, NULL, NULL),
(588, 2522, 'pub_a', 6, 11, 3, 4, NULL, NULL),
(589, 2522, 'pub_a', 5, 11, 3, 4, NULL, NULL),
(590, 2522, 'pub_a', 3, 11, 3, 4, NULL, NULL),
(591, 2522, 'pub_a', 2, 11, 3, 4, NULL, NULL),
(592, 2521, 'pub_a', 18, 10, 2, 0, NULL, NULL),
(593, 2521, 'pub_a', 18, 9, 2, 0, NULL, NULL),
(594, 2451, 'pub_a', 11, 9, 2, 0, NULL, NULL),
(595, 2452, 'pub_a', 10, 9, 2, 0, NULL, NULL),
(596, 2521, 'pub_a', 18, 8, 2, 0, NULL, NULL),
(597, 2520, 'pub_a', 12, 8, 2, 6, NULL, NULL),
(598, 2519, 'pub_a', 11, 8, 2, 0, NULL, NULL),
(599, 2521, 'pub_a', 18, 7, 2, 0, NULL, NULL),
(600, 2454, 'pub_a', 11, 7, 2, 0, NULL, NULL),
(601, 2521, 'pub_a', 18, 6, 2, 0, NULL, NULL),
(602, 2520, 'pub_a', 12, 6, 2, 6, NULL, NULL),
(603, 2519, 'pub_a', 11, 6, 2, 0, NULL, NULL),
(604, 2521, 'pub_a', 18, 5, 2, 1, NULL, NULL),
(605, 2454, 'pub_a', 11, 5, 2, 0, NULL, NULL),
(606, 2520, 'pub_a', 12, 4, 2, 6, NULL, NULL),
(607, 2519, 'pub_a', 11, 4, 2, 0, NULL, NULL),
(608, 2454, 'pub_a', 11, 3, 2, 0, NULL, NULL),
(609, 2520, 'pub_a', 12, 2, 2, 6, NULL, NULL),
(610, 2519, 'pub_a', 11, 2, 2, 0, NULL, NULL),
(611, 2518, 'pub_a', 21, 1, 1, 4, NULL, NULL),
(612, 2518, 'pub_a', 20, 1, 1, 4, NULL, NULL),
(613, 2517, 'pub_a', 19, 1, 1, 4, NULL, NULL),
(614, 2435, 'bar_b', 5, 21, 2, 0, NULL, NULL),
(615, 2435, 'bar_b', 4, 21, 2, 0, NULL, NULL),
(616, 2435, 'bar_b', 5, 20, 3, 0, NULL, NULL),
(617, 2435, 'bar_b', 4, 20, 3, 0, NULL, NULL),
(618, 2489, 'bar_b', 14, 19, 4, 6, NULL, NULL),
(619, 2490, 'bar_b', 13, 19, 4, 0, NULL, NULL),
(620, 2489, 'bar_b', 12, 19, 4, 2, NULL, NULL),
(621, 2435, 'bar_b', 5, 19, 4, 0, NULL, NULL),
(622, 2435, 'bar_b', 4, 19, 4, 0, NULL, NULL),
(623, 2489, 'bar_b', 8, 18, 4, 0, NULL, NULL),
(624, 2490, 'bar_b', 8, 17, 4, 0, NULL, NULL),
(625, 2489, 'bar_b', 15, 16, 4, 0, NULL, NULL),
(626, 2489, 'bar_b', 8, 16, 4, 4, NULL, NULL),
(627, 2490, 'bar_b', 15, 15, 4, 0, NULL, NULL),
(628, 2489, 'bar_b', 14, 15, 4, 2, NULL, NULL),
(629, 2489, 'bar_b', 15, 14, 4, 4, NULL, NULL),
(630, 2489, 'bar_b', 10, 13, 4, 0, NULL, NULL),
(631, 2489, 'bar_b', 11, 12, 4, 6, NULL, NULL),
(632, 2490, 'bar_b', 10, 12, 4, 0, NULL, NULL),
(633, 2489, 'bar_b', 9, 12, 4, 2, NULL, NULL),
(634, 2489, 'bar_b', 10, 11, 4, 4, NULL, NULL),
(635, 2489, 'bar_b', 15, 10, 4, 0, NULL, NULL),
(636, 2490, 'bar_b', 15, 9, 4, 0, NULL, NULL),
(637, 2489, 'bar_b', 14, 9, 4, 2, NULL, NULL),
(638, 2515, 'bar_b', 3, 9, 4, 6, NULL, NULL),
(639, 2489, 'bar_b', 15, 8, 4, 4, NULL, NULL),
(640, 2516, 'bar_b', 3, 8, 4, 2, NULL, NULL),
(641, 2489, 'bar_b', 9, 7, 4, 0, NULL, NULL),
(642, 2516, 'bar_b', 3, 7, 4, 2, NULL, NULL),
(643, 2489, 'bar_b', 10, 6, 4, 6, NULL, NULL),
(644, 2490, 'bar_b', 9, 6, 4, 0, NULL, NULL),
(645, 2489, 'bar_b', 8, 6, 4, 2, NULL, NULL),
(646, 2516, 'bar_b', 3, 6, 4, 2, NULL, NULL),
(647, 2516, 'bar_b', 3, 5, 4, 2, NULL, NULL),
(648, 2515, 'bar_b', 3, 4, 4, 2, NULL, NULL),
(649, 2515, 'bar_b', 17, 3, 4, 0, NULL, NULL),
(650, 2516, 'bar_b', 16, 3, 4, 4, NULL, NULL),
(651, 2516, 'bar_b', 15, 3, 4, 4, NULL, NULL),
(652, 2516, 'bar_b', 14, 3, 4, 4, NULL, NULL),
(653, 2516, 'bar_b', 13, 3, 4, 4, NULL, NULL),
(654, 2515, 'bar_b', 12, 3, 4, 4, NULL, NULL),
(655, 2514, 'bar_b', 3, 3, 4, 0, NULL, NULL),
(656, 2435, 'bar_b', 11, 2, 100000, 2, NULL, NULL),
(657, 2435, 'bar_b', 10, 2, 4, 2, NULL, NULL),
(658, 2435, 'bar_b', 9, 2, 4, 2, NULL, NULL),
(659, 2435, 'bar_b', 8, 2, 4, 2, NULL, NULL),
(660, 2435, 'bar_b', 7, 2, 4, 2, NULL, NULL),
(661, 2435, 'bar_b', 6, 2, 4, 2, NULL, NULL),
(662, 2435, 'bar_b', 5, 2, 4, 2, NULL, NULL),
(663, 2435, 'bar_b', 4, 2, 4, 2, NULL, NULL),
(664, 2508, 'taivas_cafe', 5, 10, 1, 0, NULL, NULL),
(665, 2521, 'pub_a', 18, 12, 2, 0, NULL, NULL),
(666, 2521, 'pub_a', 8, 13, 3, 0, NULL, NULL),
(667, 2522, 'pub_a', 9, 13, 2, 2, NULL, NULL),
(668, 2523, 'pub_a', 14, 13, 2, 2, NULL, NULL),
(669, 2524, 'pub_a', 15, 13, 2, 1, NULL, NULL),
(670, 2523, 'pub_a', 16, 13, 2, 6, NULL, NULL),
(671, 2521, 'pub_a', 18, 13, 2, 0, NULL, NULL),
(672, 2521, 'pub_a', 8, 14, 3, 2, NULL, NULL),
(673, 2522, 'pub_a', 9, 14, 2, 2, NULL, NULL),
(674, 2523, 'pub_a', 14, 14, 2, 2, NULL, NULL),
(675, 2524, 'pub_a', 15, 14, 2, 2, NULL, NULL),
(676, 2523, 'pub_a', 16, 14, 2, 6, NULL, NULL),
(677, 2521, 'pub_a', 18, 14, 2, 0, NULL, NULL),
(678, 2525, 'pub_a', 1, 15, 3, 0, NULL, NULL),
(679, 2521, 'pub_a', 5, 15, 3, 1, NULL, NULL),
(680, 2521, 'pub_a', 18, 15, 2, 0, NULL, NULL),
(681, 2517, 'pub_a', 1, 16, 3, 2, NULL, NULL),
(682, 2521, 'pub_a', 5, 16, 3, 0, NULL, NULL),
(683, 2521, 'pub_a', 18, 16, 2, 0, NULL, NULL),
(684, 2518, 'pub_a', 1, 17, 3, 2, NULL, NULL),
(685, 2521, 'pub_a', 5, 17, 3, 0, NULL, NULL),
(686, 2523, 'pub_a', 13, 17, 2, 4, NULL, NULL),
(687, 2523, 'pub_a', 14, 17, 2, 4, NULL, NULL),
(688, 2523, 'pub_a', 15, 17, 2, 4, NULL, NULL),
(689, 2523, 'pub_a', 16, 17, 2, 4, NULL, NULL),
(690, 2521, 'pub_a', 18, 17, 2, 0, NULL, NULL),
(691, 2518, 'pub_a', 1, 18, 3, 2, NULL, NULL),
(692, 2521, 'pub_a', 5, 18, 3, 0, NULL, NULL),
(693, 2524, 'pub_a', 13, 18, 2, 5, NULL, NULL),
(694, 2524, 'pub_a', 14, 18, 2, 6, NULL, NULL),
(695, 2524, 'pub_a', 15, 18, 2, 6, NULL, NULL),
(696, 2524, 'pub_a', 16, 18, 2, 4, NULL, NULL),
(697, 2521, 'pub_a', 18, 18, 2, 0, NULL, NULL),
(698, 2518, 'pub_a', 2, 19, 3, 0, NULL, NULL),
(699, 2517, 'pub_a', 3, 19, 3, 0, NULL, NULL),
(700, 2521, 'pub_a', 5, 19, 3, 0, NULL, NULL),
(701, 2523, 'pub_a', 13, 19, 2, 0, NULL, NULL),
(702, 2523, 'pub_a', 14, 19, 2, 0, NULL, NULL),
(703, 2523, 'pub_a', 15, 19, 2, 0, NULL, NULL),
(704, 2523, 'pub_a', 16, 19, 2, 0, NULL, NULL),
(705, 2521, 'pub_a', 18, 19, 2, 0, NULL, NULL),
(706, 2521, 'pub_a', 1, 20, 3, 5, NULL, NULL),
(707, 2521, 'pub_a', 2, 20, 3, 6, NULL, NULL),
(708, 2521, 'pub_a', 3, 20, 3, 6, NULL, NULL),
(709, 2521, 'pub_a', 4, 20, 3, 6, NULL, NULL),
(710, 2521, 'pub_a', 5, 20, 3, 3, NULL, NULL),
(711, 2521, 'pub_a', 18, 20, 2, 0, NULL, NULL),
(712, 2517, 'pub_a', 7, 21, 1, 4, NULL, NULL),
(713, 2518, 'pub_a', 8, 21, 1, 4, NULL, NULL),
(714, 2521, 'pub_a', 12, 21, 2, 5, NULL, NULL),
(715, 2521, 'pub_a', 13, 21, 2, 6, NULL, NULL),
(716, 2521, 'pub_a', 14, 21, 2, 6, NULL, NULL),
(717, 2521, 'pub_a', 15, 21, 2, 6, NULL, NULL),
(718, 2521, 'pub_a', 16, 21, 2, 6, NULL, NULL),
(719, 2521, 'pub_a', 17, 21, 2, 6, NULL, NULL),
(720, 2521, 'pub_a', 18, 21, 2, 3, NULL, NULL),
(721, 2517, 'pub_a', 6, 22, 1, 2, NULL, NULL),
(722, 2525, 'pub_a', 15, 22, 0, 0, NULL, NULL),
(723, 2522, 'pub_a', 16, 22, 0, 4, NULL, NULL),
(724, 2522, 'pub_a', 17, 22, 0, 4, NULL, NULL),
(725, 2518, 'pub_a', 6, 23, 1, 2, NULL, NULL),
(726, 2524, 'pub_a', 8, 23, 1, 1, NULL, NULL),
(727, 2518, 'pub_a', 6, 24, 1, 2, NULL, NULL),
(728, 2524, 'pub_a', 8, 24, 1, 0, NULL, NULL),
(729, 2518, 'pub_a', 6, 25, 1, 2, NULL, NULL),
(730, 2524, 'pub_a', 8, 25, 1, 2, NULL, NULL),
(731, 2526, 'malja_bar_a', 13, 1, 4, 4, NULL, NULL),
(732, 2526, 'malja_bar_a', 7, 2, 4, 4, NULL, NULL),
(733, 2526, 'malja_bar_a', 5, 3, 4, 2, NULL, NULL),
(734, 2527, 'malja_bar_a', 6, 3, 4, 2, NULL, NULL),
(735, 2526, 'malja_bar_a', 8, 4, 4, 6, NULL, NULL),
(736, 2526, 'malja_bar_a', 7, 5, 4, 0, NULL, NULL),
(737, 2528, 'malja_bar_a', 10, 7, 1, 0, NULL, NULL),
(738, 2529, 'malja_bar_a', 10, 8, 1, 0, NULL, NULL),
(739, 2530, 'malja_bar_a', 0, 9, 1, 0, NULL, NULL),
(740, 2531, 'malja_bar_a', 1, 9, 1, 0, NULL, NULL),
(741, 2531, 'malja_bar_a', 2, 9, 1, 0, NULL, NULL),
(742, 2531, 'malja_bar_a', 3, 9, 1, 0, NULL, NULL),
(743, 2531, 'malja_bar_a', 4, 9, 1, 0, NULL, NULL),
(744, 2531, 'malja_bar_a', 5, 9, 1, 0, NULL, NULL),
(745, 2531, 'malja_bar_a', 6, 9, 1, 0, NULL, NULL),
(746, 2531, 'malja_bar_a', 7, 9, 1, 0, NULL, NULL),
(747, 2531, 'malja_bar_a', 8, 9, 1, 0, NULL, NULL),
(748, 2531, 'malja_bar_a', 9, 9, 1, 0, NULL, NULL),
(749, 2532, 'malja_bar_a', 10, 9, 1, 0, NULL, NULL),
(750, 2526, 'malja_bar_a', 7, 13, 1, 4, NULL, NULL),
(751, 2527, 'malja_bar_a', 7, 14, 1, 2, NULL, NULL),
(752, 2526, 'malja_bar_a', 13, 14, 1, 4, NULL, NULL),
(753, 2526, 'malja_bar_a', 1, 15, 1, 4, NULL, NULL),
(754, 2526, 'malja_bar_a', 6, 15, 1, 2, NULL, NULL),
(755, 2526, 'malja_bar_a', 9, 15, 1, 6, NULL, NULL),
(756, 2527, 'malja_bar_a', 13, 15, 1, 2, NULL, NULL),
(757, 2526, 'malja_bar_a', 0, 16, 1, 2, NULL, NULL),
(758, 2527, 'malja_bar_a', 1, 16, 1, 2, NULL, NULL),
(759, 2526, 'malja_bar_a', 7, 16, 1, 0, NULL, NULL),
(760, 2526, 'malja_bar_a', 12, 16, 1, 2, NULL, NULL),
(761, 2526, 'malja_bar_a', 15, 16, 1, 6, NULL, NULL),
(762, 2526, 'malja_bar_a', 3, 17, 1, 6, NULL, NULL),
(763, 2526, 'malja_bar_a', 14, 17, 1, 0, NULL, NULL),
(764, 2526, 'malja_bar_a', 2, 18, 1, 0, NULL, NULL),
(765, 2526, 'malja_bar_a', 0, 21, 1, 2, NULL, NULL),
(766, 2533, 'malja_bar_b', 4, 0, 3, 4, NULL, NULL),
(767, 2533, 'malja_bar_b', 8, 0, 3, 2, NULL, NULL),
(768, 2534, 'malja_bar_b', 9, 0, 3, 0, NULL, NULL),
(769, 2533, 'malja_bar_b', 10, 0, 3, 6, NULL, NULL),
(770, 2535, 'malja_bar_b', 4, 1, 3, 2, NULL, NULL),
(771, 2536, 'malja_bar_b', 13, 1, 3, 1, NULL, NULL),
(772, 2533, 'malja_bar_b', 6, 2, 3, 6, NULL, NULL),
(773, 2536, 'malja_bar_b', 13, 2, 3, 2, NULL, NULL),
(774, 2536, 'malja_bar_b', 14, 2, 3, 3, NULL, NULL),
(775, 2536, 'malja_bar_b', 15, 2, 3, 4, NULL, NULL),
(776, 2435, 'malja_bar_b', 1, 3, 7, 0, NULL, NULL),
(777, 2533, 'malja_bar_b', 4, 3, 3, 0, NULL, NULL),
(778, 2435, 'malja_bar_b', 1, 4, 7, 0, NULL, NULL),
(779, 2435, 'malja_bar_b', 2, 4, 5, 0, NULL, NULL),
(780, 2435, 'malja_bar_b', 3, 4, 5, 0, NULL, NULL),
(781, 2435, 'malja_bar_b', 12, 5, 2, 0, NULL, NULL),
(782, 2435, 'malja_bar_b', 13, 5, 2, 0, NULL, NULL),
(783, 2435, 'malja_bar_b', 14, 5, 2, 0, NULL, NULL),
(784, 2435, 'malja_bar_b', 3, 6, 4, 0, NULL, NULL),
(785, 2435, 'malja_bar_b', 12, 6, 1, 0, NULL, NULL),
(786, 2435, 'malja_bar_b', 13, 6, 1, 0, NULL, NULL),
(787, 2435, 'malja_bar_b', 14, 6, 1, 0, NULL, NULL),
(788, 2435, 'malja_bar_b', 3, 7, 4, 0, NULL, NULL),
(789, 2435, 'malja_bar_b', 2, 8, 3, 0, NULL, NULL),
(790, 2435, 'malja_bar_b', 3, 8, 3, 0, NULL, NULL),
(791, 2533, 'malja_bar_b', 7, 8, 3, 4, NULL, NULL),
(792, 2534, 'malja_bar_b', 7, 9, 3, 0, NULL, NULL),
(793, 2533, 'malja_bar_b', 7, 10, 3, 0, NULL, NULL),
(794, 2533, 'malja_bar_b', 2, 11, 3, 4, NULL, NULL),
(795, 2534, 'malja_bar_b', 2, 12, 3, 0, NULL, NULL),
(796, 2533, 'malja_bar_b', 2, 13, 3, 0, NULL, NULL),
(797, 2533, 'malja_bar_b', 0, 14, 9, 2, NULL, NULL),
(798, 2533, 'malja_bar_b', 0, 15, 9, 2, NULL, NULL),
(799, 2533, 'malja_bar_b', 0, 16, 9, 2, NULL, NULL),
(800, 2533, 'malja_bar_b', 2, 16, 3, 4, NULL, NULL),
(801, 2533, 'malja_bar_b', 3, 16, 3, 4, NULL, NULL),
(802, 2533, 'malja_bar_b', 0, 17, 9, 2, NULL, NULL),
(803, 2535, 'malja_bar_b', 2, 17, 3, 2, NULL, NULL),
(804, 2533, 'malja_bar_b', 4, 17, 3, 6, NULL, NULL),
(805, 2533, 'malja_bar_b', 0, 18, 9, 2, NULL, NULL),
(806, 2533, 'malja_bar_b', 4, 18, 3, 6, NULL, NULL),
(807, 2533, 'malja_bar_b', 0, 19, 9, 2, NULL, NULL),
(808, 2533, 'malja_bar_b', 2, 19, 3, 0, NULL, NULL),
(809, 2537, 'malja_bar_b', 0, 22, 3, 0, NULL, NULL),
(810, 2618, 'taivas_cafe', 5, 5, 1, 0, NULL, NULL),
(811, 2508, 'taivas_cafe', 5, 6, 1, 0, NULL, NULL),
(812, 2508, 'taivas_cafe', 5, 7, 1, 0, NULL, NULL),
(813, 2508, 'taivas_cafe', 5, 8, 1, 0, NULL, NULL),
(814, 2508, 'taivas_cafe', 5, 9, 1, 0, NULL, NULL),
(815, 2505, 'taivas_cafe', 3, 11, 1, 0, NULL, NULL),
(816, 2506, 'taivas_cafe', 4, 11, 1, 0, NULL, NULL),
(817, 2507, 'taivas_cafe', 5, 11, 1, 0, NULL, NULL),
(818, 2616, 'hallC', 12, 12, 1, 4, NULL, NULL),
(819, 2616, 'hallC', 12, 14, 1, 0, NULL, NULL),
(820, 2615, 'hallC', 13, 7, 1, 0, NULL, NULL),
(821, 2615, 'hallC', 13, 5, 1, 4, NULL, NULL),
(822, 2615, 'hallC', 9, 3, 1, 6, NULL, NULL),
(823, 2615, 'hallC', 7, 3, 1, 2, NULL, NULL),
(824, 2615, 'hallC', 6, 14, 1, 6, NULL, NULL),
(825, 2615, 'hallC', 4, 14, 1, 2, NULL, NULL),
(826, 2615, 'hallC', 2, 9, 1, 0, NULL, NULL),
(827, 2615, 'hallC', 2, 7, 1, 4, NULL, NULL),
(828, 2613, 'hallC', 5, 14, 1, 2, NULL, NULL),
(829, 2613, 'hallC', 2, 8, 1, 0, NULL, NULL),
(830, 2613, 'hallC', 8, 3, 1, 2, NULL, NULL),
(831, 2613, 'hallC', 13, 6, 1, 0, NULL, NULL),
(832, 2614, 'hallC', 12, 13, 1, 0, NULL, NULL),
(833, 2509, 'taivas_cafe', 0, 17, 1, 0, NULL, NULL),
(834, 2510, 'taivas_cafe', 0, 16, 1, 0, NULL, NULL),
(835, 2511, 'taivas_cafe', 0, 15, 1, 0, NULL, NULL),
(836, 2512, 'taivas_cafe', 13, 4, 1, 0, NULL, NULL),
(837, 2512, 'taivas_cafe', 10, 12, 0, 0, NULL, NULL),
(838, 2617, 'taivas_cafe', 6, 5, 1, 0, NULL, NULL),
(839, 2617, 'taivas_cafe', 0, 20, 1, 0, NULL, NULL),
(840, 2617, 'taivas_cafe', 0, 19, 1, 0, NULL, NULL),
(841, 2500, 'taivas_cafe', 8, 12, 1, 4, NULL, NULL),
(842, 2501, 'taivas_cafe', 8, 13, 1, 0, NULL, NULL),
(843, 2500, 'taivas_cafe', 8, 14, 1, 0, NULL, NULL),
(876, 2500, 'taivas_cafe', 11, 6, 1, 6, NULL, NULL),
(875, 2500, 'taivas_cafe', 11, 5, 1, 6, NULL, NULL),
(874, 2502, 'taivas_cafe', 10, 6, 1, 2, NULL, NULL),
(855, 2621, 'taivas_cafe', 9, 12, 1, 0, NULL, NULL),
(848, 2622, 'taivas_cafe', 9, 11, 1, 2, NULL, NULL),
(849, 2621, 'taivas_cafe', 10, 11, 1, 2, NULL, NULL),
(850, 2620, 'taivas_cafe', 11, 11, 1, 2, NULL, NULL),
(851, 2621, 'taivas_cafe', 12, 11, 1, 2, NULL, NULL),
(852, 2620, 'taivas_cafe', 13, 11, 1, 2, NULL, NULL),
(853, 2621, 'taivas_cafe', 14, 11, 1, 2, NULL, NULL),
(854, 2619, 'taivas_cafe', 15, 11, 1, 2, NULL, NULL),
(856, 2620, 'taivas_cafe', 9, 13, 1, 0, NULL, NULL),
(857, 2621, 'taivas_cafe', 9, 14, 1, 0, NULL, NULL),
(858, 2620, 'taivas_cafe', 9, 15, 1, 0, NULL, NULL),
(859, 2621, 'taivas_cafe', 9, 16, 1, 0, NULL, NULL),
(860, 2620, 'taivas_cafe', 9, 17, 1, 0, NULL, NULL),
(861, 2621, 'taivas_cafe', 9, 18, 1, 0, NULL, NULL),
(862, 2620, 'taivas_cafe', 9, 19, 1, 0, NULL, NULL),
(863, 2621, 'taivas_cafe', 9, 20, 1, 0, NULL, NULL),
(864, 2620, 'taivas_cafe', 9, 21, 1, 0, NULL, NULL),
(865, 2621, 'taivas_cafe', 9, 22, 1, 0, NULL, NULL),
(866, 2620, 'taivas_cafe', 9, 23, 1, 0, NULL, NULL),
(867, 2619, 'taivas_cafe', 9, 24, 1, 0, NULL, NULL),
(868, 2501, 'taivas_cafe', 13, 10, 1, 0, NULL, NULL),
(869, 2500, 'taivas_cafe', 14, 10, 1, 6, NULL, NULL),
(870, 2500, 'taivas_cafe', 12, 10, 1, 2, NULL, NULL),
(871, 2500, 'taivas_cafe', 8, 22, 1, 0, NULL, NULL),
(872, 2501, 'taivas_cafe', 8, 21, 1, 0, NULL, NULL),
(873, 2500, 'taivas_cafe', 8, 20, 1, 4, NULL, NULL),
(877, 2500, 'taivas_cafe', 8, 6, 1, 2, NULL, NULL),
(878, 2500, 'taivas_cafe', 8, 5, 1, 2, NULL, NULL),
(879, 2500, 'taivas_cafe', 14, 2, 1, 2, NULL, NULL),
(880, 2500, 'taivas_cafe', 14, 1, 1, 2, NULL, NULL),
(881, 2500, 'taivas_cafe', 17, 2, 1, 6, NULL, NULL),
(882, 2500, 'taivas_cafe', 17, 1, 1, 6, NULL, NULL),
(883, 2503, 'taivas_cafe', 15, 2, 1, 2, NULL, NULL),
(884, 2504, 'taivas_cafe', 15, 0, 1, 2, NULL, NULL),
(885, 2503, 'taivas_cafe', 4, 18, 1, 2, NULL, NULL),
(886, 2504, 'taivas_cafe', 4, 16, 1, 2, NULL, NULL),
(887, 2503, 'taivas_cafe', 13, 18, 1, 2, NULL, NULL),
(888, 2504, 'taivas_cafe', 13, 16, 1, 2, NULL, NULL),
(889, 2501, 'taivas_cafe', 13, 23, 0, 0, NULL, NULL),
(890, 2500, 'taivas_cafe', 12, 23, 0, 2, NULL, NULL),
(891, 2500, 'taivas_cafe', 14, 23, 0, 6, NULL, NULL),
(892, 2500, 'taivas_cafe', 12, 19, 0, 0, NULL, NULL),
(893, 2500, 'taivas_cafe', 11, 17, 0, 2, NULL, NULL),
(894, 2500, 'taivas_cafe', 11, 16, 0, 2, NULL, NULL),
(895, 2500, 'taivas_cafe', 14, 16, 0, 6, NULL, NULL),
(896, 2500, 'taivas_cafe', 14, 17, 0, 6, NULL, NULL),
(897, 2500, 'taivas_cafe', 12, 14, 0, 4, NULL, NULL),
(898, 2500, 'taivas_cafe', 3, 18, 1, 2, NULL, NULL),
(899, 2500, 'taivas_cafe', 3, 17, 1, 2, NULL, NULL),
(900, 2500, 'taivas_cafe', 6, 18, 1, 6, NULL, NULL),
(901, 2500, 'taivas_cafe', 6, 17, 1, 6, NULL, NULL),
(902, 2623, 'taivas_cafe', 6, 6, 1, 6, NULL, NULL),
(903, 2623, 'taivas_cafe', 6, 7, 1, 6, NULL, NULL),
(904, 2422, 'taivas_cafe', 0, 11, 1, 4, NULL, NULL),
(905, 2422, 'taivas_cafe', 1, 11, 1, 4, NULL, NULL),
(906, 2422, 'taivas_cafe', 2, 11, 1, 4, NULL, NULL),
(907, 2623, 'taivas_cafe', 0, 12, 1, 0, NULL, NULL),
(908, 2623, 'taivas_cafe', 1, 12, 1, 0, NULL, NULL),
(909, 2623, 'taivas_cafe', 2, 12, 1, 0, NULL, NULL),
(910, 2623, 'taivas_cafe', 1, 16, 1, 6, NULL, NULL),
(911, 2625, 'entryhall', 11, 11, 1, 0, NULL, NULL),
(912, 2632, 'entryhall', 7, 16, 1, 0, NULL, NULL),
(913, 2632, 'entryhall', 5, 1, 1, 4, NULL, NULL),
(914, 2632, 'entryhall', 16, 1, 1, 4, NULL, NULL),
(915, 2632, 'entryhall', 14, 14, 1, 4, NULL, NULL),
(916, 2632, 'entryhall', 1, 19, 1, 0, NULL, NULL),
(917, 2633, 'entryhall', 15, 6, 1, 0, NULL, NULL),
(918, 2633, 'entryhall', 7, 7, 1, 0, NULL, NULL),
(919, 2631, 'entryhall', 6, 1, 1, 4, NULL, NULL),
(920, 2631, 'entryhall', 4, 1, 1, 4, NULL, NULL),
(921, 2631, 'entryhall', 17, 1, 1, 4, NULL, NULL),
(922, 2631, 'entryhall', 18, 1, 1, 4, NULL, NULL),
(923, 2631, 'entryhall', 14, 11, 1, 2, NULL, NULL),
(924, 2631, 'entryhall', 14, 12, 1, 2, NULL, NULL),
(925, 2631, 'entryhall', 14, 13, 1, 2, NULL, NULL),
(926, 2631, 'entryhall', 13, 14, 1, 4, NULL, NULL),
(927, 2631, 'entryhall', 12, 14, 1, 4, NULL, NULL),
(928, 2631, 'entryhall', 11, 14, 1, 4, NULL, NULL),
(929, 2626, 'entryhall', 1, 16, 1, 2, NULL, NULL),
(930, 2627, 'entryhall', 1, 17, 1, 2, NULL, NULL),
(931, 2628, 'entryhall', 1, 18, 1, 2, NULL, NULL),
(935, 2627, 'entryhall', 1, 11, 1, 2, NULL, NULL),
(934, 2626, 'entryhall', 1, 10, 1, 2, NULL, NULL),
(936, 2628, 'entryhall', 1, 12, 1, 2, NULL, NULL),
(937, 2626, 'entryhall', 7, 13, 1, 2, NULL, NULL),
(938, 2627, 'entryhall', 7, 14, 1, 2, NULL, NULL),
(939, 2628, 'entryhall', 7, 15, 1, 2, NULL, NULL),
(940, 2626, 'entryhall', 7, 8, 1, 2, NULL, NULL),
(941, 2627, 'entryhall', 7, 9, 1, 2, NULL, NULL),
(942, 2628, 'entryhall', 7, 10, 1, 2, NULL, NULL),
(943, 2626, 'entryhall', 8, 7, 1, 4, NULL, NULL),
(944, 2627, 'entryhall', 9, 7, 1, 4, NULL, NULL),
(945, 2628, 'entryhall', 10, 7, 1, 4, NULL, NULL),
(946, 2626, 'entryhall', 13, 7, 1, 4, NULL, NULL),
(947, 2627, 'entryhall', 14, 7, 1, 4, NULL, NULL),
(948, 2628, 'entryhall', 15, 7, 1, 4, NULL, NULL),
(949, 2629, 'entryhall', 7, 12, 1, 6, NULL, NULL),
(950, 2630, 'entryhall', 7, 11, 1, 6, NULL, NULL),
(951, 2630, 'entryhall', 11, 7, 1, 0, NULL, NULL),
(953, 2629, 'entryhall', 12, 7, 1, 0, NULL, NULL),
(955, 2634, 'hallA', 15, 4, 1, 6, '', ''),
(956, 2634, 'hallA', 15, 5, 1, 6, '', ''),
(957, 2634, 'hallA', 15, 9, 1, 6, '', ''),
(958, 2634, 'hallA', 15, 10, 1, 6, '', ''),
(959, 2634, 'hallA', 15, 14, 1, 6, '', ''),
(960, 2634, 'hallA', 15, 15, 1, 6, '', ''),
(961, 2634, 'hallA', 10, 4, 1, 6, '', ''),
(962, 2634, 'hallA', 10, 5, 1, 6, '', ''),
(963, 2634, 'hallA', 10, 9, 1, 6, '', ''),
(964, 2634, 'hallA', 10, 10, 1, 6, '', ''),
(965, 2634, 'hallA', 10, 14, 1, 6, '', ''),
(966, 2634, 'hallA', 10, 15, 1, 6, '', ''),
(967, 2634, 'hallA', 5, 4, 1, 6, '', ''),
(968, 2634, 'hallA', 5, 5, 1, 6, '', ''),
(969, 2634, 'hallA', 5, 9, 1, 6, '', ''),
(970, 2634, 'hallA', 5, 10, 1, 6, '', ''),
(971, 2634, 'hallA', 5, 14, 1, 6, '', ''),
(972, 2634, 'hallA', 5, 15, 1, 6, '', ''),
(973, 2635, 'hallA', 14, 5, 1, 6, '', ''),
(974, 2635, 'hallA', 14, 10, 1, 6, '', ''),
(975, 2635, 'hallA', 14, 15, 1, 6, '', ''),
(976, 2635, 'hallA', 9, 5, 1, 6, '', ''),
(977, 2635, 'hallA', 9, 10, 1, 6, '', ''),
(978, 2635, 'hallA', 9, 15, 1, 6, '', ''),
(979, 2635, 'hallA', 4, 5, 1, 6, '', ''),
(980, 2635, 'hallA', 4, 10, 1, 6, '', ''),
(981, 2635, 'hallA', 4, 15, 1, 6, '', ''),
(982, 2636, 'hallA', 14, 14, 1, 6, '', ''),
(983, 2636, 'hallA', 14, 9, 1, 6, '', ''),
(984, 2636, 'hallA', 14, 4, 1, 6, '', ''),
(985, 2636, 'hallA', 9, 14, 1, 6, '', ''),
(986, 2636, 'hallA', 9, 9, 1, 6, '', ''),
(987, 2636, 'hallA', 9, 4, 1, 6, '', ''),
(988, 2636, 'hallA', 4, 14, 1, 6, '', ''),
(989, 2636, 'hallA', 4, 9, 1, 6, '', ''),
(990, 2636, 'hallA', 4, 4, 1, 6, '', ''),
(991, 2615, 'hallB', 2, 4, 1, 4, '', ''),
(992, 2615, 'hallB', 2, 10, 1, 4, '', ''),
(993, 2615, 'hallB', 2, 16, 1, 4, '', ''),
(994, 2615, 'hallB', 2, 6, 1, 0, '', ''),
(995, 2615, 'hallB', 2, 12, 1, 0, '', ''),
(996, 2615, 'hallB', 2, 18, 1, 0, '', ''),
(997, 2615, 'hallB', 6, 3, 1, 2, '', ''),
(998, 2615, 'hallB', 8, 3, 1, 6, '', ''),
(999, 2615, 'hallB', 13, 3, 1, 2, '', ''),
(1000, 2615, 'hallB', 15, 3, 1, 6, '', ''),
(1001, 2637, 'hallB', 2, 5, 1, 0, '', ''),
(1002, 2637, 'hallB', 2, 11, 1, 0, '', ''),
(1003, 2637, 'hallB', 2, 17, 1, 0, '', ''),
(1004, 2637, 'hallB', 7, 3, 1, 2, '', ''),
(1005, 2637, 'hallB', 14, 3, 1, 2, '', ''),
(1006, 2639, 'hallD', 2, 15, 1, 0, '', ''),
(1007, 2639, 'hallD', 2, 15, 1, 0, '', ''),
(1008, 2639, 'hallD', 8, 3, 1, 0, '', ''),
(1009, 2639, 'hallD', 14, 3, 1, 0, '', ''),
(1010, 2638, 'hallD', 2, 9, 1, 0, '', ''),
(1011, 2638, 'hallD', 8, 9, 1, 0, '', ''),
(1012, 2638, 'hallD', 14, 9, 1, 0, '', ''),
(1013, 2638, 'hallD', 8, 15, 1, 0, '', ''),
(1014, 2638, 'hallD', 14, 15, 1, 0, '', ''),
(1015, 2615, 'hallD', 8, 4, 1, 0, '', ''),
(1016, 2615, 'hallD', 14, 4, 1, 0, '', ''),
(1017, 2615, 'hallD', 2, 10, 1, 0, '', ''),
(1018, 2615, 'hallD', 8, 10, 1, 0, '', ''),
(1019, 2615, 'hallD', 14, 10, 1, 0, '', ''),
(1020, 2615, 'hallD', 2, 16, 1, 0, '', ''),
(1047, 2615, 'hallD', 8, 16, 1, 0, '', ''),
(1022, 2615, 'hallD', 14, 16, 1, 0, '', ''),
(1023, 2615, 'hallD', 7, 3, 1, 2, '', ''),
(1024, 2615, 'hallD', 13, 3, 1, 2, '', ''),
(1025, 2615, 'hallD', 1, 9, 1, 2, '', ''),
(1026, 2615, 'hallD', 7, 9, 1, 2, '', ''),
(1027, 2615, 'hallD', 13, 9, 1, 2, '', ''),
(1028, 2615, 'hallD', 1, 15, 1, 2, '', ''),
(1029, 2615, 'hallD', 7, 15, 1, 2, '', ''),
(1030, 2615, 'hallD', 13, 15, 1, 2, '', ''),
(1031, 2615, 'hallD', 8, 2, 1, 4, '', ''),
(1032, 2615, 'hallD', 14, 2, 1, 4, '', ''),
(1033, 2615, 'hallD', 2, 8, 1, 4, '', ''),
(1034, 2615, 'hallD', 8, 8, 1, 4, '', ''),
(1035, 2615, 'hallD', 14, 8, 1, 4, '', ''),
(1036, 2615, 'hallD', 2, 14, 1, 4, '', ''),
(1037, 2615, 'hallD', 8, 14, 1, 4, '', ''),
(1038, 2615, 'hallD', 14, 14, 1, 4, '', ''),
(1039, 2615, 'hallD', 9, 3, 1, 6, '', ''),
(1040, 2615, 'hallD', 15, 3, 1, 6, '', ''),
(1041, 2615, 'hallD', 3, 9, 1, 6, '', ''),
(1042, 2615, 'hallD', 9, 9, 1, 6, '', ''),
(1043, 2615, 'hallD', 15, 9, 1, 6, '', ''),
(1044, 2615, 'hallD', 3, 15, 1, 6, '', ''),
(1045, 2615, 'hallD', 9, 15, 1, 6, '', '');
INSERT INTO `room_public_items` (`id`, `definitionid`, `model`, `x`, `y`, `z`, `rotation`, `object`, `data`) VALUES
(1046, 2615, 'hallD', 15, 15, 1, 6, '', '');

-- --------------------------------------------------------

--
-- Table structure for table `room_rights`
--

CREATE TABLE `room_rights` (
  `id` int(11) NOT NULL,
  `user_id` int(11) NOT NULL,
  `room_id` int(11) NOT NULL
) ENGINE=InnoDB DEFAULT CHARSET=latin1;

--
-- Dumping data for table `room_rights`
--

INSERT INTO `room_rights` (`id`, `user_id`, `room_id`) VALUES
(1, 5, 65),
(3, 45, 59),
(6, 44, 40),
(7, 32, 44);

-- --------------------------------------------------------

--
-- Table structure for table `users`
--

CREATE TABLE `users` (
  `id` int(11) NOT NULL,
  `username` varchar(150) NOT NULL,
  `password` varchar(500) DEFAULT NULL,
  `rank` tinyint(1) NOT NULL DEFAULT '1',
  `join_date` bigint(20) DEFAULT NULL,
  `last_online` bigint(20) DEFAULT NULL,
  `email` varchar(256) DEFAULT NULL,
  `mission` varchar(100) NOT NULL DEFAULT '',
  `personal_greeting` varchar(25) NOT NULL,
  `figure` longtext NOT NULL,
  `pool_figure` varchar(50) NOT NULL DEFAULT '',
  `credits` int(11) NOT NULL DEFAULT '0',
  `tickets` int(11) NOT NULL DEFAULT '0',
  `sex` varchar(10) NOT NULL DEFAULT 'M',
  `country` varchar(10) NOT NULL DEFAULT 'UK',
  `badge` varchar(10) NOT NULL DEFAULT '',
  `birthday` varchar(30) NOT NULL DEFAULT '01/01/1970',
  `has_logged_in` tinyint(1) NOT NULL DEFAULT '0'
) ENGINE=InnoDB DEFAULT CHARSET=latin1;

--
-- Dumping data for table `users`
--

INSERT INTO `users` (`id`, `username`, `password`, `rank`, `join_date`, `last_online`, `email`, `mission`, `personal_greeting`, `figure`, `pool_figure`, `credits`, `tickets`, `sex`, `country`, `badge`, `birthday`, `has_logged_in`) VALUES
(2, 'test', '$2a$10$tflTFPysv6cxMSQ7BYa1ZemOmbh4bc.vH.NoMOAQOaELrBEfh7THe', 1, 44324323, 1493472369828, 'ereewr@wwwwaaac.com', 'eating more cake, k?', 'I\'m a FUSE member!', 'sd=001/0&hr=001/255,255,255&hd=002/255,204,153&ey=001/0&fc=001/255,204,153&bd=001/255,204,153&lh=001/255,204,153&rh=001/255,204,153&ch=001/232,177,55&ls=001/232,177,55&rs=001/232,177,55&lg=001/119,159,187&sh=003/121,94,83', 'ch=s01/51,120,201', 200, 0, 'Female', 'UK', '', '01.01.1997', 1),
(5, 'Alex', '$2a$10$mE0JhM56S/WVHyvPzC36MO8JNA/vH0tybU/4JSV8k4K6a0hllVFNO', 3, 1489384512, 1493547056118, 'we3rejfpef3@cefc.com', 'so i herd u liek duckz', 'The best duck in town', 'sd=001/0&hr=005/223,218,190&hd=002/255,204,153&ey=001/0&fc=001/255,204,153&bd=001/255,204,153&lh=001/255,204,153&rh=001/255,204,153&ch=008/102,102,102&ls=001/102,102,102&rs=001/102,102,102&lg=006/149,120,78&sh=003/47,45,38', 'ch=s02/51,120,201', 767, 14, 'Male', 'UK', '', '01.01.1997', 1),
(6, 'Dark', '$2a$10$3VoNh8uaT6ZxeG1nsp1PhuTK8HKml5U6svLyjFN/4GBqWJ6DAUWgS', 1, NULL, 1493390146966, 'scott@hypermine.com', 'cool kid', 'I\'m a FUSE member!', 'sd=001/0&hr=023/103,78,59&hd=002/255,204,153&ey=003/0&fc=001/255,204,153&bd=001/255,204,153&lh=001/255,204,153&rh=001/255,204,153&ch=010/101,106,64&ls=001/101,106,64&rs=001/101,106,64&lg=006/119,159,187&sh=002/124,143,125', 'ch=s02/42,199,210', 200, 0, 'Male', 'UK', '', '01.01.1990', 0),
(7, 'Dominic', '$2a$10$9iQ9y6khiAW5s5dT9ZyjcuH0DUGQmG18h9zAJcsk/BhCicOC7ld.y', 1, NULL, 1493548812885, 'dsmithpw@gmail.com', 'Copies fade so fast...', 'I\'m a FUSE member!', 'sd=001/0&hr=001/255,255,255&hd=002/255,204,153&ey=001/0&fc=001/255,204,153&bd=001/255,204,153&lh=001/255,204,153&rh=001/255,204,153&ch=001/232,177,55&ls=001/232,177,55&rs=001/232,177,55&lg=001/119,159,187&sh=001/175,220,223', '', 340, 30, 'Male', 'UK', '', '26.02.1997', 0),
(8, 'Asc', '$2a$10$WthtAe3LHJlfBtBLoj2S9O/1cdCiPl5uQ1sRMDcO7k7KIxPEvitg.', 1, 1492627423, 1493390146966, 'spam@here.nty', 'H&ouml;rp&auml;tih&ouml;rp&auml;tih&ouml;rp&auml;tih&ouml;pp&auml;ij&auml;&auml;!', 'I\'m a FUSE member!', 'sd=001/0&hr=000/255,255,255&hd=002/0,125,0&ey=000/0&fc=001/0,125,0&bd=001/0,125,0&lh=001/0,125,0&rh=001/0,125,0&ch=009/25,25,25&ls=001/25,25,25&rs=001/25,25,25&lg=004/25,25,25&sh=003/25,25,25', '', 200, 0, 'Male', 'UK', '', '11.11.1911', 0),
(9, 'Ascii', '$2a$10$cs4KnN0aET3QXi0P4zwkDOYtTKyUwhBnSJtAH05lszoMpHXlPbQYe', 1, NULL, 1493390146966, 'spam@here.nty', 'null', 'I\'m a FUSE member!', 'sd=001/0&hr=001/255,255,255&hd=002/255,204,153&ey=001/0&fc=001/255,204,153&bd=001/255,204,153&lh=001/255,204,153&rh=001/255,204,153&ch=001/232,177,55&ls=001/232,177,55&rs=001/232,177,55&lg=001/119,159,187&sh=001/175,220,223', '', 200, 0, 'Male', 'UK', '', '11.11.1911', 0),
(10, 'pugsAreOkay', '$2a$10$HDrSPqhVqrMqyIJYLcGJKuGvqc71eujYVsipdw71NXxjQmtAAjiEq', 1, NULL, 1493390146966, 'a@a.com', '', 'I\'m a FUSE member!', 'sd=001/0&hr=001/255,255,255&hd=002/255,204,153&ey=001/0&fc=001/255,204,153&bd=001/255,204,153&lh=001/255,204,153&rh=001/255,204,153&ch=001/232,177,55&ls=001/232,177,55&rs=001/232,177,55&lg=001/119,159,187&sh=001/175,220,223', '', 200, 0, 'Male', 'UK', '', '01.01.1980', 0),
(11, 'TacoTuesday', '$2a$10$gUcCFOA3qo6rxCIKfAe86.gRPQyDBxebMcLQs58YuhU8dGYWptrre', 1, NULL, 1493390146966, 'a@a.com', '', 'I\'m a FUSE member!', 'sd=001/0&hr=001/255,255,255&hd=002/255,204,153&ey=001/0&fc=001/255,204,153&bd=001/255,204,153&lh=001/255,204,153&rh=001/255,204,153&ch=001/232,177,55&ls=001/232,177,55&rs=001/232,177,55&lg=001/119,159,187&sh=001/175,220,223', 'ch=s02/42,199,210', 200, 0, 'Male', 'UK', '', '01.01.1980', 0),
(12, 'mentle', '$2a$10$MI7dLGmSTc8rsER0Dm/0ceFdkrjOiFkbpkMmpfUwBJdmrN68NwW1.', 1, NULL, 1493390146966, 'mentle@rz.com', 'i\'m the one who opens if you knock', 'I\'m a FUSE member!', 'sd=001/0&hr=008/238,231,224&hd=002/248,229,218&ey=005/0&fc=001/248,229,218&bd=001/248,229,218&lh=001/248,229,218&rh=001/248,229,218&ch=005/255,255,255&ls=001/255,255,255&rs=001/255,255,255&lg=006/255,255,255&sh=001/255,255,255', '', 200, 0, 'Male', 'UK', '', '11.02.1995', 0),
(13, 'rere', '$2a$10$CYxeKcJdYA7adTooIhbh4Ot5snF7HnLTX0.LLFEr64rHRFrOzbQ8m', 1, NULL, 1493488679437, 'lol@nah.com', 'f', 'I\'m a FUSE member!', 'sd=001/0&hr=015/50,50,53&hd=002/238,231,224&ey=001/0&fc=001/238,231,224&bd=001/238,231,224&lh=001/238,231,224&rh=001/238,231,224&ch=009/51,51,51&ls=002/51,51,51&rs=002/51,51,51&lg=006/51,51,51&sh=003/255,255,255', '', 200, 0, 'Male', 'UK', '', '01.07.1991', 0),
(14, 'vista4life', '$2a$10$dbxh8BFffHhe9Tuhf73gHO5fJi2LCoT3SJK4.npqK.BF3FvCvXgUK', 1, NULL, 1493390146966, 'obama@hotty.cm', 'obamaftw', 'I\'m a FUSE member!', 'sd=001/0&hr=001/255,255,255&hd=002/255,204,153&ey=001/0&fc=001/255,204,153&bd=001/255,204,153&lh=001/255,204,153&rh=001/255,204,153&ch=001/232,177,55&ls=001/232,177,55&rs=001/232,177,55&lg=001/119,159,187&sh=001/175,220,223', '', 200, 0, 'Male', 'UK', '', '01-01-1991', 0),
(15, 'Alito', '$2a$10$.NRhGOkovylri9aBNKCZjOSr9X5.fhSkz8UgGb4gx4XgzlR46tyMW', 1, NULL, 1493512657648, 'alitohabbo@hotmail.com', 'Shockwave lover', 'Motto :p', 'sd=001/0&hr=013/200,210,230&hd=002/255,204,153&ey=005/0&fc=001/255,204,153&bd=001/255,204,153&lh=001/255,204,153&rh=001/255,204,153&ch=003/106,64,92&ls=002/106,64,92&rs=002/106,64,92&lg=001/215,193,135&sh=001/209,223,175', 'ch=s02/255,255,255', 386, 0, 'Male', 'UK', '', '02.04.1993', 0),
(16, 'NAH', '$2a$10$bxLXptoISd7gsiM74.PYm.qVglKpjvZt/kHFe3s.QfKD.aIwjFoN.', 1, NULL, 1493390146966, 'j@j.com', '', 'I\'m a FUSE member!', 'sd=001/0&hr=021/200,210,230&hd=002/255,204,153&ey=001/0&fc=001/255,204,153&bd=001/255,204,153&lh=001/255,204,153&rh=001/255,204,153&ch=001/232,177,55&ls=001/232,177,55&rs=001/232,177,55&lg=001/119,159,187&sh=001/175,220,223', '', 200, 0, 'Male', 'UK', '', '01.01.1991', 0),
(17, 'NuuttiD3w', '$2a$10$DWxGYChEjnxFOH9JCU7AJu47APUlaWkTVaMOgp7S2WPcNRsPW4ypS', 1, NULL, 1493390146966, 'nuutti03.ns@gmail.com', 'idk m8', 'I\'m a FUSE member!', 'sd=001/0&hr=002/225,204,120&hd=002/255,204,153&ey=001/0&fc=001/255,204,153&bd=001/255,204,153&lh=001/255,204,153&rh=001/255,204,153&ch=001/76,136,43&ls=001/76,136,43&rs=001/76,136,43&lg=001/119,159,187&sh=004/255,255,255', '', 200, 0, 'Male', 'UK', '', '03.05.2003', 0),
(18, 'AnotherUser', '$2a$10$.kjP76h0WOt4ogLWKo5.v.ghFs5uqDGESCT9/sSXELNPezJhbk32u', 1, 1492664949, 1493390146966, 'e2e@cc.com', 'xddddd', 'I\'m a FUSE member!', 'sd=001/0&hr=001/255,255,255&hd=002/255,204,153&ey=001/0&fc=001/255,204,153&bd=001/255,204,153&lh=001/255,204,153&rh=001/255,204,153&ch=001/232,177,55&ls=001/232,177,55&rs=001/232,177,55&lg=001/119,159,187&sh=001/175,220,223', '', 200, 0, 'Male', 'UK', '', '04.04.1997', 0),
(19, 'JasonDev', '$2a$10$oIEo4q6/PvxzGS09aE7K..mZQlDT70B7NUTqE8AdOwNLYOxiQ0JVu', 1, 1492668493, 1493559798885, 'jason.devvy@gmail.ocm', 'Is to play alex\'s creations', 'No', 'sd=001/0&hr=024/255,234,173&hd=002/255,204,153&ey=001/0&fc=001/255,204,153&bd=001/255,204,153&lh=001/255,204,153&rh=001/255,204,153&ch=010/51,102,51&ls=001/51,102,51&rs=001/51,102,51&lg=004/102,102,102&sh=002/192,180,199', 'ch=s02/255,255,255', 413, 7, 'Male', 'UK', '', '30.07.1995', 0),
(20, 'Book', '$2a$10$rw3Nlk7vh8gModpUCi38H.pqsLIx64LnA7Qy85oIDG.5COwOFsaQq', 1, 1492669289, 1493390146966, 'br@andon.pw', 'br', 'I\'m a FUSE member!', 'sd=001/0&hr=021/50,50,53&hd=002/255,204,153&ey=001/0&fc=001/255,204,153&bd=001/255,204,153&lh=001/255,204,153&rh=001/255,204,153&ch=001/255,255,255&ls=002/255,255,255&rs=002/255,255,255&lg=001/119,159,187&sh=001/121,94,83', '', 200, 0, 'Male', 'UK', '', '15.02.1998', 0),
(21, 'DevJoke', '$2a$10$ZiOcyMKnY77zapEk6Wv1sOqP9tPUgOZ5n2d0Lqu3tf4Ec/GSrKqKa', 1, 1492677244, 1493390146966, 'kevin.schilling1999@gmail.com', 'I\'m from Germany!', 'I\'m a FUSE member!', 'sd=001/0&hr=001/255,255,255&hd=002/255,204,153&ey=001/0&fc=001/255,204,153&bd=001/255,204,153&lh=001/255,204,153&rh=001/255,204,153&ch=001/232,177,55&ls=001/232,177,55&rs=001/232,177,55&lg=001/119,159,187&sh=001/175,220,223', '', 200, 0, 'Male', 'UK', '', '21.07.1999', 0),
(22, 'Platinum', '$2a$10$NYvyzSa0mbFfC4HkLwuL6Ob1KYS7ksEPHmRCHp0xH0F/i18IFQCVe', 1, 1492686873, 1493390146966, 'zoheb.malik@hotmail.co.uk', 'Hello!', 'I\'m a FUSE member!', 'sd=001/0&hr=010/120,109,90&hd=002/215,188,169&ey=001/0&fc=001/215,188,169&bd=001/215,188,169&lh=001/215,188,169&rh=001/215,188,169&ch=001/255,255,255&ls=001/255,255,255&rs=001/255,255,255&lg=001/51,51,51&sh=002/255,255,255', '', 200, 0, 'Male', 'UK', '', '13.01.1999', 0),
(23, 'Lolislol', '$2a$10$9j3FtzglhBX0OsTmepZanuuRKsty5hXwzsCppj0jWOmW37qQDxu6m', 1, 1492704693, 1493390146966, 'donttellya@live.nl', 'Lolislol - Who else?', 'I\'m a FUSE member!', 'sd=001/0&hr=005/223,218,190&hd=002/255,204,153&ey=001/0&fc=001/255,204,153&bd=001/255,204,153&lh=001/255,204,153&rh=001/255,204,153&ch=003/184,231,55&ls=002/184,231,55&rs=002/184,231,55&lg=006/54,94,138&sh=003/121,94,83', 'ch=s02/255,255,255', 200, 0, 'Male', 'UK', '', '23-05-1994', 0),
(24, 'Res', '$2a$10$wocL8ZwsDVpiEGHHnF9l3u/KCDnxBuOfuseX3fB86bfXFGqcpImQS', 1, 1492773609, 1493390146966, 'nah@gmail.com', 'check out this project', 'I\'m a FUSE member!', 'sd=001/0&hr=001/255,255,255&hd=002/255,204,153&ey=001/0&fc=001/255,204,153&bd=001/255,204,153&lh=001/255,204,153&rh=001/255,204,153&ch=001/232,177,55&ls=001/232,177,55&rs=001/232,177,55&lg=001/119,159,187&sh=001/175,220,223', '', 200, 0, 'Male', 'UK', '', '26.03.1994', 0),
(25, 'Errer', '$2a$10$Qf7oBuvbBeKWnKf6ePFrjuST8n2MGtJv.Zr0b82Mig4OwzLIK6U6S', 1, 1492794567, 1493390146966, 'pepepepepe@example.com', 'hii', 'I\'m a FUSE member!', 'sd=001/0&hr=011/202,90,51&hd=002/241,214,180&ey=002/0&fc=001/241,214,180&bd=001/241,214,180&lh=001/241,214,180&rh=001/241,214,180&ch=017/51,51,51&ls=017/51,51,51&rs=017/51,51,51&lg=006/54,94,138&sh=003/255,255,255', '', 200, 0, 'Female', 'UK', '', '11.11.1990', 0),
(26, 'l0ser', '$2a$10$ifvSynXDleuWoueEx6ZP4eFXcnrXo.YHiSqWtJnneg/MQF/Gsv0HW', 1, 1492798221, 1493390146966, 'lol@lol.com', 'hey', 'I\'m a FUSE member!', 'sd=001/0&hr=001/255,255,255&hd=002/255,204,153&ey=001/0&fc=001/255,204,153&bd=001/255,204,153&lh=001/255,204,153&rh=001/255,204,153&ch=001/232,177,55&ls=001/232,177,55&rs=001/232,177,55&lg=001/119,159,187&sh=001/175,220,223', '', 200, 0, 'Male', 'UK', '', '01.01.1990', 0),
(27, 'Glaceon', '$2a$10$73O2hMfOaqIpSJYx8JDmK.fC7G.C/9NXmpvU7ik59cKp0.7RX1sj.', 1, 1492809945, 1493456337893, 'joshuabakkerdev@gmail.com', 'Veteran', 'XDHELLO[3]', 'sd=001/0&hr=024/255,234,173&hd=002/216,176,126&ey=001/0&fc=001/216,176,126&bd=001/216,176,126&lh=001/216,176,126&rh=001/216,176,126&ch=003/179,252,255&ls=001/179,252,255&rs=001/179,252,255&lg=006/119,159,187&sh=001/175,220,223', '', 220, 0, 'Male', 'UK', '', '23.05.1997', 0),
(28, 'Gonzalox', '$2a$10$od9MED/B3vKvb6c/IC5.oee4aqdZAfX/B.qhJi2tcLXvLNk/14776', 1, 1492813835, 1493390146966, 'gonzalox7@gmail.com', 'Hi', 'I\'m a FUSE member!', 'sd=001/0&hr=001/255,255,255&hd=002/255,204,153&ey=001/0&fc=001/255,204,153&bd=001/255,204,153&lh=001/255,204,153&rh=001/255,204,153&ch=001/232,177,55&ls=001/232,177,55&rs=001/232,177,55&lg=001/119,159,187&sh=001/175,220,223', '', 200, 0, 'Male', 'UK', '', '10.01.1990', 0),
(29, 'www', '$2a$10$DFHW/DdblpKeic8cKKVqluQTG4KiiWpxPmgypK5cETTE0oQN6gmlC', 1, 1492839540, 1493390146966, 'k@k.com', 'just looking', 'I\'m a FUSE member!', 'sd=001/0&hr=001/255,255,255&hd=002/255,204,153&ey=001/0&fc=001/255,204,153&bd=001/255,204,153&lh=001/255,204,153&rh=001/255,204,153&ch=001/232,177,55&ls=001/232,177,55&rs=001/232,177,55&lg=001/119,159,187&sh=001/175,220,223', '', 200, 0, 'Male', 'UK', '', '07.08.1997', 0),
(30, 'Dowtcom', '$2a$10$GzU3rV3lWNqEnBleiNlwjeLtWALi1mlM4RdGmY6Xx8Z76wYR12KYq', 1, 1492862560, 1493390146966, 'lolnotreal@hotmail.com', 'Checking out this sick server!', 'I\'m a FUSE member!', 'sd=001/0&hr=001/255,255,255&hd=001/255,204,153&ey=001/0&fc=001/255,204,153&bd=001/255,204,153&lh=001/255,204,153&rh=001/255,204,153&ch=003/232,177,55&ls=001/232,177,55&rs=001/232,177,55&lg=006/119,159,187&sh=003/121,94,83', '', 200, 0, 'Male', 'UK', '', '01.05.1994', 0),
(31, 'HDN', '$2a$10$TxQWmgAiOMSyZLwOg.8eoe2vD4rnXY9uJSyJMLd5Wu9lXzOXEgx5C', 1, 1492864923, 1493390146966, 'sljdghlshgd@adasd.com', 'lol', 'I\'m a FUSE member!', 'sd=001/0&hr=024/255,234,173&hd=002/255,204,153&ey=001/0&fc=001/255,204,153&bd=001/255,204,153&lh=001/255,204,153&rh=001/255,204,153&ch=001/179,252,255&ls=002/179,252,255&rs=002/179,252,255&lg=002/255,255,255&sh=004/255,255,255', '', 200, 0, 'Male', 'UK', '', '20.01.1992', 0),
(32, 'james', '$2a$10$zSUUskN8a04kIMvw.OYWCOFW6ox4mktaY5sP61hGu4xchf8nb1jqi', 1, 1492915380, 1493488738901, 'lol@lol.com', 'turn UP', '2 turnt[3]', 'sd=001/0&hr=010/120,109,90&hd=002/248,229,218&ey=003/0&fc=001/248,229,218&bd=001/248,229,218&lh=001/248,229,218&rh=001/248,229,218&ch=001/51,51,51&ls=002/51,51,51&rs=002/51,51,51&lg=001/51,51,51&sh=001/255,255,255', '', 188, 0, 'Male', 'UK', '', '01.01.1990', 0),
(33, 'SNuutti', '$2a$10$EtlskYBSYOIIch1l3QxIhuAlUvtSMqH6PEwcR/BnpiYxv/Q6hfzGG', 1, 1492942816, 1493390146966, 'nuutti03.ns@gmail.com', 'idk', 'I\'m a FUSE member!', 'sd=001/0&hr=002/224,186,120&hd=002/255,204,153&ey=001/0&fc=001/255,204,153&bd=001/255,204,153&lh=001/255,204,153&rh=001/255,204,153&ch=001/184,231,55&ls=001/184,231,55&rs=001/184,231,55&lg=001/119,159,187&sh=004/255,255,255', '', 200, 0, 'Male', 'UK', '', '03.05.2003', 0),
(34, 'Ricky', '$2a$10$tzkrowyrRvD2A60D.Ia0xu1FcnVRnjLyoNSu/EorX1/vE7zpcI.BK', 1, 1492949027, 1493410141859, 'rickymenier@live.com', 'Mission Impossible', 'I\'m a FUSE member!', 'sd=001/0&hr=014/50,50,53&hd=001/255,204,153&ey=003/0&fc=001/255,204,153&bd=001/255,204,153&lh=001/255,204,153&rh=001/255,204,153&ch=010/187,36,48&ls=001/187,36,48&rs=001/187,36,48&lg=004/51,51,51&sh=002/255,255,255', '', 200, 0, 'Male', 'UK', '', '14.09.1993', 0),
(35, 'legend', '$2a$10$8U/q0Np5u6WOXtu83n6s1OLqMoMbX2zyrzuqD8zYh1q.dE9dI3MT2', 1, 1492959083, 1493390146966, 'asd123@hotmail.com', '', 'I\'m a FUSE member!', 'sd=001/0&hr=005/223,218,190&hd=002/255,204,153&ey=001/0&fc=001/255,204,153&bd=001/255,204,153&lh=001/255,204,153&rh=001/255,204,153&ch=008/255,237,179&ls=001/255,237,179&rs=001/255,237,179&lg=004/102,102,102&sh=001/175,220,223', '', 210, 0, 'Male', 'UK', '', '13.12.1991', 0),
(36, 'Jonty', '$2a$10$05kQD98ZmOgogpncumpfW.Ck1QsNjEKJkRro7QO4HJaPHIvHGDz4i', 1, 1492959128, 1493390146966, 'jontycat@zaphotel.net', 'RZ', 'I\'m a FUSE member!', 'sd=001/0&hr=024/194,156,87&hd=002/255,204,153&ey=001/0&fc=001/255,204,153&bd=001/255,204,153&lh=001/255,204,153&rh=001/255,204,153&ch=010/51,51,51&ls=001/51,51,51&rs=001/51,51,51&lg=004/255,255,255&sh=002/124,143,125', '', 200, 0, 'Male', 'UK', '', '09.01.1994', 0),
(37, 'Luuis98', '$2a$10$Ex.J6znD3x1AHLrAX.VMyOPw.p.vY7bZJEKGfXOTbQhC51KBlQsuW', 1, 1492962927, 1493390146966, 'asdfasfas@gmail.es', 'Hello everybady', 'I\'m a FUSE member!', 'sd=001/0&hr=004/165,90,24&hd=001/146,99,56&ey=001/0&fc=001/146,99,56&bd=001/146,99,56&lh=001/146,99,56&rh=001/146,99,56&ch=008/51,102,51&ls=001/51,102,51&rs=001/51,102,51&lg=006/152,62,79&sh=004/92,196,69', '', 200, 0, 'Male', 'UK', '', '29.12.1998', 0),
(38, 'Leon', '$2a$10$A6Xv.Ft/wsh501b5q47Mn.BUCKF6rsdAdWacH11BIZNk3iaQ0rlFm', 1, 1492964215, 1493390146966, 'ljph@outlook.com', '', 'I\'m a FUSE member!', 'sd=001/0&hr=021/254,109,109&hd=002/255,204,153&ey=001/0&fc=001/255,204,153&bd=001/255,204,153&lh=001/255,204,153&rh=001/255,204,153&ch=010/76,136,43&ls=001/76,136,43&rs=001/76,136,43&lg=002/255,255,255&sh=002/255,255,255', '', 200, 0, 'Male', 'UK', '', '10.10.1997', 0),
(39, 'Fiooorg', '$2a$10$aLdh51/3W./wHrWyKcDKH.03FN68iKvGm/AFJAdhbsmuK0PyVoUmi', 1, 1492990853, 1493390146966, 'sebbe117@live.se', '', 'I\'m a FUSE member!', 'sd=001/0&hr=016/224,186,120&hd=002/255,204,153&ey=001/0&fc=001/255,204,153&bd=001/255,204,153&lh=001/255,204,153&rh=001/255,204,153&ch=010/51,51,51&ls=001/51,51,51&rs=001/51,51,51&lg=006/54,94,138&sh=001/255,255,255', '', 200, 0, 'Male', 'UK', '', '21.08.1997', 0),
(40, 'Bjork', '$2a$10$RT3bZN6jdyjJEvlF18jHuOQH9PwK4kFIkReeZnRiePbNRcSJ1wXv2', 1, 1492996034, 1493390146966, 'dsqd@qsdqsd.fr', 'Hey!', 'I\'m a FUSE member!', 'sd=001/0&hr=010/224,186,120&hd=002/255,204,153&ey=003/0&fc=001/255,204,153&bd=001/255,204,153&lh=001/255,204,153&rh=001/255,204,153&ch=010/51,51,51&ls=001/51,51,51&rs=001/51,51,51&lg=004/152,62,79&sh=004/255,255,255', '', 200, 0, 'Male', 'UK', '', '01.01.1989', 0),
(41, 'Pepijn', '$2a$10$IjpB97MpPQYwfAeQ.7XvhOgMXjHMrGOHFtT2piCEologe99Ary8o6', 1, 1493022600, 1493390146966, 'trfcvbH@7tfcvb.cc', 'asdfgh', 'I\'m a FUSE member!', 'sd=001/0&hr=007/255,255,255&hd=001/255,204,153&ey=003/0&fc=001/255,204,153&bd=001/255,204,153&lh=001/255,204,153&rh=001/255,204,153&ch=010/255,255,102&ls=001/255,255,102&rs=001/255,255,102&lg=002/198,179,214&sh=001/175,220,223', '', 200, 0, 'Male', 'UK', '', '22.04.1990', 0),
(42, 'Mink', '$2a$10$RLYn.MYjDBrdiZkATldkQ.90owRO.JhUw27Z04whhO1TrImE5OjT2', 1, 1493024027, 1493390146966, 'appalled@outlook.com', 'test', 'I\'m a FUSE member!', 'sd=001/0&hr=023/224,186,120&hd=002/255,204,153&ey=001/0&fc=001/255,204,153&bd=001/255,204,153&lh=001/255,204,153&rh=001/255,204,153&ch=010/255,210,179&ls=001/255,210,179&rs=001/255,210,179&lg=004/214,140,140&sh=001/255,255,255', '', 200, 0, 'Male', 'UK', '', '01.01.1901', 0),
(43, 'Yordi', '$2a$10$o33NJ5PbTYuUZQuR5OWIOO.EHVWA5hocBaHtsT6GKTFspngXg/D/e', 1, 1493024227, 1493390146966, 'yiukjghuiok@Lol.com', 'Hey', 'I\'m a FUSE member!', 'sd=001/0&hr=001/255,255,255&hd=002/255,204,153&ey=001/0&fc=001/255,204,153&bd=001/255,204,153&lh=001/255,204,153&rh=001/255,204,153&ch=001/232,177,55&ls=001/232,177,55&rs=001/232,177,55&lg=001/119,159,187&sh=001/175,220,223', '', 200, 0, 'Male', 'UK', '', '01.01.1990', 0),
(44, 'DeathMaster', '$2a$10$WmAdkwOXZR/AGgxNCC3Rd.HlXxLQ2aap8v8qjec9mVZum7JFt0xHa', 1, 1493102776, 1493390146966, 'nuneztaboada@gmail.com', '', 'I\'m a FUSE member!', 'sd=001/0&hr=014/234,89,89&hd=001/169,124,68&ey=001/0&fc=001/169,124,68&bd=001/169,124,68&lh=001/169,124,68&rh=001/169,124,68&ch=010/255,255,102&ls=001/255,255,102&rs=001/255,255,102&lg=002/255,255,255&sh=001/175,220,223', '', 200, 0, 'Male', 'UK', '', '19.12.1995', 0),
(45, 'mrSHIT', '$2a$10$cmkhpGTrnLUYQpdIp66nAOmEEXSphyJgDoRKRHAtmz37Q.e/bobRC', 1, 1493160948, 1493390146966, 'lol@lol.com', 'lol', 'I\'m a FUSE member!', 'sd=001/0&hr=001/255,255,255&hd=002/255,204,153&ey=001/0&fc=001/255,204,153&bd=001/255,204,153&lh=001/255,204,153&rh=001/255,204,153&ch=001/232,177,55&ls=001/232,177,55&rs=001/232,177,55&lg=001/119,159,187&sh=001/175,220,223', '', 200, 0, 'Male', 'UK', '', '01.01.1990', 0),
(46, 'Location', '$2a$10$/D4iEP0/kR.ICySroj49LeiX2em3FVr.cUXOhH01gjYMqy06nW0hu', 1, 1493259768, 1493390146966, 'o@o.com', '', 'I\'m a FUSE member!', 'sd=001/0&hr=001/255,255,255&hd=002/255,204,153&ey=001/0&fc=001/255,204,153&bd=001/255,204,153&lh=001/255,204,153&rh=001/255,204,153&ch=001/232,177,55&ls=001/232,177,55&rs=001/232,177,55&lg=001/119,159,187&sh=001/175,220,223', '', 200, 0, 'Male', 'UK', '', '01.01.1990', 0),
(47, 'Unicornflakes', '$2a$10$dSfR7QkswrV2yFzDfzgaPu/eHOSRzRPT9j9DbD.rG8aqDP.2FqXdO', 1, 1493316546, 1493390146966, 'my@email.com', 'My Mission', 'I\'m a FUSE member!', 'sd=001/0&hr=001/255,255,255&hd=002/255,204,153&ey=001/0&fc=001/255,204,153&bd=001/255,204,153&lh=001/255,204,153&rh=001/255,204,153&ch=001/232,177,55&ls=001/232,177,55&rs=001/232,177,55&lg=001/119,159,187&sh=001/175,220,223', '', 200, 0, 'Male', 'UK', '', '21.05.1990', 0),
(48, 'spreed', '$2a$10$HZMW2apU5Y5a3375QVzraOTMwXiqPhrLQEPZxlukAK5t1MOfX2f4C', 1, 1493402268986, 1493402738736, 'spreed.spreed@spreed.com', 'To see alex progress!', 'I\'m a FUSE member!', 'sd=001/0&hr=001/255,255,255&hd=002/255,204,153&ey=001/0&fc=001/255,204,153&bd=001/255,204,153&lh=001/255,204,153&rh=001/255,204,153&ch=001/232,177,55&ls=001/232,177,55&rs=001/232,177,55&lg=001/119,159,187&sh=001/175,220,223', '', 230, 0, 'Male', 'UK', '', '01.29.1996', 0);

-- --------------------------------------------------------

--
-- Table structure for table `users_permissions`
--

CREATE TABLE `users_permissions` (
  `id` int(11) NOT NULL,
  `rank` int(11) NOT NULL,
  `permission` varchar(50) NOT NULL
) ENGINE=InnoDB DEFAULT CHARSET=latin1;

--
-- Dumping data for table `users_permissions`
--

INSERT INTO `users_permissions` (`id`, `rank`, `permission`) VALUES
(1, 2, 'room_all_rights'),
(2, 2, 'room_kick_any_user');

--
-- Indexes for dumped tables
--

--
-- Indexes for table `catalogue`
--
ALTER TABLE `catalogue`
  ADD UNIQUE KEY `call_id` (`call_id`),
  ADD KEY `id` (`id`);

--
-- Indexes for table `catalogue_deals`
--
ALTER TABLE `catalogue_deals`
  ADD PRIMARY KEY (`id`);

--
-- Indexes for table `items`
--
ALTER TABLE `items`
  ADD PRIMARY KEY (`id`);

--
-- Indexes for table `item_definitions`
--
ALTER TABLE `item_definitions`
  ADD PRIMARY KEY (`id`);

--
-- Indexes for table `messenger_friendships`
--
ALTER TABLE `messenger_friendships`
  ADD PRIMARY KEY (`id`);

--
-- Indexes for table `messenger_messages`
--
ALTER TABLE `messenger_messages`
  ADD PRIMARY KEY (`id`);

--
-- Indexes for table `messenger_requests`
--
ALTER TABLE `messenger_requests`
  ADD PRIMARY KEY (`id`);

--
-- Indexes for table `rooms`
--
ALTER TABLE `rooms`
  ADD PRIMARY KEY (`id`);

--
-- Indexes for table `room_bots`
--
ALTER TABLE `room_bots`
  ADD PRIMARY KEY (`id`),
  ADD UNIQUE KEY `id` (`id`);

--
-- Indexes for table `room_chatlogs`
--
ALTER TABLE `room_chatlogs`
  ADD PRIMARY KEY (`id`);

--
-- Indexes for table `room_models`
--
ALTER TABLE `room_models`
  ADD PRIMARY KEY (`id`);

--
-- Indexes for table `room_public_connections`
--
ALTER TABLE `room_public_connections`
  ADD PRIMARY KEY (`id`);

--
-- Indexes for table `room_public_items`
--
ALTER TABLE `room_public_items`
  ADD PRIMARY KEY (`id`),
  ADD KEY `uni` (`id`);

--
-- Indexes for table `room_rights`
--
ALTER TABLE `room_rights`
  ADD PRIMARY KEY (`id`);

--
-- Indexes for table `users`
--
ALTER TABLE `users`
  ADD PRIMARY KEY (`id`);

--
-- Indexes for table `users_permissions`
--
ALTER TABLE `users_permissions`
  ADD PRIMARY KEY (`id`);

--
-- AUTO_INCREMENT for dumped tables
--

--
-- AUTO_INCREMENT for table `catalogue`
--
ALTER TABLE `catalogue`
  MODIFY `id` bigint(20) NOT NULL AUTO_INCREMENT, AUTO_INCREMENT=115;
--
-- AUTO_INCREMENT for table `catalogue_deals`
--
ALTER TABLE `catalogue_deals`
  MODIFY `id` int(11) NOT NULL AUTO_INCREMENT, AUTO_INCREMENT=7;
--
-- AUTO_INCREMENT for table `items`
--
ALTER TABLE `items`
  MODIFY `id` int(11) NOT NULL AUTO_INCREMENT, AUTO_INCREMENT=591;
--
-- AUTO_INCREMENT for table `item_definitions`
--
ALTER TABLE `item_definitions`
  MODIFY `id` int(10) NOT NULL AUTO_INCREMENT, AUTO_INCREMENT=2640;
--
-- AUTO_INCREMENT for table `messenger_friendships`
--
ALTER TABLE `messenger_friendships`
  MODIFY `id` int(11) NOT NULL AUTO_INCREMENT, AUTO_INCREMENT=19;
--
-- AUTO_INCREMENT for table `messenger_messages`
--
ALTER TABLE `messenger_messages`
  MODIFY `id` int(11) NOT NULL AUTO_INCREMENT, AUTO_INCREMENT=44;
--
-- AUTO_INCREMENT for table `messenger_requests`
--
ALTER TABLE `messenger_requests`
  MODIFY `id` int(11) NOT NULL AUTO_INCREMENT, AUTO_INCREMENT=19;
--
-- AUTO_INCREMENT for table `rooms`
--
ALTER TABLE `rooms`
  MODIFY `id` int(100) NOT NULL AUTO_INCREMENT, AUTO_INCREMENT=72;
--
-- AUTO_INCREMENT for table `room_bots`
--
ALTER TABLE `room_bots`
  MODIFY `id` int(11) NOT NULL AUTO_INCREMENT, AUTO_INCREMENT=5;
--
-- AUTO_INCREMENT for table `room_chatlogs`
--
ALTER TABLE `room_chatlogs`
  MODIFY `id` int(11) NOT NULL AUTO_INCREMENT, AUTO_INCREMENT=866;
--
-- AUTO_INCREMENT for table `room_public_connections`
--
ALTER TABLE `room_public_connections`
  MODIFY `id` int(11) NOT NULL AUTO_INCREMENT, AUTO_INCREMENT=15;
--
-- AUTO_INCREMENT for table `room_public_items`
--
ALTER TABLE `room_public_items`
  MODIFY `id` int(10) NOT NULL AUTO_INCREMENT, AUTO_INCREMENT=1048;
--
-- AUTO_INCREMENT for table `room_rights`
--
ALTER TABLE `room_rights`
  MODIFY `id` int(11) NOT NULL AUTO_INCREMENT, AUTO_INCREMENT=8;
--
-- AUTO_INCREMENT for table `users`
--
ALTER TABLE `users`
  MODIFY `id` int(11) NOT NULL AUTO_INCREMENT, AUTO_INCREMENT=49;
--
-- AUTO_INCREMENT for table `users_permissions`
--
ALTER TABLE `users_permissions`
  MODIFY `id` int(11) NOT NULL AUTO_INCREMENT, AUTO_INCREMENT=3;
/*!40101 SET CHARACTER_SET_CLIENT=@OLD_CHARACTER_SET_CLIENT */;
/*!40101 SET CHARACTER_SET_RESULTS=@OLD_CHARACTER_SET_RESULTS */;
/*!40101 SET COLLATION_CONNECTION=@OLD_COLLATION_CONNECTION */;
